9.435990826063945e-01,-2.655494922387096e+00,7.219370424360325e-01
8.531782424583145e-01,-1.733873197382057e+00,-2.476641906089578e+00
6.583895591724373e+00,-2.182133795793211e+00,4.404754337394090e-01
3.853348013536074e+00,9.013878556223869e-01,5.547867773499022e-01
8.714789419851126e+00,3.856202642547453e+00,2.537756618018977e+00
5.164051378735292e+00,1.369778410723894e+00,7.940475732038368e-01
2.953432211722827e+00,-2.584734410456409e+00,3.051038387171708e+00
7.208888879621948e+00,3.637528500700846e+00,-2.946860530673951e+00
6.240167915856997e+00,1.320457891475133e+00,1.282688006286087e+00
7.995946208292034e+00,-2.810378750120984e+00,-2.975213416233943e+00
6.435882763418849e+00,-1.383334628334968e+00,1.441221827098779e+00
1.670134170989203e+00,2.899648067397825e+00,-7.172242883468281e-01
6.703100376670660e+00,2.389311814871142e+00,6.993673160897114e-01
3.915491976158103e+00,7.658236950564259e-01,-1.196707587031654e+00
4.631430302575681e+00,-3.552324972594382e+00,-2.141906209287636e+00
9.215645757373448e+00,3.032892973145042e+00,1.404370569629291e+00
3.599640462977471e+00,-1.924574714472519e+00,2.542304828298426e+00
6.119591429908388e+00,2.715979389991624e+00,-1.988110140677610e+00
3.634817334122395e+00,1.475663657622588e+00,2.643354915848819e+00
9.472748535779174e-01,-2.358297183564818e+00,-2.260802484706359e+00
4.535253420483006e+00,-2.876307718673433e+00,1.480707277897496e+00
5.970615044596519e+00,-3.690900767422812e+00,2.886779067325131e+00
4.075032920375987e+00,-2.580537634118842e+00,-2.215634094632900e+00
3.906661846781843e+00,-3.421709775508600e+00,-4.078412645164780e-01
8.203785138943969e+00,1.170512477877513e+00,-1.021284758637683e+00
2.968517228947021e-01,9.878311897725354e-01,-7.007149614668857e-01
2.955853967401199e+00,8.617206013279723e-01,1.590523889576052e+00
8.117572653772116e+00,1.418898092248384e+00,1.012779932713052e+00
9.205301486111638e+00,3.147845339645663e+00,2.944847048779387e+00
4.122995858408283e+00,4.135527115498034e+00,-1.976190563317754e+00
8.887942431960763e+00,-2.696244620982378e+00,2.718160585241862e-01
1.989301221250327e+00,8.777449016892565e-01,-3.196498556227620e-01
2.214270678601726e+00,-4.216637787527286e+00,2.631750549424683e+00
8.461913765848035e+00,-3.798575616444049e+00,-3.074870048117034e+00
9.032577413406182e+00,1.543393129613905e+00,3.073548274806956e+00
2.228057679626675e+00,-1.341943830954921e-01,-1.273330581744476e-01
5.932418996861111e-01,2.583320868344337e+00,7.887888669666481e-01
9.032413705528775e-01,-7.432251900942868e-01,-8.793157251388637e-01
2.613808353763632e+00,-3.724015931670619e+00,2.214990391419709e+00
7.614490771467949e+00,3.720536538308254e+00,3.894817459900768e-01
5.099918277962828e+00,-4.171115288546777e+00,1.022971282492675e+00
4.555888422427696e+00,-3.110353574646179e+00,9.355958738567081e-01
5.841399311660009e+00,-2.230231340381490e+00,-8.546254201085755e-01
8.902231134621863e+00,4.952806070654267e+00,-2.664127145259719e+00
9.043037956565758e-01,-8.314017982401616e-01,1.933375238721815e+00
6.947241276365813e+00,1.708530478114945e-02,-1.321253846914861e+00
9.267908456554052e+00,2.696967509738685e+00,2.192393284801929e+00
2.133500417584000e+00,1.364155853388137e+00,6.826241565623028e-01
8.377723159618345e+00,3.414206919413335e+00,-9.192051409804551e-01
6.980247107595022e+00,-1.356654141210623e-01,5.921723016746321e-01
1.446853607314469e-01,4.721776874932219e+00,9.141575469473846e-01
2.316116803621282e+00,2.968123615863080e+00,1.298630150867098e+00
6.058447608958808e+00,-9.863461168673480e-01,2.025310230678508e+00
5.024003394912117e+00,-1.187281770547520e+00,-2.137822747896428e+00
5.279362525268660e+00,4.294911920442178e+00,2.790641472644489e+00
2.319304246068227e+00,1.844156358147172e+00,-5.602049414262233e-01
6.750034707086266e+00,1.214336345256386e+00,2.264776018726952e+00
2.664183709367769e+00,2.578306374338108e+00,-1.756278499442025e+00
3.894349664784539e+00,6.083382811171143e-01,-2.959198241950605e+00
3.689159158800762e+00,-3.408332269142733e+00,4.608342172602344e-01
6.720250221198985e+00,-1.807845379215689e+00,-1.101654259185178e+00
9.025276168321739e-01,5.794486370896976e-01,3.043964551375719e+00
2.055419010401852e+00,-4.818321790728330e+00,-2.485292241637951e+00
2.004970706850679e+00,-6.264929503677221e-01,-2.844379980928981e+00
1.084246741157101e+00,2.558028792759367e+00,-2.858737357495470e+00
2.075949788364591e+00,-3.357659954837277e+00,-1.778935038245904e+00
6.070602679233543e+00,-4.354410498430942e+00,4.975724588058430e-01
7.321681708741882e+00,3.360291407276986e+00,3.495570754267741e-02
6.603034469691227e+00,1.172738684633620e+00,-9.420015002604911e-01
4.751881379808824e+00,-3.234210275105360e+00,-2.583689105689050e+00
5.243457109606364e-01,3.063049805831936e+00,-1.672979173835287e+00
9.590070106867751e+00,1.581294714872124e+00,-1.984562521774213e+00
1.680764608374919e+00,-1.658807303515618e+00,1.543570261680164e+00
6.684213704056709e+00,-1.238037280382608e+00,1.758955000471926e+00
9.128906154821109e+00,-3.441118368129517e+00,1.740530376752879e+00
6.977770959809886e+00,3.352555942087402e+00,2.947068657134493e+00
2.180496401889502e+00,9.006651643742014e-02,2.414238218866848e+00
3.157962987640230e+00,5.701907664366059e-01,-1.379318027356291e-02
3.020586701109518e-01,3.834919151977477e+00,-5.344727435937653e-01
6.127582408421135e+00,-4.841693835469060e+00,2.612350641659925e+00
6.129929808815666e+00,-4.330769374767080e+00,6.988488694562616e-01
7.255005813763793e+00,-3.384210181401850e+00,-1.291831274481318e+00
1.099628927562135e-01,-4.699621869118545e+00,4.050394317815571e-01
8.178412888244665e+00,1.581561566243995e+00,3.092266021621216e+00
7.387109574003081e+00,1.338794681883208e+00,2.195785147248489e+00
1.408866095240888e+00,-2.891980970710144e+00,-1.374260074436835e+00
3.476266092689786e+00,-3.505935551133053e+00,2.845996593745022e+00
6.385248929042167e+00,-3.543152986133933e+00,3.025115664809241e+00
4.957968749403278e+00,4.532414133186423e+00,-1.689127810685477e+00
1.150942639012624e+00,1.935045286247416e+00,2.485578586603673e+00
8.734537513658991e-01,8.542882846507922e-01,2.407733685516589e+00
7.814562991080916e+00,-1.775131281949057e+00,-2.891813586337781e+00
1.559671180178098e+00,-6.695680209121040e-01,1.066188644632352e+00
1.720926739304436e+00,-4.105941188007924e+00,-1.223457362907042e+00
8.309231253567576e+00,4.981518880550015e+00,1.097123489221791e+00
6.121396345632171e+00,2.550854635716347e+00,2.598465910992513e+00
6.047156081539724e+00,1.214531568282279e+00,-7.670211095967439e-03
4.793457713633400e+00,8.776719522788223e-01,-5.377600440718302e-01
5.689950144022910e+00,4.314372033172553e-02,2.648559089641514e+00
6.017696903718111e+00,-2.425725723253041e+00,2.978951885049407e+00
9.678262348435803e+00,-2.736095965402663e+00,-2.750550273222959e+00
2.229733074675793e+00,4.953245718922439e-01,2.656832775241273e+00
2.145624197004591e+00,-4.297991854420483e+00,-2.621542619868260e+00
5.721848770531568e-01,-4.255292011314643e+00,-1.022360873343784e+00
6.581987988093223e+00,6.081360316035012e-01,1.649801868099803e+00
5.490421808222619e+00,4.198120482102393e+00,1.740674694468869e+00
1.112392038466398e+00,4.142718511298545e+00,1.418880785554852e+00
3.645389351181873e+00,-4.891716993392077e+00,-2.895841643277251e+00
1.786632053312038e+00,-3.926057843525502e+00,-2.306142334291075e+00
3.314817404008616e+00,8.307769375869505e-01,2.740829092363654e+00
9.512641693946101e+00,3.484757218061642e+00,-2.629755654918283e+00
6.833188388805289e+00,4.544490866568287e+00,-2.648074102125359e+00
7.569100795141948e-02,3.605822260457792e+00,2.108925624534764e+00
2.525080737841237e+00,1.776131352964558e+00,8.875989050576951e-01
1.036154707777903e-01,-2.994749224107642e+00,-9.320724903226369e-01
7.148684987686807e+00,-4.273785260210376e+00,-2.100402955975778e+00
4.694218020554784e+00,-4.524842173143552e+00,2.413813937723547e+00
9.940186918143892e+00,1.120767846254114e+00,3.069573260733930e+00
7.335832610226582e+00,-4.638113959846422e+00,-2.827611023663441e+00
5.179129427078819e+00,2.392399564655507e+00,3.400044072709507e-01
8.047054282081351e+00,2.124707373509692e+00,-1.499773808196222e+00
7.048036512340761e+00,-4.203891752233211e+00,2.088448068859448e+00
2.437761776359872e+00,4.066223650367945e+00,-9.671512881401214e-01
5.302582748275166e+00,2.192928862530232e-01,1.348555596306009e+00
5.559987248340708e+00,4.044385673377317e+00,2.483329814233697e-01
4.512316986078035e+00,4.016100561883221e+00,2.608991011419284e-01
1.791926228553620e+00,-3.029659361128817e+00,2.249376765971474e+00
2.233690516578870e+00,-1.194223720637152e+00,-1.859544761883232e-01
2.810474009559616e+00,-3.653736664961837e+00,2.171465915104711e+00
1.025514937816374e-01,2.749780101363207e+00,-8.581145474292171e-01
9.169438921695093e+00,4.124915537862517e-02,-2.043399037552457e+00
6.860959915834789e+00,4.288075753949819e+00,-2.797438865450617e-01
6.896173157844708e+00,-2.917847851237227e+00,-1.033093029368537e-02
5.723306138091213e+00,1.883676615192260e+00,-1.358223749904335e-01
6.893108081610592e+00,4.892368277727089e+00,1.937297113676537e+00
9.818625498736363e+00,1.653812618209914e+00,4.063897746660108e-01
3.851603376344933e+00,-4.312260671692874e+00,2.440666084335923e+00
7.125255868765637e+00,8.842434969519051e-01,8.913009323091847e-02
3.595290043775282e+00,-3.201572503187633e+00,-1.729666146523941e+00
8.542887987468259e+00,-4.694972225806846e+00,-2.327946292709991e+00
8.580286068900350e+00,-1.650393026947858e+00,2.314491864270467e+00
9.022664254234851e+00,-2.338959169459343e+00,-2.788648548864263e+00
5.463324241878342e-02,2.887708988157542e+00,-2.402629667992450e+00
2.981914449960948e+00,-1.263194589218996e+00,-2.741614382849657e+00
1.339243512015961e+00,2.329587803851965e+00,-4.791921717074423e-01
4.539861978901568e+00,-4.837610080506686e+00,2.049299617088320e-01
4.954496426792979e+00,-4.851878665666089e+00,-3.016716035644442e+00
2.559040428296555e+00,-4.706865424524429e+00,9.793077480857715e-02
7.234464920450704e+00,-2.806415582174195e+00,-6.675289290137294e-01
2.697697171889693e+00,-1.260122149714383e+00,1.719363389787376e+00
8.538913752833587e+00,1.078458031168545e+00,2.073178597762482e+00
1.776593681417868e+00,4.859138858269729e+00,1.162184678608480e+00
3.672352947652836e+00,-1.455904329856674e+00,-1.665324630732488e-01
6.222377584243050e+00,-4.443410932428337e+00,-1.783490977054463e+00
6.053350704632533e+00,-3.050998383341513e+00,2.180987034139037e+00
7.802911200514351e-01,3.978518338148621e+00,-9.948221329460289e-01
8.462586121909482e+00,1.993791901477088e+00,-9.029447028992017e-01
5.980649334297752e+00,2.902008240385598e+00,2.613877640902687e+00
8.698595487071684e+00,-3.758317943272074e+00,2.988265688507741e+00
8.676355782278685e+00,-3.650130112924921e+00,2.501530575488473e+00
5.459186903750311e+00,-3.877539924551040e+00,3.130501094605668e+00
9.107814573114378e+00,3.571691643095249e+00,2.317922627690370e+00
8.484077988134560e+00,-2.900323913063956e+00,1.284016152122192e+00
9.581229445617710e+00,1.431517453797216e+00,-1.295470919237987e+00
8.504983985594063e+00,1.616636618325904e-01,2.846013074431127e+00
8.212038510011494e+00,4.438991187385364e-01,2.366416174685137e+00
4.693604806769115e+00,-3.045646416087318e+00,-1.628935944733147e+00
2.120310603779277e+00,1.352460934539895e+00,-6.809418889311880e-02
9.107087330754860e+00,-4.568994655416688e+00,-2.701419956062577e+00
7.225491864460757e+00,4.934722762576287e+00,2.848223589294858e+00
2.817478641985203e+00,-4.732410935072710e+00,4.572168875674807e-01
3.409957227556425e+00,-4.498434592841378e+00,-1.600952186101531e+00
6.860785118572206e+00,-1.753525801083187e+00,-1.304393582398861e+00
4.778173083536709e+00,3.316253557695383e+00,3.020053058310170e+00
8.148256184636826e-01,-2.428107882232571e+00,7.264260195641081e-01
1.414479457456570e+00,-2.806498620867179e-01,-4.983626292260306e-01
7.456486835123112e+00,-4.820226688238071e+00,-9.709922385048309e-04
3.285695284818309e+00,-4.211206835163558e+00,-2.522384286806985e+00
5.076494284020391e+00,1.079660485407071e+00,-2.670210749795839e+00
7.666214782535258e+00,-3.056415305505714e+00,5.824999305667551e-01
7.511755937060524e+00,1.942545630195253e+00,7.542358538864447e-02
1.670150268872739e+00,2.853911750171772e+00,-8.849665989653528e-01
9.839386439903530e-01,3.503341994722833e+00,4.154062150189746e-01
5.911522929650900e+00,-3.662006620006774e+00,-2.684956195900826e+00
7.416328739312395e+00,-4.449145096807507e-01,2.789678804856145e+00
1.490399219954104e+00,4.470814499038458e+00,-1.296147692357053e+00
3.719552873272748e+00,2.720835424443077e+00,-2.690593210672370e+00
8.702779959676407e+00,-3.830396181538517e+00,-2.076565898648019e+00
9.442231415603210e+00,2.500245018394320e-02,-2.541712356894323e+00
4.540697609496843e+00,4.223805818388387e+00,-2.019387456000952e+00
7.951593403083301e-01,-5.996119447681414e-01,-5.230496995957097e-01
2.576964562023774e+00,3.374176088409689e+00,1.495717879136630e+00
2.329699203155330e+00,-4.156278811442782e-02,-1.430377518425646e+00
2.389637205410570e+00,-3.931883227542463e+00,-4.025849075976260e-01
4.938817053792500e+00,-3.521450739404926e+00,2.693961491605534e+00
5.832256516915711e+00,-4.533242471918203e+00,-1.282889847512515e+00
1.225095886799353e+00,-3.046852594244355e+00,1.851778823448417e+00
8.893560065283344e+00,3.936140998704342e+00,-2.149999999183554e+00
6.199738232811148e+00,1.501980459432567e+00,-2.021164077555649e+00
5.972517302680053e+00,2.388569348829110e+00,-2.754996211359719e-01
9.872789983842841e+00,1.216614583933278e+00,-1.670684833081719e+00
6.281439774931253e+00,-1.134607078616523e+00,2.532300071644986e+00
9.289591493011850e+00,-2.831388672039984e+00,-2.822706603697057e+00
2.862569723597917e+00,4.256145840098307e+00,6.111815583866274e-01
2.401294903464976e+00,1.482978155802153e-01,6.548926104628636e-01
5.165186868244531e+00,-1.890011879206064e-01,-2.726739515906695e+00
5.086089476366661e+00,4.961040885935457e+00,1.461244057852540e+00
2.264836494838969e+00,-1.160700116115234e+00,-1.954224913381770e-01
6.996556568999477e+00,3.541253148922390e+00,1.401611342765565e+00
2.963381923669328e-01,3.623440603168561e+00,2.054130268177124e+00
6.906304725494526e+00,-2.673297896422044e+00,-1.112756189464056e+00
4.571778861233001e+00,-4.051603076498379e+00,-9.747807239360817e-02
6.890075108450791e+00,4.756201157158642e+00,-1.503184353462732e+00
4.770806306415190e+00,-7.410313586443307e-01,-1.875446220387388e+00
9.773337828846950e+00,-4.977796779898044e+00,-3.137855678594841e+00
3.346849511031178e+00,-9.821661710414098e-03,2.913082704645489e+00
9.825729370023883e+00,1.193003637474503e+00,-3.711573735805627e-01
6.497394247897537e-01,2.760882474480342e+00,-3.059472847538104e+00
6.837607747575566e+00,4.429421182236386e+00,-3.085429914347148e+00
4.542192067849121e+00,4.151706289454630e+00,-1.329820031581430e+00
8.221376255297002e+00,4.401358200548685e+00,-3.054019635502187e+00
7.896160697169980e+00,-4.678748517405272e+00,-7.884479105936220e-01
8.002101828759374e+00,2.117741338304677e+00,-2.746138386092695e+00
9.473859930251971e-01,-2.741420371943134e+00,-2.894967632790747e+00
8.223656998612947e+00,-3.124473127943460e+00,1.064254686558808e+00
2.140401574437609e+00,3.003185685992504e+00,2.556259212181530e+00
2.568026385903477e-01,-8.287031082712017e-01,-5.693408884284601e-01
2.177387196844114e+00,4.166000757823358e+00,2.115991019402287e+00
4.792851046998328e+00,-4.575649092042934e+00,-2.957712338173832e+00
7.421113599114321e+00,3.021808294871631e+00,1.744778079621727e+00
2.186324808328537e+00,-3.631655887174043e+00,-2.747008664535614e+00
1.130075480902714e+00,-3.234227984350155e+00,2.126477611203934e+00
6.459672550239422e+00,-2.264828447550107e-01,2.402478600060115e+00
9.838980363600175e+00,-1.044100591272005e+00,1.796826644694248e+00
6.008703020856181e+00,-1.382769387132896e-01,2.015325557473198e+00
6.910573641234218e+00,4.400265220310551e+00,3.863189237975351e-01
5.611674437464201e+00,1.573889355635732e+00,-1.477271474261366e+00
7.823484442285039e+00,-2.096906181579994e+00,8.999469314519857e-01
9.758044202094448e+00,-3.270912876821550e+00,-3.798710222197133e-01
5.441292294041848e+00,-7.995372486906636e-01,-3.108062052432374e+00
4.167905117427258e+00,-4.835897273226237e-01,-1.456083808329112e-01
8.603430611601265e+00,1.012944098995162e+00,9.499417461589639e-01
9.697283437599900e+00,-2.339972964602320e+00,-3.054359047007405e+00
1.291816408695680e+00,2.675092470968168e+00,7.625294807091523e-01
5.781709654738779e+00,-4.015397545206184e+00,9.583862320178458e-01
7.924599925459974e+00,6.045336360065443e-01,-2.148173441045410e+00
5.333394051563908e+00,1.235316532441113e+00,-4.330736671099999e-01
4.091969681929487e+00,-2.931684189348547e+00,2.917487775551081e+00
6.552298211354206e+00,3.260113504996211e+00,2.413932111288264e+00
2.701280945133483e+00,1.154321252076775e+00,-5.603255256122077e-01
3.491337429383694e+00,1.457222146479729e+00,-9.434437225688077e-01
9.922766588813447e+00,-2.256494236561490e-02,-2.361970741971174e+00
6.364653343744954e+00,4.095942171763385e+00,-2.920493114633961e+00
8.729272983110747e+00,1.939275814876245e+00,-1.272578900932893e+00
8.077685130371435e+00,-1.181644351042375e+00,2.766381857382970e+00
6.522725543940241e+00,-2.613941122159138e+00,2.881553299094619e+00
8.407290824587733e+00,-4.289383251765128e+00,1.963616928918312e+00
2.871584954335709e+00,-3.346391628196405e+00,-9.372953398877937e-01
6.371164488122983e+00,4.926829520836598e+00,-2.239161160782297e+00
5.906034895239809e+00,-9.323310400835982e-01,6.002545302694036e-01
6.224196007933448e+00,3.986872272774066e+00,9.205181087061183e-01
1.686319271467752e+00,-3.294306431147356e+00,-4.739182414890188e-01
2.772430399980684e+00,-7.463912865915034e-01,1.204152330022098e+00
2.866583187925391e+00,4.605184670334486e+00,1.549947999474338e+00
6.019461625727632e+00,-4.088677485807001e+00,1.778528885598869e+00
9.725468804397861e+00,9.398428381250277e-01,1.443945951575198e-02
9.540675511821481e+00,4.191719006963021e+00,1.832433048537747e+00
2.271895529896966e+00,4.496833729542507e+00,-2.981519546374098e+00
3.048452430667725e+00,3.460074771117757e+00,1.133514066444703e+00
3.606189227916712e-01,3.559344323601493e+00,-1.661060836777632e+00
3.988155898593941e+00,1.521829541174656e+00,-1.441863531563994e+00
8.346741216803636e+00,-2.795768919050075e+00,-2.567927112117951e+00
9.157517389861400e+00,2.306785444849197e+00,-1.932756409766107e+00
2.364964795679436e+00,4.783844644587232e+00,3.091378900609575e+00
2.657944734888392e+00,2.593351467281080e-01,-5.316194884859553e-01
2.208498165087537e+00,-2.393026409230989e+00,2.687729267960567e+00
3.501035675745787e+00,7.347106776499777e-01,-2.118064731502318e+00
8.047593985905447e+00,1.906103562406164e+00,-1.859453135116296e+00
6.468574698844601e+00,-2.917196905755869e+00,3.632520152496306e-01
7.859409178637000e+00,2.191893476094226e+00,-9.454149283571942e-01
5.830311063353061e+00,8.743285888439187e-01,9.042459239968448e-01
2.577330780591468e+00,1.123499091480522e+00,-4.897958100777284e-01
2.279941802125442e+00,-1.940120702601659e+00,1.957823184200739e+00
9.000705863749792e-02,-3.447331898887989e+00,-4.300270384275704e-01
7.809821368740725e+00,1.234498953056570e+00,4.545833200825555e-01
8.471212261647178e+00,8.623298915257180e-01,-1.124230240671568e+00
7.682825996284163e+00,-1.619878122861951e+00,1.282027334336965e+00
7.440205772849073e-01,-2.041063324541128e+00,9.722237082914305e-01
7.622216271698660e+00,-1.527555383377159e+00,-6.471615975287124e-01
4.576745315026931e-01,-1.011666150117989e-01,-1.407231801026032e+00
1.055930657063912e+00,4.748197351111612e+00,7.169389313558150e-01
4.404753729326672e+00,2.635646220262063e+00,2.784403931175006e+00
4.761470089248401e+00,3.517397391654884e+00,-2.308171953925982e+00
8.161186366186964e+00,5.649568903531055e-02,1.879405141522070e+00
6.795268920409105e+00,2.612361177877700e-01,2.701252752373979e-01
1.533201786312163e+00,-2.956753385629724e+00,1.605963011723808e-01
2.261467832288013e+00,2.210458363010783e+00,2.900847052607125e+00
2.856751882586868e+00,-7.841599420936385e-01,6.652309724833687e-01
1.236726374548583e+00,2.424468588177112e+00,2.076704759070402e+00
2.876448863592307e+00,-9.094461868737458e-01,9.096323742415890e-02
7.285981555397330e+00,-3.914828127860919e+00,-1.571717647503271e+00
2.414014701072830e+00,-3.269463122141165e+00,1.222018416014963e+00
8.353596470603865e+00,3.115700780746833e+00,2.658898908340305e+00
4.695169951252078e+00,-2.413835104410675e+00,2.144011923104713e+00
3.229357612443888e+00,-2.356455774329307e+00,-1.895237357382936e+00
4.124181045488731e+00,4.293680900023313e+00,-1.150519596693408e+00
7.094967405934915e+00,1.576356228668495e+00,1.060644026867004e-01
5.167927032459902e+00,-3.856924461156437e+00,4.498967725728873e-01
7.278663975058053e-02,-3.564147298680658e+00,-1.923822657299946e+00
9.223238465850750e+00,-2.276325672797206e+00,-1.696382498336516e+00
6.599600300185171e-01,9.399568782663277e-01,1.626283570005040e+00
9.386213488143857e+00,2.528254699056728e+00,1.447127008690885e+00
2.815282362005467e-01,-2.255035565468030e+00,2.131311840142052e+00
7.709793349574484e+00,3.706420374149644e+00,2.720178204143238e+00
5.346747081832882e+00,-3.908198211158514e+00,-1.204730920525661e+00
5.057261806041060e+00,-2.924008319568205e+00,2.259401747660146e+00
7.277850254400453e-01,4.704649211428775e+00,1.043082847765098e+00
2.387450103379163e+00,-3.652551363463423e+00,2.876256401458325e+00
7.775473170651920e+00,3.881113077238108e+00,-1.432100314000180e+00
8.912598299224941e+00,2.039350754040954e+00,-1.447196636723270e+00
5.291186810529796e+00,-4.269129093582933e+00,1.283613595179187e+00
3.533433963625954e+00,-1.629317110005610e-01,2.691784280874732e+00
5.994320806421083e-01,1.897935314480641e-01,2.039244389657679e+00
6.821785260663404e+00,4.321396314158376e+00,1.426531613675766e+00
2.784466106862826e+00,-7.889540692283123e-01,-7.080571910201026e-01
5.501371499214680e-01,-5.323638453572412e-01,1.368272517783102e+00
6.658517290986222e+00,-3.875162452136217e+00,1.891839301886861e+00
4.857197935337584e+00,1.391725634376625e+00,1.591440861779319e+00
1.196214970172393e-01,-2.891030241109034e+00,1.110935009942062e+00
1.109240391063471e+00,-4.224667417762932e+00,-2.845458265457785e+00
6.992019292459442e+00,4.969190000707940e+00,1.003518521084136e+00
6.367133306578854e-01,-2.303703720371948e+00,-1.363787017570486e-01
8.659630648429902e+00,-3.589468348711961e+00,2.900125265246569e+00
3.113262774199327e+00,1.994903745971763e+00,6.734939003131060e-01
8.866647043642462e-01,3.216821559219019e+00,6.800119062139927e-01
7.597573781680654e+00,-4.359225068736533e+00,3.104240294217470e+00
5.244272344530238e+00,-3.946066925302130e+00,-2.553563227906996e+00
3.066400323792976e+00,-4.098261764179542e+00,-1.405446230912810e+00
4.060983416692680e+00,-4.530406966774888e+00,9.806760376830148e-01
2.141239560482588e-01,1.594564786342838e+00,-1.160904841384308e+00
6.626985375394289e+00,8.831318973936408e-01,-9.666671300434939e-01
3.657736889634445e+00,1.628066565599330e+00,2.467060916671606e+00
7.140375697281297e+00,5.667163274181064e-02,4.985952902133737e-01
6.281711459525471e+00,3.175076854055817e+00,-2.495269135100264e+00
6.512541859097380e+00,4.666830249857545e-01,-1.188385422362729e+00
7.928927110044324e+00,4.187469347996249e+00,-2.663703779880716e+00
6.311580783762510e+00,-1.435146749600671e-01,3.526747731280708e-01
4.187259292418925e+00,2.906586612115988e+00,-2.052916467918668e+00
3.899275617346356e+00,-9.263964631636590e-01,2.243820663608981e+00
1.195821067648558e+00,-6.477610522355715e-01,4.857783550703738e-01
7.794434131562418e+00,3.489920452379168e+00,-2.768524492603983e+00
7.611084417546218e+00,-3.923401646423367e+00,-1.251135104617565e+00
2.462983670855234e+00,6.491775498320802e-01,7.309711214495800e-01
8.626819126981447e+00,2.263364677787855e+00,-1.033594550130870e+00
5.890032577906283e+00,2.504206154170536e+00,8.279145050711723e-02
4.786868423945672e+00,9.149352716997541e-01,2.572099155263885e+00
1.749630162549587e-01,-5.193551584048617e-01,-9.422517867203983e-01
3.827411858643162e+00,-2.392175561332422e+00,-1.031241219039271e+00
6.406707682356631e+00,4.094262353541222e+00,2.009091487206104e+00
8.974783768838346e-01,-1.302120524786746e+00,-1.138786352231491e+00
4.595673088875483e+00,2.989920885333458e+00,-2.651765931114831e+00
9.934359513615961e+00,-4.683343870373637e+00,-2.004681975716482e+00
7.165386372090675e+00,-2.678307853133909e+00,2.819895141661832e+00
5.468708875016044e+00,-1.544152071158774e+00,2.722458908031151e+00
5.330328849390766e+00,1.715740633102042e+00,-1.729056627936212e+00
4.376508225819442e-01,-1.806691928381090e+00,3.361621829602495e-01
9.573144374079360e+00,-4.586361991806928e+00,-2.278483423336812e+00
9.281776602850430e+00,-3.261324839459840e+00,1.097531908956656e+00
6.824047106754465e+00,-2.408346476306740e+00,-1.977281998765733e+00
9.901164968154996e-01,-3.239525200641809e+00,-2.828750199850513e+00
2.078338967494382e+00,-2.962754398588666e+00,2.041386845403887e+00
1.839095358755852e+00,2.689569406733544e+00,-1.097041749910094e+00
5.195784851012188e+00,-8.796635604953984e-01,-2.459726282041178e+00
2.078038745019856e+00,-9.482075533207475e-01,2.097980398066748e+00
6.958005615441982e+00,4.666063366594862e+00,1.648691975558945e+00
5.452298859693890e+00,-5.329816205579974e-01,1.154588395824231e+00
1.765817704265549e-01,4.276581325323949e+00,2.583951851291707e+00
7.440572370356515e+00,-2.009369017833197e+00,-6.769449267525429e-02
1.888287366539485e+00,-9.937374009582687e-01,-2.336989949463548e+00
8.248851196806768e+00,-1.037166439325379e+00,-2.756141792288562e+00
3.550454371229790e+00,4.607883231464438e-01,-1.140768728342355e+00
3.386196799816364e+00,8.424729085395217e-01,-2.596018457460173e+00
1.181733577821054e-01,-2.518749709577311e+00,2.231123938549766e-01
9.877289829230172e+00,2.935842504171187e+00,-3.050492637834793e+00
6.120043391718638e+00,-3.474045323207520e-02,-3.533455976805775e-01
4.227301661859907e+00,-4.929564464811925e+00,-2.020293582466735e+00
9.662140446133904e-01,9.134063331668019e-01,-8.276962912598975e-01
6.991480641510169e+00,2.980594415291364e+00,1.099771526854967e+00
2.827304699919388e+00,-2.495332621845422e+00,-9.364222439716849e-01
9.882808183755289e+00,-4.621289906380740e+00,-9.968908895790634e-01
9.505473591493232e+00,3.071786556507227e+00,3.083477794064773e+00
7.352966788027886e+00,4.762767159716271e+00,1.374853450828376e+00
9.710719302829689e+00,-4.234363853350977e+00,8.709570422860002e-02
1.056338624537628e+00,4.380368073257211e+00,4.987319240958059e-01
2.799153605365452e+00,-1.407255880239380e+00,7.551297445371712e-01
2.532432887911791e+00,4.414396085880876e+00,-2.987180868046619e+00
7.201265845930249e-01,1.488393240024468e+00,-2.637275357714771e+00
9.722265979714559e+00,3.902443124484133e+00,9.373843404317670e-01
5.997408664689385e-01,2.858330250514134e+00,-8.515672747495580e-01
8.566889039943296e+00,-4.720022571793732e+00,-2.793227474633888e+00
7.681614245768392e+00,-4.345574976749461e+00,-1.272261797306911e+00
3.758670874714594e+00,2.574460511854406e-01,-2.322997780629013e+00
1.880736262979898e-01,-3.703809801550873e+00,2.615777016651903e+00
6.095904981869515e-02,-3.896576084284851e-01,-1.866574808646411e+00
2.039938406939232e+00,4.546302985644676e+00,-2.238754233352441e+00
4.938765800337931e+00,-2.052427124455157e+00,7.927420577554245e-01
4.579099781851514e+00,-1.108728618425916e-01,1.376767183673389e-01
5.852925765649275e+00,-1.157403699319306e+00,4.770976795357775e-01
7.719593096607621e+00,1.298269642482484e+00,-4.024496551307335e-01
3.773546148602057e+00,-3.061550693484412e+00,-2.062813031758250e-01
1.603636955093174e+00,-2.400607098657167e+00,1.751736706576264e+00
8.000489168284240e+00,3.587678513640101e+00,-1.759780813170327e+00
3.326906813312108e+00,3.113362238603383e+00,-6.501255641744184e-01
2.868818977933507e+00,2.891896888706404e+00,2.876601731833129e+00
7.643120384292353e+00,2.709196093178960e+00,-1.947877287323423e+00
9.341394380831446e+00,-4.056250653842097e-01,-1.295758717585408e+00
9.149612820107569e+00,2.288907725322082e+00,-1.937942169574473e+00
1.374424258571786e+00,-1.127951821278822e+00,-3.012815652009003e+00
5.031581534692996e+00,-3.992904198105198e+00,-1.446201233130601e+00
9.287028372817341e-01,-1.066253583511076e+00,-2.849629079857690e+00
9.609759589063998e+00,-3.413369557720691e+00,-2.169677340112417e+00
2.152278858768394e+00,-1.091483193674904e+00,-8.627939997634795e-01
1.974295747657747e+00,-2.025747846371134e+00,-3.011397406955236e+00
8.888856730064795e+00,9.916066706792490e-01,1.589372978410482e+00
9.678505551219649e+00,-1.384595845015766e+00,1.857240548280521e+00
6.976322592952567e+00,2.055896633791784e+00,-5.566034950638499e-01
1.210050336992249e+00,1.214668104764938e-01,3.045246160494214e+00
4.858556105406739e+00,4.194922785153999e+00,1.124651935594289e+00
8.166050940616037e+00,-4.089745646496130e+00,1.531348905952768e+00
5.724771837082452e+00,1.877091886413322e+00,-1.933333457046334e+00
1.325948547283347e+00,1.723968775700397e+00,2.120183113802997e+00
1.718877495032278e+00,4.506265474127007e+00,2.796308989061925e+00
8.641416758348051e+00,-1.284481329563475e+00,-1.656812087036184e+00
5.270291636874834e+00,-1.945620302878377e+00,1.171589714802113e+00
7.058367737667124e+00,-3.276065557863435e+00,1.551576368700963e+00
3.730625262330648e+00,-2.347114846447064e+00,-1.224158197071872e+00
5.324855829188415e+00,1.890772755138581e-02,-1.570230678495101e-01
9.771031403876918e+00,3.377129619599771e+00,-2.528736453927773e+00
3.297030369681381e+00,-2.157133965193587e+00,-2.054005924602282e+00
6.747885275082744e+00,-3.422578833426094e+00,-2.754733644054386e+00
1.725055571952298e+00,-2.278715289258313e+00,3.780309261934418e-01
1.217398852603333e+00,-3.990730249715154e+00,7.870499957072847e-01
7.836401112590297e+00,4.266954163079962e+00,2.614556452660521e+00
8.441082099871656e+00,3.726241520222471e+00,2.650549822963661e-01
6.683116953494155e+00,-1.915082830148477e+00,-1.504123117644409e+00
1.581958375444751e+00,-2.530121840681330e+00,-2.767909339482615e+00
2.405879656425386e+00,4.053973140649155e+00,2.418731364997986e+00
9.111757080951117e+00,-4.982280486790440e+00,-1.328386103580796e-01
2.887040487997563e+00,1.005775279913466e+00,1.491138037134621e+00
8.188605161971175e+00,4.160037609456705e+00,-3.049548081734236e+00
2.859372889104016e+00,8.557488906352795e-02,-7.452534684225220e-02
9.394625693234346e+00,-4.970330404003661e+00,-1.095017053494056e+00
9.144529128370030e+00,-2.811285706148443e+00,-2.951015647154538e+00
4.326317362878795e-01,4.224415938919341e+00,1.732103330986623e+00
7.704139868674086e+00,-4.829775758201707e+00,8.106347589948149e-02
1.694617602344071e+00,-1.052202339367986e+00,-1.048159446185395e+00
2.152716259063815e+00,2.897447263329783e+00,1.921388541044764e+00
4.598452123314758e+00,3.380909936850035e+00,-3.334897874908438e-01
5.763181497494500e+00,-2.239206737132990e-01,-3.119614345531327e+00
3.257997189704920e+00,-2.675162482671475e+00,2.792546831433966e+00
5.753833655542092e+00,9.970471768615896e-01,-1.535090615417121e+00
1.706583713411366e+00,-2.362219684426985e+00,2.077067263141608e+00
2.233765438103708e-01,-2.447357420040837e+00,1.988096492225040e+00
5.712243883617631e+00,3.075997633970131e+00,-2.121367153795060e+00
5.174152599623189e+00,-3.457341647033869e+00,-1.633459714173795e-01
6.896539640759249e+00,-4.944785215980092e+00,-2.889015022524434e+00
6.498220619678245e+00,-1.632247829941509e+00,-9.138787918610656e-01
8.974863802339554e+00,-9.026045004970040e-02,1.451282874929332e+00
4.594686201615459e+00,2.050803918953237e+00,-1.652041242211544e+00
8.369474692942025e-02,2.811152576042886e+00,-2.405656160089363e+00
6.306526815968541e+00,1.635192111336301e+00,4.475859056979337e-02
6.751324296032184e+00,1.265088803169267e+00,2.323923068621019e-01
5.214949893959697e+00,1.657487223194351e+00,1.104765757854189e+00
6.893048702412157e+00,-2.284734824189010e+00,1.628210483245661e+00
3.235838132361527e+00,-1.176386770354322e+00,1.230307569847803e+00
1.488083031910792e+00,1.164365009995645e+00,2.170288912078660e+00
6.645536639564066e+00,-4.344293396460271e+00,-1.741030032337529e+00
2.451864292155287e+00,-2.046746499321443e+00,4.383573947572157e-01
4.563159092842048e+00,-9.358105524234697e-01,-8.790467946565412e-01
4.916227306116486e+00,3.344068285393593e-01,2.903537571778846e+00
4.771995504683884e+00,-1.351789263903891e-01,-3.752348210177416e-01
5.984491436799559e+00,2.181318781539937e+00,2.888467830170502e+00
2.945370892585886e-01,-2.657332458353885e-01,1.690589364250840e+00
9.896824949300880e+00,4.041299838249889e+00,1.372648928299758e+00
7.163104739385712e+00,-1.196816578475826e+00,-5.300676129991144e-02
4.253877817987627e+00,2.537170617615638e-01,-3.557656749102960e-01
1.913300302902443e+00,-4.967896103979732e+00,1.668071817479029e-01
8.017732244335629e-01,-1.895220435538106e+00,-1.296641706905022e+00
6.721904206261219e+00,3.665729773139923e+00,2.541610910601152e+00
3.169556149585583e+00,-1.664236054037084e+00,1.849334048615890e+00
2.294784582498680e+00,-2.468136666675380e+00,1.893726003539955e+00
3.799543871123334e+00,4.353696244222158e-01,-4.200083469098859e-01
5.929230878077101e+00,-4.212699015579275e+00,-2.694927618478878e+00
6.717052166840012e+00,3.160513165039927e-01,1.150308714072239e+00
6.451700693545302e+00,-1.963342017578117e+00,-7.890827239721685e-01
8.632655834919735e+00,-1.168971101256124e+00,2.327482296524969e+00
2.187574310701152e+00,2.913650043371448e+00,1.761418357505852e+00
6.367461631971355e+00,1.619640186141184e+00,-2.228469007120049e+00
1.011143761860941e+00,-5.389390687615716e-01,6.390987836286306e-01
5.479346898991778e+00,7.751631308493945e-01,1.207715715220990e+00
5.839584024896713e+00,2.668587553202292e+00,4.281210404192040e-01
2.162372989341736e+00,2.457837451961883e+00,8.822959489956528e-02
3.916931299912369e+00,-3.146782894488216e+00,-1.709886728663703e+00
8.271928895838025e+00,-1.990807780007953e+00,-1.659346234859507e+00
1.484090537529634e+00,-1.517630690339748e+00,1.683944798923449e+00
4.345061976158402e+00,-3.124577099949955e+00,-3.024161267542514e+00
9.327330712114518e+00,-4.878385459936958e+00,1.752443608016214e+00
5.041089276996010e+00,-3.260327312111878e+00,1.683814276736957e-01
7.251337118332870e+00,3.082443270814872e+00,2.740867760123310e+00
8.268660395555509e+00,4.592045139247114e-01,3.124763441596482e+00
2.037743748454925e+00,-1.583419730128192e+00,1.027203817443270e+00
2.182172355329324e+00,1.083444456294647e+00,-5.513043068301102e-01
7.585914560983835e+00,2.398341253467917e+00,-1.565398532731734e-01
7.533067381764010e+00,-1.455722169791374e+00,-1.858469279070444e+00
6.018332063961906e-01,-3.392515846502553e-01,-2.518085007118621e+00
3.224982406949644e+00,-4.357867833298844e+00,4.948849955395822e-01
3.985324919084380e+00,9.709053621247925e-01,1.919482310959133e+00
8.290404034711537e+00,-1.435929044478153e+00,-1.496865115482036e+00
4.218622554297374e+00,-6.647635239921232e-01,-5.048362821395882e-01
9.259288904032438e+00,-7.739938205307526e-01,3.441530668975497e-01
9.966077771406400e+00,1.324092887425428e+00,2.562897589266448e+00
7.807261656943496e+00,7.246534895448082e-01,-2.270546960827295e+00
6.663866895672575e+00,-7.789395222343201e-01,-1.653211808309434e+00
3.918971659871228e+00,-4.830449785092713e+00,2.629704385267677e+00
6.703944605203338e-01,1.209626146313792e+00,-2.893183195569604e+00
5.731387563961306e+00,3.795774740343271e+00,9.809034581459288e-01
3.617049055439909e+00,2.695515715938976e+00,8.766669794062878e-01
3.508980758323435e+00,4.816156322500822e+00,-7.335340272782336e-01
6.877092527094356e+00,-3.609246619792867e+00,-2.000272211118213e-01
4.636393585966357e+00,-2.774799472121463e+00,2.230015257996940e+00
7.520938447714500e+00,3.926746522197906e-01,-2.104979777221139e+00
3.981732226853791e+00,-2.641182976561935e+00,-1.686611276447010e+00
1.508633854865626e+00,-4.654502187183102e+00,7.759992369674240e-02
4.613475261902465e+00,-9.771172383605382e-01,-5.670862321119192e-01
9.510125143253633e+00,-2.123552658460175e+00,4.672961838341476e-01
8.015246291165584e+00,-2.362391543411172e+00,2.644210590749953e+00
2.057492550733667e+00,4.531728170242486e+00,2.620729269445334e+00
3.913005016449427e+00,-2.615458837345504e+00,-1.696344801110714e+00
9.277920952205378e+00,-3.705674288126022e+00,-1.243162061494494e+00
1.236990587265665e+00,-3.746807420921488e+00,-2.123285096510324e+00
2.539502418649360e+00,3.063240734885293e+00,2.687886176535040e+00
2.622226458718964e+00,2.148480745267403e+00,-6.417385964747071e-01
5.709328756619835e+00,-3.705138044329378e+00,-3.160118946936055e-01
4.107333197113228e+00,-2.802468811392137e+00,1.901548107134293e+00
7.987067399629988e-01,2.473430084435303e+00,8.151473374471996e-02
6.291814545770857e+00,-2.253836021653859e+00,-2.389146767241382e+00
9.907786452015022e-01,4.815420751573521e+00,-3.905080756518982e-01
6.064149319790781e+00,4.057006662090874e-01,8.201067509619717e-01
5.070083802260258e+00,-3.079920295899118e+00,1.377331319395251e+00
4.936686607253126e+00,3.588084545127332e+00,9.132726257768100e-01
6.749624529922982e-01,-1.805244541027649e+00,-2.392758109609912e+00
6.392204468835359e+00,-2.111926449356222e+00,-1.229339604772508e+00
4.313202585893308e+00,-1.725587665485016e+00,1.467529945509491e+00
4.111061222856866e+00,2.681972482230377e+00,2.388805442986176e+00
5.964513964185367e+00,-3.267870502840519e+00,-2.845111663772125e+00
6.062480599465474e+00,-1.182142197390620e+00,-2.876259342229214e+00
1.503329576198853e-01,-4.691672272155896e+00,9.010372317262005e-01
1.252259012032066e+00,3.266266173496078e+00,3.018828899052122e-01
2.365182208447206e+00,-1.592812336929947e+00,-2.165568613745665e+00
6.779773333459791e+00,-2.518270801916256e+00,3.034249565788039e-01
5.767411270296074e+00,7.989324237549926e-01,2.981291905127219e+00
7.576291323847537e+00,2.049918837513753e+00,8.224703415026435e-01
7.406078055438570e+00,3.128960371829431e+00,-3.195555410485476e-01
8.531828692061508e+00,-1.522150545009321e+00,2.057947315845915e+00
3.768148612724139e+00,3.123008501490697e+00,-1.804389538702756e+00
3.450638661833028e+00,-3.511899962854184e-01,-5.383029110419728e-01
8.310154030534632e+00,-3.988577324547751e+00,1.744708098372687e-01
2.376015338671845e+00,3.463074827157794e+00,2.852498302948803e-02
4.611723736736070e+00,4.763478210461436e-01,2.645048033274623e+00
1.943256520222497e+00,1.024695719473855e+00,-1.302704702257420e+00
9.138407421392136e+00,4.374912696947353e+00,-2.786569305700469e+00
4.078030130966254e+00,5.915148493925528e-01,2.616175133645253e+00
2.124868982308283e+00,-4.944164693220110e+00,-1.777716339594263e+00
6.920133905689120e+00,3.706158410031026e+00,-7.600896564892987e-01
2.446446782104786e+00,-2.152489196765401e+00,1.940978012868908e-01
9.435036031702234e+00,1.766920784003734e-02,2.990045180522243e+00
3.676170148094115e+00,-2.951133974385798e+00,2.215981542479284e-01
6.646407121018370e+00,-2.030164315450266e+00,-3.283384884963843e-01
3.452449311574134e+00,1.866488480670339e+00,5.255160656201183e-01
8.072455829934738e+00,-7.042664896208608e-01,2.958174912891617e+00
8.969227410227758e+00,1.271306305813871e+00,1.997704831403576e+00
7.879183594147862e+00,3.235756913129510e+00,-2.079934542133206e+00
8.484990187275200e+00,-1.591779778136548e+00,1.905438869901189e+00
1.018808279376360e+00,6.834003832604099e-01,2.143188600852563e+00
9.240646770330663e+00,2.775878933731363e+00,1.198166392157612e+00
6.243007288752803e+00,2.151231927693747e+00,9.879269604367762e-01
8.692175321661997e+00,3.984343598185092e-01,-3.714807595894674e-01
6.844367641854154e+00,-1.166164892726449e+00,8.902983744440753e-01
2.018476685437104e+00,-9.249801876698251e-01,1.492727574380665e+00
6.095551016456765e+00,-6.686478800373443e-01,-2.369890275465206e+00
9.094623972314098e-01,-1.511544710538482e+00,-1.524740828668122e+00
6.957230302181586e+00,1.990756348896979e+00,-1.922140243278968e+00
4.090011410805728e+00,-3.745847477281703e+00,2.143897200283626e+00
1.517331731002090e+00,4.674541207172767e+00,1.130989638366652e+00
9.792298158684140e+00,2.789855019715402e+00,-3.092675569391723e-01
9.010844242106812e+00,-2.018369478332262e+00,2.048668700790556e+00
8.935437134032538e+00,-4.574524307293643e+00,1.362077330311646e+00
7.888203063522528e+00,2.113031723789262e+00,2.598681973116538e+00
6.919811251435176e+00,2.343590449698332e+00,-2.659000064218769e+00
6.550794802922452e+00,4.636226105275766e+00,5.753752515212662e-02
1.060938377038553e+00,-2.462944424248350e+00,1.299035390040508e+00
9.005662353184542e+00,-4.172749097957762e+00,-1.837874510917717e+00
8.811283963046105e+00,4.151347577184326e+00,-1.086197919274297e+00
7.478526265248534e+00,-2.413509653872248e+00,-5.090872272398768e-01
9.273149590751226e+00,2.215314473238818e+00,1.849302400244313e+00
5.530834513979920e+00,-4.393403621723221e+00,-4.036191913370724e-02
4.476423347175553e+00,2.605848049761670e+00,-4.479890485144322e-02
9.679474021662788e+00,-3.729741028628596e+00,-4.342458996573515e-01
4.641311877976561e+00,1.955863480416035e+00,-1.705325046341622e+00
6.413244410671577e+00,3.234304785340480e-01,2.658236856448028e+00
3.730621468584390e+00,4.554881304672605e+00,-1.144789321674563e+00
6.363262260197279e+00,-4.630823569226569e+00,4.238992484886013e-01
7.200989956256877e+00,-2.079512541999419e+00,-2.206782005349972e+00
6.246555252885504e+00,-4.304910826657562e+00,-4.131609526132358e-01
5.145629412161977e+00,3.791976352397189e+00,2.537172319781884e+00
3.001107976252329e+00,9.390115366110772e-01,3.113099906827982e+00
6.438456761362233e+00,3.496961235789895e-01,-8.686387025171380e-01
9.084288952613628e+00,-3.685421078836902e+00,-2.174041515543003e+00
6.912591169667359e-02,-1.096774268694913e-01,-1.165835441017186e+00
1.339290274296904e+00,-1.012963448241846e+00,-1.085471982565007e+00
1.197731584998557e+00,-1.842481318609768e+00,9.079755329928956e-01
9.232053028928540e+00,2.721889554985943e+00,-2.414801218722218e-02
6.627476889626147e+00,-4.387239601665552e+00,1.686782220208034e+00
9.517881064701506e+00,1.466857273622018e+00,1.264825839441565e+00
5.828132732124283e+00,3.229930312022118e+00,-1.562573371856635e+00
4.617328971592537e+00,4.073072828603244e+00,1.786031174172518e+00
7.923429118143624e+00,2.459165947554101e+00,2.183167297004361e+00
1.609422674752246e+00,-2.175443211417845e+00,6.182037946329548e-01
3.813381163173214e+00,1.005074605237034e+00,2.687115467105805e+00
4.662742405342238e+00,-3.585963890856447e+00,1.777815487459772e+00
2.984583945121182e+00,-3.829393762552240e+00,5.993901604307559e-01
3.712856124084785e+00,1.386241421385146e+00,2.552016226595059e+00
7.810518692441826e-01,3.511076545842029e+00,6.305709284982273e-01
1.979835894495580e+00,-4.327518743003811e+00,1.331477799285476e-01
3.354967203309283e+00,-3.939962678667013e+00,-9.031554835585691e-01
7.958904332331343e+00,6.560730742935696e-01,2.405601253448859e+00
1.824973548428639e+00,-2.817881389806598e+00,-2.370475096769962e+00
3.466403739842247e+00,1.118181227776478e+00,-1.664873567090166e-01
6.492028819693518e-01,-2.854561747446601e+00,2.350748971297709e-01
5.571043448266060e+00,-3.835180256939406e+00,3.439987832370681e-01
6.112508881409278e+00,4.557498216482738e-01,9.543519512148784e-01
8.655164634621670e+00,3.621951380326188e+00,3.641498115750785e-02
8.191159985019640e+00,1.851219721505299e+00,-1.527956641721526e+00
2.853779546838805e+00,3.187251375359647e+00,2.242747785303795e+00
1.369536891898597e+00,-2.336648256099517e+00,9.897608253648391e-01
1.560831822104037e+00,3.859786512970256e+00,2.250560408315375e+00
9.689639430404446e+00,-1.229608254237293e+00,-1.407160246919329e+00
6.732258140073574e+00,3.524476678569936e+00,8.611538683010656e-01
4.257078780323931e-01,-2.882440985127390e-01,1.345693328247632e+00
1.367792550450946e+00,-2.321423526395038e+00,-7.325869832697576e-01
4.858000651009558e+00,-2.397411689732071e+00,1.961887655770847e+00
2.078288042931198e+00,6.766788436465285e-01,-3.125829556361653e+00
8.036589850000189e+00,-4.209897297931542e+00,5.963983799071535e-01
5.732171175693649e+00,4.300561945885086e+00,7.135717442753666e-01
6.126322077892984e+00,-2.285365043014643e+00,2.126424249298657e-01
4.628255480492118e+00,-1.643751821541447e+00,8.171187422332218e-01
2.560627754263155e+00,-2.666984462587672e+00,-2.090875322575360e+00
5.894036132025465e+00,-4.969920394392786e+00,1.161016291499560e+00
7.169700461607318e+00,1.925502368087978e+00,-1.031768375981386e+00
3.709480776301669e+00,9.055290103422351e-01,-3.012552201812433e-01
5.049436306178353e+00,3.096445401971156e+00,-1.048604792044501e+00
8.396839704720332e+00,-4.589892265490195e+00,-1.637636632213519e-01
1.486817618224603e+00,4.286556447333203e+00,7.638419778238004e-01
5.452244192741004e+00,-1.691130599396344e+00,2.125874725111070e+00
3.484126618292281e+00,4.130698625057939e+00,-1.040806024492404e-01
7.027947582172304e+00,-3.928685179324605e+00,-1.110717449060486e+00
1.881024316239466e-01,2.439205814696411e+00,-7.576340916821778e-02
6.704732998031887e+00,7.935823143232659e-01,1.186288408029533e+00
1.028977340161874e+00,-1.418087847474160e+00,-9.632078042696421e-01
6.476775299365800e-01,-4.208576040669807e+00,-5.385816086598121e-01
7.246233009586129e+00,1.047365098467406e+00,3.948342149351465e-01
6.403421529040735e+00,-4.735601169260869e+00,-1.294277966935101e+00
8.949359308926589e+00,1.282099146007543e-02,-1.827874992783511e+00
5.196549558006451e+00,1.042085757936549e+00,-2.259481918378760e+00
5.300244255271672e+00,2.325237472875220e+00,-9.260787884472013e-01
7.070178355765505e+00,4.913346342248460e+00,-2.837845214151836e+00
3.233975763532512e+00,-2.399062864922351e+00,5.245361852273671e-01
3.691245542193256e-01,-1.776101786265250e+00,-2.036321509758871e+00
2.300458257190579e+00,-1.588546531910080e+00,-7.703512394155769e-01
2.380134118963666e+00,2.315827118588350e+00,-1.450015815521217e+00
3.356588502781939e+00,4.318192682561138e+00,8.192643207221204e-01
9.434627330404629e+00,4.743237495815588e+00,2.201286712562728e+00
8.048427986631479e+00,4.458113665581291e+00,8.375551547360836e-01
9.359562452051920e+00,3.793830077152434e+00,2.670663433233846e-01
9.986095901130005e+00,4.909773738206310e+00,1.062384466591238e+00
4.337790040870445e+00,-1.240542731655031e+00,-2.953155919061960e+00
2.270733166803046e+00,4.483213199987064e+00,-2.369736884767145e+00
5.600041612552491e+00,2.610199623959116e+00,-2.545147239285359e+00
8.811344139481188e+00,-3.315401404720217e+00,-2.524601664550355e+00
4.657318610145782e+00,-4.545348121227977e+00,-1.504925201507291e+00
5.053993025722535e+00,-2.855160421296778e+00,2.013902915016490e-01
1.344391059278267e+00,2.787511242876262e+00,-2.421027043569560e+00
4.204554925677611e+00,1.316968812258842e+00,2.733915973556380e+00
3.869948098085781e+00,-2.756437426533148e+00,2.225861137406641e+00
3.516885028654496e+00,2.419214544713593e+00,2.963428874217603e+00
8.872986699241999e+00,-3.586777605617970e+00,-2.874556994735319e+00
5.930143321233294e-01,3.218413938586945e+00,2.207926692458544e+00
9.721471828973469e+00,2.941609759707321e+00,1.908417480103743e+00
8.246825273136027e-02,4.725759707060483e+00,2.526505660400924e+00
9.455940139498090e+00,-3.497204353706818e+00,1.755783836614726e-01
5.480475028385436e+00,4.066129944146002e+00,1.808860379595295e+00
7.024452444001158e+00,-1.588973362781615e+00,-2.819347686852947e+00
1.871328496951232e+00,-8.394013520468837e-01,-2.664838441562729e+00
6.542115390166070e+00,-3.155493711323052e-01,-2.396832618828270e+00
8.819576685277326e+00,1.269040532025558e+00,2.606195291457023e+00
1.394801398336516e+00,4.947633701180427e+00,-2.757254296262556e+00
1.270816122732900e+00,9.995880305523315e-01,-2.512334618912949e+00
3.039779091494728e+00,4.267158650404072e+00,2.704348317859094e+00
1.617258924753981e+00,-2.449717979152770e+00,-2.466825161321141e+00
1.106458480933471e+00,-1.015883381848504e+00,2.323247343388375e+00
6.783190359852918e+00,4.499529438580829e-02,1.817541965349218e+00
2.138266139124908e+00,-1.770980102133293e+00,-2.888493455100585e+00
6.670148994019862e+00,4.768671029643301e+00,-3.004321410452749e+00
8.619292271158162e+00,2.256835538972272e+00,2.160685860302656e-01
6.520247914130005e+00,-2.111864781743993e-01,3.123845192038431e+00
1.193670699154009e+00,2.513047012097939e+00,2.380260095850442e+00
5.735775740474450e+00,-3.255750091734875e-01,-1.193645405779354e+00
3.936286842115508e+00,-4.827746726320740e+00,-7.143401497680912e-01
3.433709367224948e+00,4.319340781033612e-01,-7.043073974596967e-01
3.185314686298322e+00,1.251852187612016e+00,1.471388895347102e+00
9.294322238196456e+00,4.812074187185617e+00,-9.981923542637769e-01
7.425074566777278e+00,-4.592071517393823e+00,-2.212956329112435e+00
1.338487895802950e+00,1.209695745513386e-01,1.552621638907387e+00
4.760054797324638e+00,-4.018452432916382e+00,-2.637956505733774e-01
3.182230752539196e+00,-3.510040984290396e+00,-2.659177705018982e+00
9.779383125459582e+00,1.104633389684761e+00,1.822452151703425e+00
9.780289729531695e+00,-2.684322877335027e+00,5.360264801889998e-01
3.195344743330350e+00,2.491741112950246e+00,-6.679449927657988e-02
3.521131161454547e+00,1.419869259527271e-01,1.089147240919764e+00
5.994142071365456e+00,-2.817871148342628e+00,3.372614583052558e-02
4.793070143275001e+00,-6.208322398935007e-02,9.325512931307580e-01
2.131008721584414e+00,-4.991182730918792e+00,2.308998628796187e+00
6.604121669886114e+00,3.627400436578409e+00,7.132318098695980e-01
3.341286438752384e+00,-4.873216229442372e+00,1.002799503136527e+00
6.537164983321676e+00,-4.929901075078175e+00,7.153787825172024e-01
3.836815223277998e+00,1.115039431796471e+00,1.959083207066561e-01
7.002098938562717e+00,4.735209257900829e+00,-2.061058127708461e+00
6.677994708896505e+00,3.559334843539787e+00,-1.032467815632064e+00
5.088127559210007e+00,-2.479810874105484e+00,1.213339426389176e+00
7.047399907108308e+00,-3.033331888523143e+00,-4.682474314052132e-01
4.609656762320152e+00,1.261121806334554e+00,-5.898088131310888e-01
1.161382996501229e+00,3.226377470220774e+00,1.629036956652091e+00
1.821062533373546e+00,-1.379213290999703e+00,-3.106602470341474e+00
2.459931341656128e+00,-6.764540963292411e-01,1.124655488343757e+00
6.322892822569659e-01,-3.845104863222488e+00,-6.769183099618914e-02
7.113812206306701e+00,-3.471735787446408e+00,-7.743235388076584e-01
3.673902268316183e+00,6.835159502602082e-01,-1.001938019193893e+00
9.352329632699730e-01,-3.973438542515630e+00,-2.055383881454127e+00
8.199581207255802e+00,-2.979538752040990e+00,-1.041424878369595e+00
6.836542844635749e+00,-2.653229759881159e+00,-6.822378606672159e-01
4.522242371277009e+00,-5.607546678636961e-01,-3.930200304180840e-01
2.474253350927342e+00,-4.543880358763638e+00,1.082596841356300e+00
1.517458937928468e+00,-2.290283070614407e-03,-2.917218885887016e-01
4.583741917550620e+00,4.286744063940816e+00,1.861609187044083e+00
8.852457430105623e+00,-4.755363388809274e+00,8.779997319825021e-01
1.883953232719699e+00,1.309848652074654e+00,-1.950319069428371e+00
5.686592289914879e+00,3.358423651515423e+00,-1.400062246893754e+00
9.616859952222560e+00,-1.875391574508228e+00,-2.643655329735344e+00
6.371165747646129e+00,-3.684814549807751e+00,2.800552381624518e+00
4.399647301558684e+00,-4.566602123907369e+00,2.428768304142927e+00
7.163729729389084e+00,1.439030594358025e+00,-2.608802255732177e+00
8.245779190187065e+00,5.223438022906830e-01,4.654333343871633e-01
5.905162978868422e+00,-2.707050116080024e+00,2.892789943665052e+00
8.718323589929927e+00,3.316173076317479e+00,1.552843946565056e+00
5.145917593757376e+00,2.355063521523434e+00,-5.144550254150593e-02
8.300290022062565e+00,-2.235712150132168e+00,-1.626697896174542e+00
9.520192404056951e+00,2.533630228646339e+00,-1.388351003280629e+00
5.012434670235171e+00,-2.550057864992274e+00,1.484326845789250e+00
6.050017155853253e+00,1.752674618663609e+00,1.762906434403635e+00
6.094675429498349e+00,-3.814549589261206e+00,1.802854739790591e-01
7.814348635982906e+00,1.922394633332072e+00,-2.381649549297584e+00
8.229658401774229e+00,-2.612255810177397e+00,2.726075390420522e+00
2.722931620606073e-01,7.246935424171408e-01,2.166208148292764e+00
7.333595640903878e+00,-3.275361331481175e+00,-2.258561462115731e+00
7.838152446302376e+00,2.259669475679523e+00,-2.785162733621187e+00
7.004294394582368e+00,-4.391204256069483e+00,2.253632972557051e-01
7.136956593230961e+00,-3.345822131972812e+00,-1.356271932728090e+00
4.140285918426945e-01,-3.158635201291635e+00,-1.361882241133292e+00
4.420386619489061e+00,-4.586564141460014e+00,-2.593563223551604e+00
8.181796497217405e+00,2.450125161602457e+00,2.848707218660525e+00
9.340071412951037e+00,4.809525047399328e+00,2.074497048258237e+00
2.294679205719348e+00,2.783977884116824e+00,-2.426348818466248e+00
5.791949403527950e+00,3.606319621223955e+00,2.366239843605635e+00
8.043302395505837e+00,-4.939923396617228e+00,1.149546802687109e+00
7.524076428591857e+00,-3.821300362254068e+00,-1.096785715732384e+00
6.188901169800792e+00,5.902033929486237e-01,2.332636028783432e+00
1.869118826200022e-01,4.778688847941675e+00,6.158915700491994e-01
7.238858401115658e+00,1.607129310482036e+00,2.190757242978408e+00
7.732425032788149e+00,-1.258633062619223e+00,-1.930953253208294e-01
7.228495066256349e+00,-3.538506945185408e+00,4.090605979178097e-03
7.658091614899567e+00,-3.471643056173492e+00,-1.313122712552975e+00
4.309148926788603e+00,-1.372467976832162e+00,-7.056476278619006e-01
9.937521459253910e+00,2.138101973440073e+00,4.256988052774564e-01
7.707869158726589e+00,-4.681807089750894e+00,2.808955945845096e+00
5.786800052799856e+00,3.521775914616384e+00,6.290584384195168e-01
9.341912697466238e+00,4.415514356898058e+00,-2.215588164396529e+00
9.081983394580183e+00,3.888164605308312e+00,-3.097634323797628e+00
8.145670653342648e+00,4.130269093968931e+00,2.205321736730609e+00
5.636949189837663e+00,-4.846607205817363e+00,-8.524685064635982e-01
5.271010191467135e+00,4.777923159498958e+00,-1.162603289382783e+00
3.287079319745208e+00,-1.336428851096512e+00,1.889549373083192e+00
2.508779791039484e+00,3.692811183651747e+00,2.798306420383589e+00
5.123595169750866e+00,-3.131911293003858e+00,1.558513254651075e+00
5.777817617119738e+00,-5.347425733776312e-01,-2.049277771412030e+00
2.445264314588456e+00,-4.558356113760233e+00,-6.824903097495381e-01
9.226012436534788e+00,-4.599240031571727e+00,1.629849173361616e+00
5.572739967343185e+00,4.432761007696381e+00,2.556790299850229e+00
5.265053253821465e+00,3.106066125290392e+00,3.132796595967307e+00
4.356383883661402e+00,2.982604441379335e-01,7.263932186831656e-02
5.807129571686054e-01,2.545817356453783e-01,2.026483199806904e+00
8.824013344598493e+00,2.487546184761863e+00,-2.848597400841286e+00
3.169942264430298e+00,-1.583312184295099e+00,-1.345702785501096e+00
6.424603344682945e+00,2.618692758619520e+00,-8.073050962565653e-01
6.074335589700354e+00,-1.499162000672758e-01,2.987804437888736e+00
5.844868253845268e+00,1.379174029114649e+00,-3.120269732988445e+00
5.257122020115840e+00,4.648294501031478e+00,-1.206241279773252e+00
1.814398334313281e+00,-2.868444247973843e-01,2.704359985629763e+00
2.806057410479656e+00,-8.159534025354986e-01,-1.214676473129494e+00
5.241880712703001e+00,4.057491739413585e+00,-1.727456457489215e+00
7.893424515969260e+00,4.025804949163440e+00,1.445688754405394e+00
4.319889706504187e+00,4.924187018831759e+00,1.541509727776458e+00
2.039225530461308e+00,5.086299930830922e-01,-1.748115189638009e-01
8.794442480542597e-01,-1.557384589733972e+00,2.808065280180304e+00
6.630110034940242e+00,-2.596099368222964e+00,-1.867946509751209e+00
4.233399706211646e+00,-4.659036430483382e+00,2.597568293816002e+00
1.253708926226419e+00,2.267286242108854e+00,1.605404592289456e+00
6.744668799869837e+00,-2.665238262645533e+00,-8.280714163546694e-01
2.075787308543732e+00,1.066408852256573e+00,1.928363730092670e+00
5.090160483036771e+00,4.165923653643954e+00,-2.304658695862551e+00
3.061879750768605e+00,4.502136073945268e+00,-2.318605376860357e+00
9.316900644340004e+00,-4.955898660196897e+00,2.701375118453984e+00
2.282880662711656e+00,-1.829249686236436e+00,-2.546069159288483e+00
4.199185215420284e+00,3.373780294652269e+00,-3.115959727774544e+00
9.594935968280058e+00,3.644520535153530e-01,-6.972419848186853e-01
3.187251799383154e+00,3.075087334821529e+00,-2.489077736901565e+00
6.445931630110001e+00,3.533232828379379e+00,2.281025560322279e+00
3.167270437063252e+00,-5.737378005867724e-01,2.655861673104753e+00
1.106749791172490e+00,-1.410170619752145e+00,-1.104184092695149e-01
6.275472326842928e+00,-4.456673394947455e-01,-4.682761687579546e-01
9.160315352853404e+00,1.527952026242662e+00,2.452910112980331e-01
4.525646672340918e+00,-1.328408471131817e+00,-1.720369910200777e+00
6.261765426924671e+00,2.749882886977527e+00,-1.269417931072429e+00
6.088984132566231e+00,4.039927936850225e+00,-2.507134379644126e+00
4.150897026278759e+00,-2.176887978412735e+00,-3.364640007298871e-01
6.148966387647306e+00,4.649896441742396e+00,7.017791616385365e-01
2.593180844189722e+00,1.227252467253106e+00,2.703175446729246e+00
3.780379046030521e+00,3.781687712197410e+00,1.502141033022886e+00
4.423188563623751e+00,-3.960835647278945e+00,1.401550773226004e+00
8.640086835624805e+00,-2.485008629437613e+00,-1.206378100333568e+00
3.483328948332549e+00,-1.789809205674078e+00,2.439718741791423e+00
6.351370481158264e+00,-1.971778488254867e+00,2.808305466339977e+00
2.134038374188987e+00,-3.281388434014682e+00,2.715988131719230e+00
2.525697290539267e+00,3.682009475248323e+00,-2.897786047457677e+00
6.484288754599776e+00,-8.138785871044991e-01,6.556543848202687e-01
7.623099273666036e+00,4.631302124667881e+00,8.999098799124168e-01
4.621171765262815e+00,8.347236679014713e-01,-1.287643574256867e+00
3.350996967777665e+00,-3.616053643551369e+00,3.093916994294128e+00
9.102715559322725e+00,4.590470983395711e-01,-1.312007890706063e+00
1.358078150490427e+00,4.935451477242424e+00,-1.780581465542777e+00
7.207142376493470e+00,6.517168709927477e-01,-9.961581619022652e-02
6.901707497471029e+00,-4.981306548704374e+00,-1.111197784963189e+00
6.902451627277941e+00,4.330799035904192e+00,2.664255672066130e+00
9.354204444235243e+00,-2.651055938718106e+00,-3.765090013611943e-01
7.281903009807921e+00,1.885290530689566e+00,-5.645469979247668e-01
3.015651894095841e+00,1.508015495544264e-01,7.908150866280534e-01
3.534092242323092e+00,-1.745662431591138e+00,-2.631934142988032e+00
3.911109731998943e+00,-2.173604763236114e+00,1.613100679306488e+00
3.080867409810606e-01,4.287598625071048e+00,1.686399533628680e+00
9.135103154082570e+00,4.119258959198373e+00,-1.632004936053728e-01
7.355260386480389e-01,1.313484005377923e-01,2.863234607405881e+00
6.997942820974716e+00,-2.415048044648608e+00,4.985023352365356e-01
7.301610048433117e+00,-3.976579678280022e+00,1.226706820737966e+00
8.437150506305397e+00,-3.434236171409144e+00,2.666237989592861e+00
5.533622555955225e+00,2.225172574060448e-01,1.045178617724398e+00
7.252644238565368e+00,-1.921700394209909e+00,-4.283498265906167e-01
3.027229244659511e+00,-4.579318577400433e+00,-2.985950766810030e+00
7.455840109127900e+00,-4.483261468889985e-01,1.434446905616940e+00
3.434157372618859e+00,2.461892924643136e+00,2.920839293898862e+00
9.028384784266962e+00,3.916951159599876e+00,-1.870182344686588e-01
1.633818077663828e+00,8.528404568308936e-01,-1.006763340798149e+00
3.157573106739535e+00,2.232921238424460e+00,1.210105450677590e-01
4.987694515551306e+00,-1.359295291350676e+00,1.435313294371012e+00
7.758505571480978e+00,-3.761820783060532e-02,-3.137254274469198e+00
7.487991051030320e+00,2.296268565100292e+00,2.432923007036478e+00
2.107168743245035e+00,2.276582273722944e+00,2.427589443170720e+00
1.442356966117964e+00,-7.547373543049583e-01,2.594825696671172e-01
3.039696042940983e+00,4.366734155832273e-01,-2.372664188044447e+00
4.837541516759025e+00,4.238553395509694e+00,1.079487644404619e+00
5.390050448257506e+00,1.319976049432336e+00,-2.275482809400273e+00
4.291375909552792e+00,1.425746256865896e+00,4.742015099287888e-02
6.630901166480070e+00,2.846202923853600e+00,-2.553298189326402e+00
4.275589435972377e+00,-3.847771036840272e+00,5.596140249698394e-01
9.463290099387947e+00,2.288429164872756e-01,-1.143104143343928e+00
2.609688479815360e+00,4.594317362709820e+00,2.079680393881262e+00
6.273721206700947e+00,-1.383396078239011e+00,1.884617093138146e+00
6.113779386601318e+00,-2.050738535779089e+00,3.132003730393874e+00
2.815747218822841e+00,1.012079656047576e+00,-1.523652489735230e+00
4.116876245140273e+00,-2.788805754346966e+00,-2.753284935469491e+00
3.654736194399708e+00,5.594515652364898e-01,-3.581210469739888e-01
1.724990600204893e+00,-3.443479891423594e+00,-2.617554044758058e+00
4.772952126315440e+00,7.979346069790560e-01,-2.020045866552848e+00
3.866622530218415e+00,1.023791836451775e+00,6.113548185894029e-01
1.783173600671594e+00,-8.159952098773715e-01,5.788752115044433e-01
4.498800454177615e+00,-1.172535745613115e+00,-2.869358082121452e+00
4.218439682587391e+00,-2.545417215995507e+00,-3.587400269984373e-01
1.313656776594597e+00,-1.690776921664057e+00,1.898696470256254e-01
1.311875419180109e+00,-1.654032808636607e-02,-1.457546700551246e+00
6.475073798456974e+00,-2.523410989708990e+00,2.337616253996447e+00
7.065808047171039e+00,2.828344633718626e+00,-2.129379997691294e+00
9.411804199089048e+00,2.090352413257717e+00,-1.546280562908370e+00
8.700469046109982e-01,-2.306941328540045e+00,-2.155167651746746e+00
1.178614923782535e+00,-4.025648368984520e+00,-2.409308556053064e+00
5.181812846791101e-01,-4.998199610160372e+00,2.381196440680482e+00
5.322284307569300e+00,9.671885238148894e-01,-1.395752030156896e+00
6.227466142952265e+00,-2.886362535463511e+00,1.398159649614978e+00
4.035234519321577e+00,-4.874175298984609e+00,-4.525001792320555e-01
7.979022209611327e+00,-1.409147294079773e+00,8.537182577826945e-01
6.866994360038001e+00,4.619984623174334e+00,2.690310384673270e+00
9.858404209468599e+00,1.899428076298173e+00,2.165235086944641e+00
1.378949832996786e+00,3.577637029224581e+00,-2.708138366339630e+00
5.831566434250135e-01,-3.552609017392699e+00,2.168971497667524e+00
2.748037055693878e+00,-4.267118453805637e+00,-3.027017809398860e-01
1.905019531684404e-01,-4.884702364902775e+00,-9.415621670863814e-01
9.326114278665127e+00,4.556622900194871e+00,1.083145280395673e+00
3.039516586881754e+00,-1.997972646464516e+00,2.828739493433767e+00
5.524301669714589e+00,-4.049505765914194e-01,-2.550121878259969e+00
3.180696328787419e+00,-1.054763763982255e+00,1.684377657660640e+00
2.458086219888235e+00,2.304569353928593e+00,-1.862913984838356e+00
1.523647239748800e+00,-1.900351180472569e+00,-7.531269519149797e-01
3.203659203291356e+00,3.545288261405153e-01,2.348799283270807e+00
6.154189304079746e+00,4.955822649554676e+00,2.877647600671449e-01
9.716211996875279e+00,-5.593644865576373e-01,-2.717750034316089e+00
5.580920403671494e+00,5.127154069975557e-01,5.057053196325256e-02
5.327090660990051e+00,2.528062310837775e-02,1.819873740736951e+00
3.526301810514687e-01,3.031861581360323e+00,1.814620847114865e-01
8.400990156676928e+00,-2.331603459664250e+00,-2.092996639310229e+00
4.484137499757324e-01,-3.295619838572030e+00,-3.453171096969014e-01
9.062322741034791e+00,2.540931582648620e+00,2.666240581636439e+00
5.386717253567179e+00,-8.438181363134580e-01,9.940249860965160e-01
1.684666052340354e+00,4.137260089766873e+00,1.444419520013613e+00
4.517073920064587e+00,1.441592857933976e+00,1.796592062392633e+00
9.949844806831983e+00,6.434311171174256e-01,-2.571749063240426e+00
3.050828520440930e+00,-4.295429451741228e+00,5.123093112030142e-01
2.694597685485787e+00,2.304119051377979e+00,-7.796478350222897e-01
1.180058950425059e+00,1.860403655129582e+00,-2.267229841045873e+00
5.971423487908388e+00,1.400719244871548e+00,-1.867930935229087e+00
8.922699901396292e-01,-2.320904764293095e+00,1.766583357466903e+00
7.660080638040771e+00,4.467393216744446e+00,-2.126926679963516e+00
9.192235143305581e+00,-1.783448729671799e+00,-1.178608651004776e+00
9.318711112154993e+00,-3.477690432460657e+00,-1.351680680207999e+00
1.079162528774378e+00,4.872011549350137e+00,-2.836039065558985e+00
5.582625973529688e+00,2.462462791237680e+00,-2.377654757401526e-01
9.710985490216661e-01,-8.521311767381867e-01,1.670886477058159e+00
5.720161414842972e+00,4.359164308887069e+00,-3.002403556986561e+00
8.149805852095810e+00,-4.088826256338027e+00,-2.434411033632759e+00
5.377901623032847e+00,-4.123387835734422e+00,1.383473710084098e+00
8.720538261066812e+00,1.824510186285854e+00,5.879867056273604e-01
8.016743548493777e+00,-3.220279516211565e+00,1.352440645996141e+00
2.765483499399284e+00,4.171395151932842e+00,-1.695806865181842e+00
6.301022828824417e+00,3.403591742988709e+00,1.908635555994074e+00
7.412126476131431e-02,-1.936327758988136e+00,-1.264738593642107e-01
3.960419159248644e+00,3.888395822693703e+00,6.930477435134970e-01
2.379601677842952e+00,-4.571123129926717e+00,-2.562575656627108e+00
9.371163459434861e+00,4.863785273749386e-01,-1.853341221515597e+00
4.053890117231600e+00,4.355627737088332e+00,1.717558225335625e+00
6.540644284224806e+00,3.553829789356982e+00,-1.734734425758975e+00
7.319816092736072e+00,-1.439266761990050e+00,-2.560210600831103e+00
7.732125386815075e+00,-3.171295647653651e+00,6.107462348560269e-01
7.357751920175288e+00,-2.894594115962554e+00,3.011940140247762e-01
2.891650609877348e+00,1.450787807840523e-01,6.779175493217040e-01
6.860676967292221e+00,9.677294383647403e-01,7.433353565071630e-01
5.490094822622833e+00,-4.671856833763636e+00,1.239960636282511e-03
5.973726647975188e+00,-8.644844076511191e-01,-3.911961080435500e-02
8.146173087548725e-03,3.303871156439046e+00,2.665110847638275e+00
2.582576009528565e+00,-5.567104976420287e-01,2.128851559462852e-01
9.306836967156556e+00,-3.308246090505895e+00,7.370189083359486e-01
2.900760833057258e+00,4.548602930190969e+00,-1.464174492693605e+00
4.380155222496426e+00,-2.337244600735333e+00,2.331647346874571e+00
1.866739821957411e+00,2.984282656340605e+00,-2.988483411829749e+00
1.386025519036898e+00,-3.062058336610651e+00,3.595663520468353e-01
2.086689686387051e+00,-7.682727077841012e-01,-7.297901186444902e-01
5.536473288669730e+00,-9.577460225188084e-02,6.528493148999028e-01
9.190286513901082e+00,6.352959482445186e-03,-8.785649224095025e-01
3.261991798961903e+00,1.647386810070479e-01,1.367773488454926e+00
3.234079522079711e+00,-2.750524593102386e+00,-3.013846429825373e+00
5.641405868868683e+00,1.591552196083521e-01,-5.913140955761458e-01
3.567427176931353e+00,-1.828724612224573e-01,2.081390582704953e+00
9.104160479839880e+00,-2.912805028737368e+00,-1.569535179792255e+00
3.778480426422619e+00,4.881915595037109e+00,-2.810149109609736e+00
4.904422525194670e+00,3.655633927865502e+00,-2.183988362098477e-02
5.333892839704109e+00,3.875763510224830e+00,2.994148037561370e+00
7.820677951304712e+00,1.855710503828949e+00,-2.738472522422445e+00
5.639059394148837e+00,-3.401029693082434e+00,-2.701414727671759e+00
2.391551001473241e+00,6.809206389974882e-01,5.976350033423614e-01
1.239872066263673e+00,3.214396316273861e+00,-1.570370874233929e+00
9.377745466889639e+00,-4.612635113113375e+00,-5.640337938542226e-01
8.015629946391075e+00,-4.156896712380309e-02,2.076637687643528e+00
2.296521028891574e-01,-1.038771200050819e+00,-1.892189522782212e+00
8.215289843235476e+00,-2.878752703406964e+00,1.377902141907149e+00
5.905977939047688e+00,-1.217499962346823e+00,2.818331105786909e-02
5.188942350349434e+00,4.834975108694529e+00,2.544424223006702e+00
1.222917902355891e-01,2.232433263617776e+00,2.971707891098788e+00
7.808640563844151e+00,-2.004629199850586e+00,-9.449417061410781e-02
1.980650142412501e+00,1.053550514808296e+00,5.318531581302635e-01
7.279812131940790e+00,-2.533437597143202e+00,1.544674239841894e+00
1.586824736581727e-01,1.108439090242738e+00,-1.139303967601548e+00
7.963536496661861e+00,3.961666894849317e+00,-1.716941014637380e+00
2.303946835504056e-01,5.687679994255230e-01,2.919703047958103e+00
2.358929040725191e+00,2.333399754526827e+00,-4.233899838191912e-01
2.682782125127134e+00,-4.666100128370321e-01,-3.131597195799612e+00
1.575086381069264e+00,2.412391766399660e-01,2.121946651258494e+00
4.810581961953691e+00,1.950750787548786e+00,6.262083938765262e-01
2.836879596167089e+00,3.124050050513972e+00,-2.082507968906270e+00
9.932879757272566e+00,1.594513865254497e+00,-2.952219376256670e+00
5.799687933654390e+00,4.774919938900929e+00,-1.310154525567401e+00
5.664778250542405e+00,3.198225877982829e+00,2.688493911411879e+00
2.208696301064552e+00,2.771602046078751e+00,2.723705350359847e+00
4.086894387149114e+00,3.451015789810254e+00,-1.187500117974697e+00
1.239779943600000e+00,-2.187890645756509e+00,2.110716678317378e+00
7.625292522503862e+00,-6.795284605161935e-01,-3.653966104547948e-01
3.311592461534769e+00,6.446291839459075e-01,9.697766600153699e-01
7.519658333932103e+00,-3.761368155731439e-01,-1.040219806640367e+00
3.716959999294755e+00,3.474578182240798e+00,1.003587822073646e-01
9.887572401148455e+00,-4.729314823207680e+00,-1.295721951473431e+00
1.711216222546218e+00,-2.908245827671792e+00,-2.757599789974017e+00
1.523893883331295e-02,3.817065410018548e+00,-2.265853681969776e+00
5.948255413783857e+00,-4.408998623230328e+00,-1.315230940743695e+00
9.529532000878381e+00,-2.730116963912019e+00,2.992390777967501e+00
6.470540549059793e+00,-1.487496696235138e+00,2.925904412413472e+00
8.572352274818096e-01,2.507405608116909e+00,2.058769499200158e+00
5.404803824662254e+00,6.018069616684842e-01,-1.680714049512514e+00
9.094869361377274e+00,4.546047027803311e+00,-3.669245725183590e-01
6.506067880012734e-02,-2.721249849270265e+00,-3.783555844352668e-01
1.669122128377988e+00,3.721204049887294e+00,-7.101680474765715e-01
8.145615561026164e+00,-2.170865102507512e+00,-2.859601380068166e+00
8.939071065774829e+00,-2.545017408734398e+00,2.169418904217242e-01
7.071606208682709e+00,-1.624801900649331e-02,-2.684101414484391e+00
9.915601636398208e+00,-4.287954947435063e+00,1.897011018650029e+00
9.021592958656932e-01,-1.156929870067168e+00,1.202018229080838e+00
5.456765158365603e+00,-1.443240318902563e+00,-9.252806761486281e-01
6.849947226475862e+00,-3.398984442982265e+00,9.244851548689086e-01
7.026447203690878e+00,3.607948452749106e+00,-1.677377957948555e+00
7.934846153441827e+00,-1.141103562906167e+00,-1.474977342725850e+00
9.176260450993832e+00,4.819201795136825e+00,-1.167833555551439e+00
3.616414456171146e+00,3.997079490377743e+00,1.866178920775566e+00
4.296339280763584e-01,-3.051893004300745e+00,-1.817779878736597e+00
3.624419144809583e+00,5.122172337938480e-02,3.944660861069766e-01
6.716147633872350e+00,1.018041383665529e+00,-1.882020625684030e+00
2.134560873336435e+00,3.189605029436212e+00,-1.350649692441325e+00
8.099729515587104e+00,3.856427496513948e+00,-1.662020053381419e+00
2.197644577228308e+00,1.240180211554899e+00,9.110912187600784e-01
1.006340238017334e-01,-4.648657968577846e+00,1.679429110809783e-01
5.080807742235793e+00,-1.872355048187071e-01,1.390463542045164e+00
7.264615714036200e+00,3.848035361863323e+00,-1.759647279728602e+00
3.496553405368340e+00,2.140896025442599e+00,-3.084110708333748e+00
7.488957995367867e+00,3.701419414094577e+00,1.134175059998667e+00
4.384043341210083e+00,1.740797897227074e+00,-2.419943949102118e+00
1.717146173067354e+00,-4.559649901850273e+00,-1.594011286407622e+00
9.055839379895492e-01,4.680066562066106e+00,-1.220909911837180e+00
7.105871649073475e+00,4.180185405696786e+00,1.550703280063162e+00
3.857147876028778e+00,-3.734204600873767e+00,7.910015750169808e-01
9.127737679237702e+00,-3.873088331562512e+00,-1.983818770189673e+00
5.402550585739498e+00,3.907850047702013e-01,6.150472534379392e-01
3.484324182207026e+00,2.570508345568832e+00,1.307832424597885e+00
3.489909269897231e+00,-1.178267880617463e+00,-6.980794630153477e-01
1.314378644526492e+00,-3.636178364567579e+00,-1.596224917911989e+00
5.937891535891566e+00,1.055609878135453e-01,1.124581929016465e+00
5.821671354103222e+00,-1.624338637810276e+00,6.967499594245661e-01
7.999936919364935e+00,-1.482280444486753e+00,-2.652056124235289e+00
2.011969624670761e+00,1.449855368403822e+00,1.047279066522704e+00
2.907896424758274e+00,3.856080992295039e+00,-7.214395570530074e-02
9.723796909558169e-01,5.859173085564429e-01,1.591964107777874e+00
2.953422022689067e+00,1.876025108296356e+00,-1.943278996629058e+00
4.281021157544007e+00,1.599469915212415e+00,-1.519171050559321e+00
9.640284059539837e+00,5.114619255693000e-01,2.721419659112478e-01
6.530660028749134e+00,-1.892418544168699e+00,-1.147716291617402e-01
7.828739297791954e+00,-1.222058150897612e+00,-7.139874309646248e-01
3.255098852204902e+00,-1.842962015095838e+00,1.545872906301945e+00
1.445128128080965e+00,4.174980964820548e+00,4.068460732061281e-01
2.567199419133298e+00,3.266186705104431e+00,1.321177022900939e+00
2.564676909993211e+00,7.934737285122075e-01,-2.178663326093964e+00
5.831153282934272e+00,4.122434709742006e+00,1.438775891574542e+00
3.414711324550287e+00,3.864086931479779e+00,-2.417260259236476e-01
8.573988643332788e+00,4.276943997518352e+00,-2.929422456242611e+00
9.885445192364980e+00,-2.782261423444671e+00,-1.668238766861281e+00
3.432984052634485e+00,2.175030377638947e+00,-2.979760471439432e+00
7.050602736870108e+00,1.092244999235018e+00,-2.709653697909706e-01
6.574865819203688e+00,2.338306378346071e+00,-1.094029730162879e+00
1.944624877322815e+00,-2.366206360817128e+00,3.062735912838097e+00
9.180085948206340e+00,1.948090714382977e+00,2.315379653298550e+00
1.994425871884012e+00,-9.017148474561303e-01,2.046250364684610e+00
7.369571316696987e+00,3.340917963063003e+00,7.015484467867150e-03
3.476096422743125e+00,2.953657251617731e+00,1.929487663939259e+00
3.670815670089713e+00,-2.886423891410828e+00,-1.464801205719614e+00
4.554490528889604e+00,-3.161447235966970e+00,3.810718452615460e-01
8.645079780551395e+00,2.177317212848661e+00,-6.728156637821887e-01
1.402519415112121e+00,5.047489472816045e-01,-2.065019672606113e+00
5.456957783475391e-01,5.720591068204897e-01,-2.685349008511944e+00
4.020408189137815e+00,2.525153234593546e+00,3.657968884950047e-01
5.558509914208809e-01,3.549707930217901e+00,-2.528107875904756e+00
6.876008830574404e+00,-2.610360993912832e+00,1.369753854017016e+00
7.603250750272132e+00,5.553954679055018e-01,2.648164552971514e+00
8.547123947532588e+00,3.289547094920772e+00,-2.123049926846071e+00
7.438422454835969e+00,3.727941711950026e+00,-1.825982965102870e-01
9.163513936926792e+00,-2.125906116614834e+00,1.500265014841278e+00
7.483011227232222e+00,-3.958461434024874e+00,-1.339325909870706e+00
9.360756398784016e+00,-2.671767461222201e+00,2.643741447540148e+00
1.931107942093632e+00,4.454995140145272e+00,2.440801091836731e+00
4.998631328677302e+00,-3.752028756478580e-01,-2.489684810113197e+00
9.939305997049088e+00,-8.142620944397514e-01,-2.969434811680858e+00
6.815781825427156e+00,-4.869156512657899e+00,2.993676939737253e+00
8.786411179892573e+00,-4.489853170786489e+00,2.868117168736409e+00
3.039379383285523e-01,1.686959294747236e+00,-4.882939481758028e-01
8.717578985684373e+00,8.982706872499646e-01,-2.823893918484988e+00
6.977132345720976e+00,7.552829849540377e-01,7.469171263966943e-01
1.707554339877106e+00,-3.896771239755284e+00,-1.298042577867404e+00
2.568095642359658e-01,-1.479388304346465e+00,2.744011454601146e+00
2.599265781256529e+00,3.123581386401479e+00,1.851415478086452e+00
9.157733589927702e+00,-3.250887760833627e+00,9.399254665126469e-01
6.681329387002864e+00,3.826872509824364e+00,-1.354002259056729e+00
9.194691042833243e+00,-3.785216996510968e+00,1.264607781145107e+00
4.461507824942594e+00,-3.308506698760119e+00,-1.324694848585775e+00
9.366270952352410e+00,-2.225003884627155e-01,-2.905150206872018e+00
4.629598154450056e+00,4.452999044485374e+00,5.299607700782483e-02
2.042547244183345e+00,-1.704523218545764e+00,-7.109710192774576e-02
1.513934641844473e+00,1.582179935580489e+00,1.652515265418900e+00
9.938118130350443e+00,8.867125598907624e-01,2.297596764828763e+00
3.338626614745709e+00,-3.503773634994425e+00,-9.144014535678524e-01
1.600530253175877e+00,-2.518330986058367e+00,-3.174704399043078e-01
8.408430890752161e-02,4.301527726438220e+00,-1.859796483881819e-01
2.855695665296224e+00,-3.151703763469005e+00,-1.104432650427504e+00
8.891161436025390e+00,1.950098897551133e+00,1.529245142481436e+00
5.340093206773017e+00,4.646944826003045e+00,1.388658421594755e-01
6.324350515249550e+00,-3.804940077977219e+00,2.600960839460850e+00
9.223911038905330e+00,-1.008180098126855e+00,9.444304334851683e-01
5.128399181070292e+00,-2.760678555572627e+00,-1.810207308105272e+00
8.382798458526146e+00,-2.784384825954571e+00,-2.106069373286293e+00
3.238332780763536e+00,-3.810141560003192e+00,-8.018328529703482e-01
9.771018628412198e+00,1.495511839914658e+00,-9.617889131765316e-01
7.881387351245239e-01,2.463435099107118e+00,-5.835079535284566e-01
7.248295255132646e+00,1.767939100230562e+00,-1.988055938123548e+00
6.605662867602944e+00,4.246564576191528e+00,3.004761653870629e+00
1.916715058508169e+00,-3.543211912819459e+00,-2.226071149588521e+00
3.888439988465360e+00,-1.801546266149938e+00,9.591205353652272e-01
3.128291167770064e+00,-1.554271902975440e+00,-3.059476227855886e+00
9.449286833249537e-01,-2.679178961530954e+00,-5.845810370292215e-01
5.847880229508412e+00,-3.577950558430334e+00,-1.198936063172019e+00
9.936698455651655e+00,-1.329652407373629e-01,-7.412610627648744e-01
5.595881410533893e+00,3.344396280474285e+00,-1.208039907234459e-02
5.452599068793620e+00,4.545397256033182e+00,6.306747347857220e-01
4.031370735454831e-01,-3.706593677815023e+00,5.247172545943544e-01
1.392202233636904e+00,3.231572280727359e+00,8.212982115524965e-01
5.132190891022610e+00,3.245811229652748e+00,2.164856936644753e+00
9.851785641840713e+00,-1.110218784474331e+00,2.429815550192259e+00
8.766077354618588e+00,-3.899703758545459e+00,1.490687602607544e+00
3.402091213731675e+00,4.900080067568981e+00,-2.645583912731376e+00
5.430042542281274e+00,1.555930305288187e+00,2.898385576648953e+00
5.527022222541367e+00,4.821956950415805e+00,2.811085082596025e+00
6.853606127621832e+00,-1.634448431534157e-01,1.330174171361532e+00
6.877820412391386e+00,-1.048070000632713e+00,1.095729172034234e-01
7.897924883859737e+00,-2.528145240295462e+00,-1.566911066784247e+00
2.497102483968239e-01,4.835720017720195e+00,1.610701713178083e+00
9.436801906374457e+00,-2.467427305377263e+00,2.374165523078441e+00
7.006204598924659e-01,-4.762372437819496e+00,1.037904306839903e+00
4.761601114769399e+00,1.246841358847783e-01,8.109872703560628e-01
9.195792763590427e+00,-1.229495069490846e+00,-1.928908329615350e+00
4.876688292310797e+00,-2.386174965707355e+00,-8.934907979810767e-01
6.363683423311683e-01,1.346081164811734e+00,1.402006231774243e+00
2.292400198119392e+00,-1.357313851021777e+00,-3.035414745929922e+00
5.786667553684227e+00,-9.774911168312714e-01,8.875896308625535e-01
8.786161789896907e-01,-4.769543961059557e+00,1.675538917168748e+00
4.236779310172965e+00,8.907092855305754e-01,-1.038582343206127e+00
3.290932661914049e+00,-3.779289701529573e+00,-2.663016445266750e+00
8.152076278242395e+00,-2.861951411045782e+00,2.005086192640215e+00
1.101319383354492e+00,2.171178206126382e+00,-2.250405570552562e+00
6.827984501587863e+00,-1.867572738160890e+00,-8.117805926745709e-01
4.065890708759091e+00,-3.367898025616190e+00,1.302215947814529e+00
5.877506804723286e+00,7.742414706248084e-01,1.991681700193297e+00
2.055317719205447e+00,-2.850955050620594e+00,2.276912745834593e+00
6.097036847616256e+00,-2.290217860412950e+00,1.911168514166275e-01
6.739777274161128e+00,1.213393099778738e+00,-1.516026023156747e-01
7.023156466107783e-01,2.398617813639149e+00,2.188541997196486e+00
8.243442675829369e+00,2.396596851955771e+00,3.963250768218409e-01
8.612541128882414e+00,-1.775658812916960e-01,4.941771011775522e-01
6.355405568279471e-01,-4.570308899056457e-01,-4.148575641039050e-01
6.031874880972858e+00,2.876451842312574e+00,-7.991333829042544e-01
5.940114969722270e+00,-3.069652748874829e+00,-1.222653995668566e-01
1.245841186844332e-01,-3.477975524715408e+00,-8.491882418369898e-01
3.423464139559513e+00,1.646950660295098e+00,-9.830266468093667e-01
9.689257827137476e+00,-9.049306561074468e-01,3.101784540382477e+00
5.554507522687429e+00,2.099984605701809e+00,-1.029100967562046e+00
9.332118027415051e+00,-2.433997765367640e+00,-1.530686058092898e+00
6.756446358773839e+00,-1.751281189332331e+00,-9.178220124336938e-01
2.839051822327643e-01,3.966776491853906e+00,5.703959856508471e-01
7.771319804839205e-01,-7.834347317841184e-01,2.582329386941259e+00
7.221789553674229e+00,9.095346972038438e-01,1.808704427304841e+00
5.545677903690194e+00,-3.933178058816905e+00,2.150364496552853e+00
1.271516645998757e+00,-3.211708278072413e+00,2.255717627799771e+00
6.140626783536163e+00,-4.641122711773558e+00,2.642257841806749e+00
8.102873605681962e+00,-7.562918823833344e-01,-1.664596536836129e+00
7.529824301326120e+00,4.889200044950240e+00,-2.615939420651556e-01
2.461624600320670e+00,3.738731526514661e+00,-7.213243345968032e-01
2.581949666560439e+00,1.329089149405069e+00,-7.421887318843492e-01
9.678378051021138e+00,3.610964919574661e+00,9.568264028988214e-01
8.874048021527162e+00,9.416935635242307e-01,-6.169895686215550e-01
3.183373144308720e+00,-1.312311196658623e+00,7.309248689186809e-01
8.240544896690084e+00,-3.264535988988847e+00,-7.396605721772702e-01
1.617385297325454e+00,1.530487417602242e+00,-1.186716627246213e+00
1.968411013265644e+00,-3.069487236092546e+00,-9.231433136951748e-01
1.811960538453453e+00,-8.257158279993977e-01,1.908561871297782e+00
8.772077501351516e-01,3.258018421552631e+00,6.349223861086402e-01
8.546781161613554e+00,-3.707706974382715e+00,2.978215591726425e+00
5.788068982045753e+00,-3.709785809432049e+00,2.090140713930943e+00
2.589560924939386e+00,-2.755975844084027e+00,-8.934307279258480e-02
8.486550327275941e+00,5.191730712229905e-01,-1.618697226118660e+00
8.026467593928203e+00,-2.482765217400869e+00,1.092703173879626e+00
1.009515181277556e+00,3.197937255000749e-02,1.424058988736978e+00
6.441393737349719e+00,-1.980173889403129e+00,-2.250889574152679e-01
7.218336015257706e+00,6.242204908405569e-02,-1.696949289431542e+00
7.158273369859639e+00,-2.223685509982698e+00,3.596389578061427e-01
7.231427078539375e+00,4.800123756085652e+00,-1.546736424632539e+00
1.694577856490374e+00,-7.282098858032171e-02,2.764590964519303e+00
3.150864542687693e+00,2.436434341082401e+00,8.098036135723556e-01
8.441785085044625e+00,2.005465588982051e+00,-1.307336324518976e+00
8.983917502275496e+00,-9.440625185638840e-02,-1.786116762338570e+00
2.791888865648703e+00,-2.611379383320748e+00,1.361712549889109e+00
2.301951617775244e-01,1.071827791286486e-01,1.305603685345632e+00
8.597669471661082e+00,1.809716237204345e+00,6.102998098682435e-01
3.770918378250826e+00,-4.008072943678815e-01,7.181745220016476e-01
3.294635559599364e+00,-4.180748926372583e+00,6.526281924253499e-01
3.469996796886257e+00,-4.820167704419161e+00,-8.789959675252259e-01
4.156964239676415e+00,-1.721231915321615e+00,2.748355794107584e+00
3.782666216549211e+00,-3.497760739066881e+00,-1.301972488854317e-01
5.664308991335604e+00,4.061902459259956e+00,-3.013868690069209e+00
7.894027849819019e-01,-3.241673299150751e+00,-9.527737855061100e-01
9.715401943085151e+00,-1.057172859884339e+00,-2.323003069649727e+00
9.364510344721612e+00,2.120775120714814e+00,-8.583849568105153e-01
9.344066466154992e+00,3.154216600160609e+00,6.802332552952652e-01
8.792776240819135e+00,-2.228684682186906e-01,-2.999187560278694e+00
6.603263021817297e+00,-3.188649903916079e+00,2.326038538521020e+00
2.211085627484324e+00,-2.291047764241469e+00,6.930926324071724e-01
4.948348714637230e-01,-8.103155235885282e-01,-1.285716420525211e+00
9.932106478176661e-01,-1.354054106744170e+00,-1.186232877270479e+00
3.239925004656055e+00,-1.513272428303435e+00,-2.157132088824043e-01
5.038830254957855e+00,-3.681461982433357e+00,-1.582785863287676e+00
9.932530711847940e+00,4.133102521709498e+00,-3.114311516877381e+00
4.354434917945992e+00,-4.702433935822850e+00,-2.974727285393663e+00
5.246460904913768e+00,-5.999787212424881e-01,-8.938417196746458e-01
6.951572471880806e+00,4.803214925030867e+00,-2.361084840289371e+00
1.807339704477963e+00,1.597239388241021e+00,-3.001077541632704e+00
9.328270015622557e+00,-1.445893362669167e+00,2.257355398804044e+00
5.290346058427343e+00,-3.539024155468301e+00,-1.419137112359336e+00
2.762563456017686e+00,4.638726056457610e+00,1.961973097497971e-02
9.351089863388404e+00,-4.860136381268503e+00,-2.014332131822441e+00
6.254506185589501e+00,1.813875706131435e+00,-2.848010994509412e+00
4.836897312492105e+00,3.801374714453273e+00,1.538540335170091e+00
5.801559099607742e+00,-4.748395101137578e+00,-2.356465580441748e+00
7.483022189052266e+00,2.251748640905012e+00,-2.980008590260954e+00
1.545380036929533e+00,4.988377612547350e+00,5.480843168851086e-01
8.648304307032253e+00,1.396424685733494e+00,-3.056973400427964e+00
9.595068102982129e+00,-8.532105215660124e-01,-4.003272154286166e-01
5.669996517500745e+00,3.744007193562819e+00,-1.326782237610168e+00
6.822708467975981e+00,5.417924642262832e-01,-1.134630263779994e+00
8.598334808462408e+00,2.494408467899401e+00,-3.117094243183661e+00
3.748106314165005e+00,8.777899181850488e-01,2.917572469707610e+00
9.928317948823985e+00,-4.617089075120507e+00,1.065823162887471e-01
6.805013693068976e+00,-2.868550117946524e+00,4.556071689197592e-01
4.239986983579821e+00,-4.212364260132504e+00,1.043778356391416e+00
6.773379750016272e+00,-3.933122376167770e+00,1.869384546089651e+00
5.216800325134364e+00,-4.845945064119280e+00,6.780129741045462e-01
1.116415715383652e+00,-7.883502098584705e-01,1.647439284005881e+00
7.958653047693184e+00,-3.213483682458349e+00,-3.221056452360664e-01
5.643755802529321e+00,3.556965204939717e+00,-8.088021464792745e-01
7.958455578738887e+00,2.500375375406604e+00,2.030310219743593e+00
1.549119403674658e+00,7.317699481549598e-01,2.295313718044776e+00
5.383571568007756e+00,-1.097865464960455e-01,-2.275727810753182e+00
7.666242722129128e+00,-2.441313594240242e+00,2.680418599089904e-01
9.883045675907983e+00,-2.504853412501449e-01,1.153859421005385e+00
8.843972763852587e+00,1.412292758644108e+00,-2.616326299885043e+00
8.643496270606393e+00,2.822288601927755e+00,2.699236406969178e+00
2.474601381463980e+00,-4.183179337404066e+00,1.263534284669969e-01
8.379846017090474e+00,2.084646887455500e+00,9.139359073049071e-01
1.692812775429631e+00,2.427298767612854e+00,-2.021660437677171e+00
1.981076645484335e+00,5.897220092485647e-01,-1.480100494953263e+00
1.101167437434720e+00,-2.856808042967987e+00,-2.381319586787609e+00
8.575965307137871e+00,3.918458750117502e-01,-1.482839763323248e+00
1.082544964513187e+00,2.704881815310323e-02,-4.777253260560776e-02
1.381114797450100e+00,-2.428990361320382e-01,2.096256597350295e+00
2.458871500823858e+00,-3.936008453281588e-01,2.118904657638669e-01
5.726624091206411e+00,-3.891744337084803e+00,-1.605582565043917e+00
8.801801853004031e+00,-3.171075151426352e+00,-2.861230171445811e+00
4.182281552555681e+00,-4.026679115486576e+00,7.663590808899956e-01
5.462859491917852e+00,-2.575221723320156e+00,-5.016501597895870e-01
1.664893999572530e+00,-2.365232172693270e+00,3.043285099460633e+00
2.659458558977916e+00,-2.549241385069546e+00,1.757783201556994e+00
1.339257624857749e+00,-2.890709318143966e+00,1.937500735338909e+00
4.099188448670898e+00,2.354220454847890e+00,-3.064717737594678e+00
5.903356586781924e+00,3.185653995981179e+00,1.745439554105833e+00
2.840195300334542e+00,-1.728907834274302e+00,-1.918801159371960e+00
8.459958555747926e+00,-1.948711083155511e+00,5.390713641785396e-01
9.812383510066343e+00,3.440323497525080e+00,-3.303600043004811e-01
1.201548523145810e+00,1.239239016657910e+00,4.499002618871613e-01
1.786005601532414e-01,-2.065616752109425e+00,-2.303142230181037e+00
7.897769073947838e+00,2.136122925865822e+00,-2.708575539747020e-01
1.906426778033449e+00,-1.554071897668327e+00,-2.909462345639939e+00
3.531465926608590e+00,8.655561434217312e-01,-2.883986151629260e+00
3.942312182758103e+00,4.926340299878015e+00,9.910979056616078e-01
9.165993889009446e+00,-1.984056247839667e+00,2.838104583477318e+00
6.588382157661620e+00,4.305260007083332e+00,1.742911111121555e+00
4.060949030289074e-01,-1.793475857153019e+00,-1.937999463278599e-01
1.481024071415460e-01,4.028670437482340e-01,-2.790546440340146e+00
1.995680975302802e+00,-4.001621040096008e-01,-2.858722711993887e+00
3.181719408727114e+00,2.831595623439362e+00,-2.149526318478280e+00
4.845238340865990e+00,-4.389073005180052e+00,2.989605567319990e+00
8.378394123088555e+00,1.271223040686639e+00,-6.367312983821320e-01
3.148177560347595e+00,2.606669443488228e+00,2.157691650672535e+00
3.765372192716553e+00,-2.785514861788077e-01,1.288947958280810e+00
3.293379300096576e+00,-3.947073934621947e+00,6.624278025420312e-01
8.965336032905613e-02,-2.551949865151869e+00,2.813774444914154e+00
9.552015391181198e+00,1.796723701008637e+00,-1.693874058472183e+00
1.389958841364738e+00,3.954373855003151e+00,-2.834366099757260e-01
2.876674782032470e+00,-7.839139299951139e-01,2.291621979117583e+00
1.293033020964418e+00,6.041203507825923e-01,3.252258876581484e-01
4.905431561567227e+00,-2.716149632731379e+00,-1.593132173265191e+00
9.321661149424990e+00,-8.778668596312853e-01,-1.828932092857794e+00
1.007007176254863e+00,-1.632101922295085e+00,1.588898190213851e+00
4.408969235884960e+00,1.555255479715236e+00,-3.061237661129996e+00
2.237484577157844e-01,4.846989516751110e+00,2.602445575087985e+00
7.708982213861482e+00,3.133034519856862e+00,-3.025869021276541e+00
6.412261435544250e+00,-3.078354150738148e+00,8.230284547622979e-01
6.996986637071502e+00,7.767859330676687e-01,6.581508522894337e-01
4.723363608957327e+00,-4.335882850515985e+00,4.926717922264392e-01
9.076330295564057e+00,-2.530845131573645e+00,-1.612073658210558e-01
4.095574508726095e+00,-3.277823239396096e+00,2.214385088153495e+00
5.140850747870770e+00,-1.644544623605371e+00,1.001117949559921e+00
6.952892222706294e+00,1.788139690442136e+00,1.770992945765106e+00
5.205606410954600e+00,-6.066830831732872e-03,-2.415747739602497e+00
1.893356479163280e+00,4.329092598292178e+00,-2.828070267868910e+00
3.170706180449120e+00,-2.872511601514913e+00,-2.962342745446466e+00
9.229446813880526e-01,-1.357908537460598e+00,-2.216670168533224e+00
4.326134972172978e+00,-1.701474232075305e+00,1.049341522229606e+00
6.093920930863280e+00,-2.640363740400701e+00,-3.756241648980652e-02
1.185299442691407e+00,4.931707691262446e+00,1.584947669620425e+00
6.305871214701289e+00,-1.127744545569456e+00,-1.936915418831189e+00
8.928721397521093e+00,4.405089804995985e+00,-8.358958600030628e-01
3.377237329855196e+00,-1.095265261470106e+00,2.441002088921789e+00
2.220330962188198e+00,-2.959083212593391e+00,2.737675233730904e+00
8.930060638419031e+00,-3.807936693172889e+00,2.649802430237227e+00
6.919452358975486e+00,3.555631931755052e+00,1.999969576923380e+00
1.053948680565538e+00,-4.679023595149218e+00,1.182720906690315e+00
4.081119520617325e+00,4.643945883392814e+00,2.599214865658354e+00
6.740895997545487e+00,-8.180878821445159e-01,1.345742630871174e+00
5.743838749754548e+00,-2.526256489156429e+00,2.852165568388241e+00
6.185471193498731e+00,1.174461322153625e+00,-2.985842969946126e+00
5.671351739739261e+00,-3.670870081638137e+00,2.649255358981359e+00
7.980613653048902e+00,-4.278544264336443e+00,3.502281176852327e-01
3.204269567969786e+00,3.277833519095669e+00,-2.439146661975780e+00
7.084623478993630e+00,-7.532922537467321e-01,-1.791265321229114e+00
9.910794424942843e+00,1.825491210453203e-01,2.212682038481069e+00
3.899588577811803e+00,-3.233039911249351e+00,3.843396081631001e-02
7.910483145547930e+00,-4.385757554730577e+00,3.033633226311166e+00
2.461092371361711e+00,-1.322238673481533e+00,-2.403122913211644e+00
2.818967122840493e+00,6.146252380089390e-02,-5.497569500518167e-01
9.348638741835432e+00,2.654306218780279e+00,-1.056364028996354e+00
2.593835624868879e-01,1.052000235463346e-02,1.013819348080518e-01
2.174273448608293e+00,2.825070176859029e+00,8.384145429443062e-01
4.829206978120030e+00,-3.845672203256862e+00,1.015547907226044e+00
4.018476217041864e+00,-4.360372279560484e+00,-3.133450399968240e+00
6.291697312350313e+00,-3.411390358565484e+00,-2.582637763133123e+00
1.927220503603819e+00,2.720121268887286e+00,-2.921280089149327e+00
7.054700436853134e-01,2.593302308387014e+00,2.290843999659875e+00
3.693333978047570e+00,-3.586321954893585e+00,-1.173119371683858e+00
5.243552421441810e+00,-4.690113417493203e+00,-8.352650287894527e-01
5.620018370849113e+00,1.852819362121652e+00,-3.118266394318141e-01
6.014935235424668e+00,3.552817832429774e+00,2.194744256556889e+00
5.486619957615550e+00,2.541076955101822e+00,-3.052583410854835e+00
2.457519709711876e+00,-2.972010193849218e+00,-2.396292054843320e+00
7.645497359690018e+00,8.376789722533564e-01,1.163414208467204e+00
8.778026173939857e-01,2.573657206255412e+00,2.914722682786847e+00
1.983538795521830e+00,-2.441712954529605e+00,8.971535443581127e-01
7.393780090191141e+00,2.772080136945299e-01,-1.500905513154879e+00
2.797261341052517e+00,-1.855395960262297e+00,1.248118870875889e-01
4.934734416094052e+00,-2.744245826729789e+00,2.984390345370440e+00
3.271977408555589e+00,4.695893267708525e+00,1.764101448710873e-01
5.069812116160032e+00,4.125819603869264e+00,-7.947750023620785e-01
3.466557999473650e+00,-5.433226904851294e-01,-7.324588410299651e-01
9.942079899060504e+00,-3.632219389360236e+00,2.934458079144093e+00
3.574775893581466e+00,2.279073033206487e+00,1.375493104259441e+00
6.270494173976454e+00,-2.442988698717797e+00,1.176041736347293e+00
8.883432176508775e+00,-3.314821941619055e+00,-1.683552349074968e+00
6.379349943647505e+00,-1.184709822618154e+00,3.737530019989905e-01
5.658572551096086e+00,2.984980916673905e-01,-9.000964638275284e-01
5.692294547562082e+00,-4.025596701795854e+00,-1.632361955582138e+00
4.964607109233855e+00,7.174647304852657e-01,2.485328311705119e+00
8.075804014044550e+00,-4.846516252373785e+00,-7.341537056120289e-01
5.042407836138196e-01,3.918690605930866e+00,-1.364788509290500e+00
8.851299079293277e+00,4.207416892788666e+00,2.712579252779442e+00
5.862922202456428e+00,2.330707735118515e+00,-1.901628674951829e+00
8.488732212557483e+00,-3.345059142582238e-01,1.542552056173143e+00
1.039270254420854e-01,-2.451037294366888e+00,9.597386138114929e-01
8.692764039616176e+00,2.441120907113965e+00,2.641981582246552e+00
1.201375191732669e+00,4.317972019520637e+00,2.086313696053761e+00
7.212180063923991e+00,-3.414662951025604e+00,1.289907896992586e+00
4.165213928878437e+00,-3.417801070230198e-01,-1.165080617042720e+00
6.810723910979243e+00,-1.847383639640718e+00,-2.784072328116372e-02
6.281897376773642e+00,-1.432582109540901e+00,2.792849236800204e+00
1.633965470672418e+00,-9.424221867706750e-01,-2.995806226032237e+00
5.146137644475518e+00,4.517963443713384e+00,1.849341390861439e+00
2.772304731945407e+00,-2.413628321319063e+00,-1.559421559422236e+00
5.604368428480124e+00,-7.324160906493304e-02,-1.979096913906963e+00
7.380032830528441e+00,4.514874716617904e+00,-1.682482368286030e+00
8.125841458183791e-01,-2.394310978168264e-01,-2.766166101727391e+00
5.157624235310253e+00,3.635995219214534e+00,3.091200403383644e+00
6.176298207622585e+00,-4.412352256747191e+00,2.323956366291333e+00
2.953674535972138e+00,4.530304184632360e+00,1.322985527384453e-01
9.530034827960071e+00,-3.124688529739491e+00,1.351533131037547e+00
5.203028255068295e+00,4.799350347312842e+00,3.555991527754796e-01
1.825170898459327e+00,-3.244231347414516e+00,1.957708245799994e+00
1.077882617992840e+00,-5.563405220502577e-01,2.166223586017969e+00
5.416595491653656e+00,-1.913855084274555e+00,-1.678927255765554e+00
3.752383811269290e+00,-6.676857890495587e-01,-2.529122160315986e-01
1.925470977683846e+00,-2.494752600744745e+00,8.472733021663705e-01
3.069848678577458e-01,4.653174124276418e+00,3.006132397232711e+00
5.666000800378800e+00,-1.942750159269083e+00,1.147871222514783e+00
5.986002368336619e+00,1.532749120642229e+00,2.498414457127886e+00
1.418026011814685e+00,-3.625525104012115e+00,2.174686153399861e+00
6.017380497703043e+00,3.243874848498837e+00,5.156174359672967e-01
9.519727547075984e+00,4.250794350951335e-01,2.473409574433350e+00
9.782956099897394e+00,4.794461245313158e+00,-7.701819987079475e-01
8.884929365570050e+00,-7.659778316656487e-01,-7.584839478217615e-01
8.070785808357407e+00,-3.045521250233396e+00,1.765359201444599e+00
2.093678367133313e+00,-1.539810005590164e+00,-2.296229870497809e+00
1.564351824959301e+00,2.369656060934942e+00,-1.220036140690053e+00
4.449476022853545e+00,1.591065209958760e+00,6.821808280918620e-01
6.196317513185524e+00,2.783474076177251e+00,-5.022426547373877e-01
8.506786840083780e+00,-4.265297077957909e+00,2.769148738495396e+00
2.319630411368015e+00,8.036877534478650e-01,2.880878599883619e+00
4.796479005203325e+00,4.321686770363048e+00,1.621884161209319e-02
6.474402419568460e+00,-3.920980805184227e+00,2.454330956163084e-01
4.455938545344191e+00,-4.056647410870211e+00,1.411373642941599e+00
4.541936770792843e+00,2.166043645195139e+00,-2.685123938698624e-01
2.251171610282791e+00,-1.848175441557981e+00,-1.947168752908840e+00
9.866609049110760e+00,1.585792103609069e+00,1.551753051617956e+00
4.751932834074434e+00,4.538451305035993e-01,1.494052806237390e+00
5.327419454054919e+00,4.860666583399055e+00,-1.602330984221921e+00
2.185592912868290e+00,3.890564169548741e+00,2.091776185605389e+00
5.141367183318186e+00,1.780727815617117e+00,7.140789611199212e-01
2.553495585343067e+00,-2.383253738968495e+00,-1.656865847593413e+00
2.023362513834664e+00,-2.380918378495305e+00,9.552901167569612e-01
2.757222509429345e+00,3.822438005689460e+00,-1.673780710383759e+00
2.759648505280987e-02,8.534106527539294e-01,-1.475084853534387e+00
5.701511120016839e+00,2.892817820521023e+00,2.186606963267343e+00
3.874800055228432e+00,-5.013579346316988e-01,2.698575117405134e+00
8.986890191939302e+00,-3.969263633484734e+00,-1.527551308924248e+00
4.070717361252119e-01,-1.673135417603739e+00,2.689523986936623e+00
4.320030085575011e-01,-3.388508057116368e+00,-1.641175249874772e+00
8.858735173125835e+00,2.818328164255023e+00,-2.404780065400961e+00
1.266446422043412e+00,2.005119896570902e+00,-2.775761238365429e+00
2.160104124001805e-02,-4.115870776119594e+00,-1.620350296116559e+00
1.789138637130138e+00,1.213853987618770e+00,-7.210172495648255e-01
8.238761750976041e+00,3.741355069947955e+00,2.686365700011216e+00
8.027140827601023e+00,1.973642953999666e+00,-1.620069067820875e+00
3.401322108434510e+00,1.111191298442140e-01,-8.453061679110210e-01
6.680309172598520e+00,-1.881367150611127e+00,1.471244751778595e+00
5.072497073358278e+00,3.870967495858956e+00,-1.243605182268432e+00
9.047349898459061e+00,-7.719511785898012e-01,1.158419261744998e+00
5.642347541742232e-01,3.553935802337854e+00,-4.267676481294056e-01
8.131791287366317e+00,2.829998382181971e+00,-1.907292613372092e+00
1.705986694274600e+00,3.162269652808597e+00,1.470635447583877e+00
3.916208974317593e+00,4.897975201616463e+00,-2.971702653119798e+00
1.919571514347659e+00,2.487585158729645e+00,-1.304798775914337e+00
7.026144095941390e+00,-4.659590642813516e+00,-9.036380399984258e-01
6.783261797532577e+00,-2.945660650192551e+00,-2.625224463700091e-01
5.478976016990269e+00,-4.648048496748355e+00,1.130151715566155e+00
6.981630368036552e+00,-3.100864300583094e+00,-2.550659440751630e-01
6.395647806046738e+00,-4.385604893138867e+00,5.926558764295118e-01
7.764420556842681e+00,1.617041186252965e-02,6.017976982500310e-01
2.394066512905487e+00,-4.717937868669222e+00,-7.962577073765149e-01
4.289126149407205e+00,-2.742090038474050e-01,2.726721880728049e+00
1.516265293542287e+00,3.988409071200120e+00,2.864214092384393e+00
4.295935642201940e+00,2.485760125748095e+00,5.142842723220071e-01
7.016917514203413e+00,4.439559236517560e+00,-2.691145567858765e+00
6.913911607843516e+00,-2.733532262434796e+00,-5.574715790599960e-02
7.094269032949429e+00,3.108581640529371e-01,-1.982851849117736e+00
3.087675286443565e+00,-1.814205468341612e+00,-1.054662695421560e-01
6.622139737909238e+00,-6.180204307965909e-02,-1.957318066593695e+00
3.674663195889382e+00,5.707582958428850e-01,1.280860284252555e+00
9.444920461050499e+00,-4.638138695241349e+00,-2.636241588119567e+00
3.433663658803388e+00,-2.667438647850169e+00,2.848193512495483e+00
6.030182340443880e+00,2.047727792439974e+00,-1.914009735725008e+00
7.501457141921760e+00,2.729280245402997e+00,1.009433530169925e+00
9.064074290263411e+00,6.945136748750329e-01,2.619851715750589e+00
4.379286034539110e+00,-2.291709720513233e+00,-1.584077007714226e+00
3.604851082082679e+00,-9.491588327725999e-01,2.728767894983751e+00
4.300281753165890e+00,-4.039631881186154e+00,-6.994777050402301e-01
3.236963515497808e+00,4.531796167925917e+00,2.893600464464881e+00
6.539244900673140e+00,3.686774712102881e+00,2.961666467766333e+00
9.327167640085840e+00,-4.343976530925366e+00,-1.959851757483014e+00
1.260710064893668e+00,-3.335093343416695e+00,2.080283090798418e+00
5.609220647701569e+00,8.109444118875349e-01,-1.926292587654236e+00
8.976487253603310e+00,-2.675699258707841e+00,-1.718824274976910e+00
1.001145446560175e+00,4.344006980141282e+00,-2.613010239565593e+00
4.938654107662809e+00,2.555905808710746e+00,-2.158042011321684e+00
8.652295958604462e+00,-2.267084870889172e+00,8.307562786206724e-01
9.004522117120823e+00,-4.938985888095239e+00,-3.188545009180914e-01
5.143521611529165e+00,2.994473912029747e+00,1.828056556187797e+00
2.495188446771746e-01,-7.591029039893442e-01,-1.055595144640739e+00
1.056391784278217e+00,1.423777118577770e+00,2.944454995849404e+00
5.867167452412337e+00,-2.130251745787025e+00,-2.828234237881784e+00
1.238586064663449e+00,-3.571267406418290e+00,-2.746154389595048e+00
1.494177769112708e+00,1.753115917857457e+00,1.265275805488889e+00
7.721170977821139e+00,-4.967541185334090e-01,2.434978628022232e+00
7.506920585755004e+00,-2.648302989300191e+00,1.856682462344439e+00
8.427727594254719e+00,-3.623720004337968e+00,-6.398112389890853e-02
1.057351365061057e+00,8.047959444163340e-01,-1.447386014030189e+00
1.981448810968177e+00,2.255499402075744e+00,-3.057074202303312e+00
8.329614298586506e+00,-2.161130378768847e+00,5.938523640021920e-02
7.210876086977921e+00,2.351425353471239e+00,-1.530822870933761e-01
8.059561278280402e+00,-3.168778012672281e+00,-9.786318759815611e-01
9.897456749079222e+00,-1.615843089048907e+00,4.905457942792646e-01
8.644316061557021e+00,2.448822867999555e+00,1.437685144652759e+00
5.204632508497603e+00,1.601435196470793e+00,1.262218014254515e+00
3.107681847972574e+00,-2.294763730960875e+00,-1.487526266017938e+00
5.696765865747011e+00,-3.778649984530669e+00,5.359788829514343e-01
6.385865502344524e+00,-4.575265750527580e+00,-2.206815035667510e+00
3.353121412596209e+00,3.379151799192856e+00,-2.377545734744538e+00
7.709370374846785e+00,-4.248580504321399e+00,1.796085190354823e+00
9.275379265788675e-01,-3.851548477936122e+00,1.217341405372926e+00
7.793928506817100e+00,-2.622893697246663e+00,1.683446931817429e+00
3.199851868194847e-01,-5.433029576015214e-01,-2.183643932410647e+00
4.979660607214901e+00,2.897870802364960e+00,2.605125428816000e+00
8.614364634832663e+00,-2.525196740588940e+00,-2.305227721176097e+00
8.649527402139756e-01,4.350824835975189e-01,2.325010841693249e+00
5.177389364941697e+00,-4.096274779499569e+00,-9.275282679020105e-01
1.593914389613164e+00,-3.548899486347521e-01,-2.479130709361884e+00
8.948157500609353e+00,-3.223610066226917e+00,-1.339770134009318e+00
8.323455270336302e+00,-2.888084411094349e+00,-2.001521156664211e+00
9.339172432934877e+00,-1.331715658910706e+00,-5.862388642807392e-02
8.749823415300936e+00,2.613476987008574e+00,2.825833362775843e+00
7.365533098659906e+00,2.439864299002346e+00,-1.081517388486609e+00
1.848891955885028e+00,-8.502702351467999e-01,7.043386997875918e-01
3.025026156689007e+00,-3.813288458075914e+00,2.461254850964860e+00
4.968551583080075e+00,-2.193083799760537e+00,8.172786039144753e-01
5.888967815147237e+00,5.355776530138190e-02,-8.658283334038206e-01
7.821833953132099e+00,3.694117786951232e+00,3.084033192060336e+00
2.269596281870609e+00,4.682546148133305e+00,-1.964038266653021e+00
1.282773941469633e+00,1.374709350239135e+00,1.461218510950055e-01
4.826101705936361e+00,-1.493135095025987e+00,1.864255630222436e+00
1.578414108729206e+00,1.934534536943787e+00,-3.137515685795901e+00
6.937368023295722e+00,-1.637698641794014e+00,1.269475193276141e+00
5.756308900917173e+00,1.254734534166064e+00,-1.467130701427469e+00
7.411077970188847e+00,-2.562334283043234e+00,-2.075168203336446e+00
6.343655965510842e-01,-2.330112987686221e+00,-1.418778030044153e+00
9.646975604442039e+00,-4.247744109588769e+00,2.933094107986620e+00
5.536675737993768e-05,-7.985884778682504e-01,2.462601862220414e+00
3.254424150135348e+00,1.181745200956677e+00,-1.798533793392899e+00
6.796347933662398e+00,2.887949438106211e+00,-2.406291752185343e+00
4.514207386211888e-01,3.103485448376937e+00,-8.535543593333115e-01
8.334958135760695e-01,4.924444495071638e+00,5.801672150814619e-01
7.668143722822029e-01,-4.122442741630381e+00,2.306837735910803e+00
5.815097267209794e+00,-6.863231554171279e-02,2.928530625473313e+00
8.959253150385381e+00,2.137457540241341e-01,1.578043152753879e+00
5.554369777122620e+00,3.045334263778923e+00,6.220806641518477e-01
6.035713522796716e+00,-2.336414844111530e+00,-2.247294158262287e+00
3.460016512079894e+00,-4.306276800605330e+00,-2.676458646846644e+00
1.874115865553228e-01,-1.862411897315803e+00,6.033546722689951e-01
2.161471775121637e-01,4.839278290642609e+00,2.454470153928656e-01
8.883099664809112e+00,3.994411978245862e+00,2.174535713504496e+00
1.025724387196467e+00,-1.047530390533484e+00,-1.114600311486836e+00
9.997893718125953e+00,3.762719987450605e+00,-2.892207641860105e+00
1.644226115112781e+00,-4.672455158833413e+00,-4.793550827065189e-01
6.746344439551894e+00,-1.857959225357995e+00,2.947959358490270e+00
9.489554721809057e+00,2.268118479875445e+00,1.857151899868165e+00
3.622892776420263e+00,-2.785477489831610e+00,-2.929395828369145e+00
7.344331887479894e+00,-3.016090485126933e+00,2.354176983883168e+00
3.508566434423352e+00,3.618075459643734e+00,-1.778801828500938e-01
3.049410567614453e+00,1.159539610767438e+00,-8.496875155423975e-01
2.018040825754389e+00,4.890227183120357e+00,-9.629638653994963e-01
8.209349068988645e+00,-3.653303237208515e+00,5.978089727563698e-01
2.573870636091478e+00,-1.438715927668533e+00,1.922618163552392e-01
2.831581629058576e+00,-1.887866281963155e+00,9.841179992620601e-01
9.989697421987774e+00,3.801322377189097e+00,4.627029711388002e-01
3.273104354453198e+00,-2.447034799569894e+00,-2.237162215896095e+00
4.227744888320490e+00,-1.465390023258299e+00,-1.525331142882009e+00
9.900554577748348e+00,-3.571661243245725e+00,2.142751996743986e+00
3.693003454174263e+00,2.754009826491871e+00,1.025783500807544e+00
3.661520072358670e+00,-2.622967160411471e+00,-3.242084322537542e-01
8.277144662138603e+00,-4.316797277677805e+00,-1.994274020021296e+00
3.119303684876921e+00,-6.489126730910328e-01,-3.093268449340157e+00
2.337861036424072e+00,-1.085418760384653e+00,-1.181946304380672e+00
4.232102551753223e+00,-3.223907956946245e+00,-2.796979059684636e+00
7.006408005761927e+00,-3.664024401039845e+00,-1.113120746888510e-01
4.324302497926535e-01,3.965572133832607e+00,2.021938159799421e+00
3.739160272185668e+00,-4.321555134487695e+00,-1.348379977703821e+00
3.462449019458403e+00,-4.006890433036800e+00,2.185003838393244e+00
2.448183472620325e+00,-2.549527188615940e+00,1.285316007863323e+00
6.542873359043449e+00,4.528391896565022e+00,-2.354546226244213e+00
2.899900804136774e+00,-4.146157504801449e+00,9.083091512031389e-01
6.067315590080030e+00,3.160148267428822e+00,-2.188560316931773e+00
5.043368414546270e+00,3.920521533188271e+00,9.725800359561756e-01
2.171898708258986e+00,-1.221322585491146e+00,-2.244891100024451e+00
2.665660570421816e+00,-2.061056001681576e+00,-6.753710057397999e-01
1.706000533065639e+00,1.773777282574081e+00,4.184241403029652e-01
5.662921485095784e-01,2.026346006102228e+00,-2.825082399837537e+00
6.191884631049116e+00,2.799771628241555e+00,-2.178327913731806e+00
6.727886939143344e+00,3.305667813289258e+00,-1.128404631730844e+00
1.659999936086699e+00,-2.316045439876599e+00,-2.367498834540278e-01
6.153923846860732e+00,1.869616018866490e+00,2.252442097977727e+00
9.820847400575781e+00,-3.650942757153245e+00,-1.964921136413908e+00
7.440209493782213e-01,1.073133154415364e-01,-9.583682827205986e-01
4.903708724988637e+00,1.128869165125944e+00,-1.522023962889589e-01
7.330382136438538e+00,-3.382680633234521e+00,-1.283161176418597e+00
4.600919782972690e-01,-4.234934602804592e+00,7.900965956694455e-01
7.782734939976157e+00,-3.052537137238071e+00,-1.529312005618910e+00
9.795112370928859e+00,-7.941125214763289e-01,1.711228164342904e+00
8.848786353275317e-01,3.878409778153747e+00,3.238413304076504e-02
8.222299054659253e+00,3.191442453472710e-01,-2.599323077889099e+00
3.785815445120942e+00,2.484928917339905e+00,7.979575925494755e-01
1.441162024340118e+00,-3.258554717085534e+00,4.350697656859857e-01
4.931932091963478e+00,-3.940218019447745e+00,-1.014122732588545e+00
7.151873578121570e-01,-2.603826423677602e+00,-3.071490662584843e+00
5.221014081671842e+00,-1.861195872096410e+00,-1.880547672671492e+00
1.935678800404961e-01,4.810201882219944e-01,-5.924445027334433e-01
7.286114416727302e+00,3.812433203644407e+00,-1.885495733760743e+00
4.879696858115886e+00,-7.390738322263459e-01,4.868910725250601e-01
4.589396609351805e+00,1.879818784497012e-01,1.334076653865921e+00
1.961914937420837e+00,-4.953864640150794e+00,2.236924909993355e+00
3.612631557947657e+00,-4.666879371087134e+00,9.235190301245098e-01
1.818694324216663e+00,-4.162308000724524e+00,1.187579961909695e+00
7.353901005357393e+00,1.989940854790286e+00,6.813603342995802e-01
1.990252994330273e+00,-1.380863122808265e-01,3.050398864032682e+00
6.167533270517151e+00,-3.070388014681419e+00,-1.501677712781403e+00
2.796075010677521e+00,9.259943868981910e-01,-1.468640024283006e+00
6.569821959233272e+00,4.461215181903615e-01,-2.347814974005470e+00
5.404549589213423e+00,-4.112006981900043e+00,-8.994803335892509e-02
4.234386316527200e+00,1.404127727171463e+00,-2.537390850222627e+00
6.730008334104714e+00,2.671548726305102e+00,-1.444211525175061e+00
4.157220716082292e+00,-2.134455922909031e+00,-1.088189338775893e-01
8.213706025750328e+00,1.874888619943076e+00,2.875158050641278e+00
7.295984582352659e+00,-3.002804829912160e+00,2.914222988175515e+00
5.406389945130812e+00,2.567288137117449e+00,1.531465057895320e+00
8.770606825859970e+00,4.117741691227202e+00,-6.958617575601695e-01
8.288618214680556e+00,-5.813287619835297e-01,2.294375947630503e+00
5.318393946204992e+00,-2.553779217883822e+00,2.359058378041414e+00
6.844769370079751e-01,-1.008232978023002e+00,2.577346156064447e+00
5.659963521992441e+00,-2.499225273442831e+00,8.798033255829392e-01
3.552569895602855e+00,-4.987606242336246e+00,-1.873691125131665e+00
5.401129428037342e+00,1.504566118044451e+00,-2.569315280350483e+00
6.471304604975934e+00,-4.574733580378031e+00,2.606111352762952e+00
6.448385748506396e+00,-2.896092597827690e+00,-2.792586163169128e+00
6.735240435180014e+00,2.224495561298211e+00,-1.282460579588489e+00
6.792686250450148e+00,1.657250139157834e+00,-8.192163378007500e-02
1.092814187135042e+00,-4.266710879538343e+00,-3.003509019826772e+00
1.917123304572936e+00,1.600547410790770e+00,2.556705125038401e+00
6.305410045423510e+00,4.305748895757826e+00,-1.337558237225781e+00
4.081723887310367e+00,-4.254975309818168e+00,-2.962491719827926e+00
7.628516453057635e+00,-8.431177232336378e-01,3.101317418344474e+00
1.249092822628322e+00,2.294338901141414e+00,-1.185051595121265e+00
1.915229944205393e+00,1.677230031779134e+00,2.367283730972971e+00
5.584646424364729e+00,-2.734894575305017e+00,-2.923286275328278e-01
5.007480192678987e+00,-3.369327225032936e+00,1.024950264729201e+00
2.663971539766900e+00,2.842470040409319e+00,-1.626778568310956e+00
4.083432435051585e+00,4.562446552387966e+00,1.806621221536142e-02
3.498127805665308e-01,2.675834675428291e+00,-1.522722466967563e+00
3.703810799437413e-01,4.632044821977502e+00,2.834243615070440e+00
9.492700282487165e-01,1.049954241370427e+00,-2.758661333756034e+00
5.767924532005605e+00,4.290988606919171e+00,-1.415765468026025e+00
8.637164146131536e+00,1.904356945448868e+00,2.469975917260071e+00
2.602232892595751e+00,4.088847502010866e+00,-1.254377784621434e-01
3.393982972342025e-01,-3.384110320304092e+00,6.288470213983985e-01
7.086271020523125e+00,3.155652157439489e+00,9.531175629779556e-01
8.553522390050665e+00,-3.032541990465475e+00,-2.695941953739333e+00
1.381727852631017e+00,-4.725708980540428e+00,-3.030136857345106e+00
3.857476959404002e+00,1.758613404296296e-01,2.751036462992539e+00
1.587368405902048e+00,-1.817482194381557e+00,-1.435689965162980e+00
1.063574306093652e+00,-4.564686382119821e+00,-7.520149059735108e-01
6.481685384743745e+00,4.803043787281593e+00,1.144125134827950e+00
9.675364761781314e+00,1.664660954899928e+00,-1.656851605136900e+00
6.781656256207622e+00,4.018121732155986e+00,1.464430608560765e+00
9.848146628076183e+00,4.990825858719482e+00,-2.623721074916241e-01
4.343952760702914e+00,-1.080332633289079e+00,2.240645488977909e+00
8.978697888273601e+00,-2.452629712658848e+00,-1.391470223495654e+00
2.050842246663046e+00,-3.161156073131712e+00,-1.860938239069897e+00
1.179043670107931e+00,1.518710779134258e-01,2.084059391629180e+00
7.025200509124363e+00,1.060807775021575e+00,-1.091225516677090e+00
3.714083308626358e+00,-2.757726396747522e-01,-5.537456285514697e-01
3.176876027471016e+00,-1.127479851543176e+00,1.845420738948758e+00
6.712805779976581e+00,-3.317274365408717e+00,8.518525076302135e-01
3.334840417694881e+00,-5.814037618937604e-01,-3.661470290249405e-01
5.725581722485213e+00,-4.147568629209351e+00,-1.571484279637045e+00
2.994551062613043e+00,3.650477588875919e+00,1.660023645632017e+00
7.837575882112514e+00,-4.530973479020406e+00,-2.007911028722654e+00
3.123883404953154e+00,-1.193539382684453e+00,2.690960093769386e+00
5.349941444962202e+00,-3.998621309570315e+00,-2.197128936643186e+00
2.317608369701174e-01,2.749804994670782e+00,1.915954892907277e+00
7.917307833583927e+00,-1.872630211720732e+00,-4.759584075759924e-01
6.203377748219761e+00,-3.868943873474452e+00,-1.972881023778127e+00
1.922370669928957e+00,3.149129886451387e-01,-6.133712209419904e-01
2.153733760910251e+00,4.162770072295402e+00,-1.749541537263418e+00
2.624929185048220e+00,4.086448711192034e+00,-2.287119344788286e+00
5.765301045955619e+00,-2.503489588672101e+00,-1.638934964896636e+00
5.483163330930230e+00,2.196596759602335e+00,2.308432684532572e+00
2.738637196418894e+00,-4.697158071590088e+00,-2.475937001169035e+00
6.940622919770036e+00,-3.681482034965754e+00,2.969053794923910e+00
8.890411659337312e+00,-5.276296862204433e-03,-3.110186442820765e+00
4.351547765353847e-01,-2.712435655116479e+00,9.942396467062737e-01
4.171966378226815e+00,2.982618539601381e+00,2.240030864968094e+00
5.935201185448099e+00,4.310721720526612e+00,2.726636318648294e+00
5.864352035369994e+00,-4.956666835172178e+00,-2.236904488336780e+00
1.953534698951076e-01,-2.670841703990202e+00,1.245380712667500e+00
2.105660658486050e+00,-6.044665392377269e-01,-2.467097635903384e+00
6.183072131212153e-01,6.307928835238847e-01,-9.260692961353074e-01
5.689650725499341e+00,4.159027775921011e+00,1.457236281835622e+00
6.453898876694671e+00,3.918834905152934e+00,-9.677787622844911e-01
1.597421634234776e+00,1.371700994679658e+00,-1.172601165212793e+00
3.330111193420726e+00,-2.426119859161155e+00,-2.412399977900174e+00
3.298037433760210e+00,2.832878098783613e+00,-2.724149795470539e+00
8.198023315897835e+00,-2.973482287127682e+00,-2.417279672527080e+00
1.946594045291333e+00,4.651723240968167e+00,2.359177589152396e+00
5.483141213256585e+00,-4.941600842660020e+00,-3.071230243454286e+00
7.829355125008844e+00,6.977050390790147e-01,1.211811997720543e+00
8.295781928970477e+00,-4.116027530783723e+00,1.687815814386584e+00
6.665660942847330e+00,-9.240046981797869e-01,4.265547950228004e-01
2.995277522618829e+00,1.349335403104171e+00,1.450004358645021e+00
8.230465748288562e+00,1.895984955919163e+00,9.567385471476086e-01
7.421660271001266e+00,2.855694696739351e+00,-2.792342483490886e-01
7.044691338292692e+00,9.332770276477014e-01,-7.369521162532191e-01
6.733539888500717e-01,-2.486806487140055e+00,2.772970665135738e+00
4.326488065154954e-01,3.892532429348716e+00,2.965273860818593e+00
6.953652977015795e+00,3.111074130136876e+00,9.504662606532195e-01
9.447948012339307e+00,-3.399476822931500e+00,-1.901927481616138e+00
7.737239280630194e+00,3.265111842078490e+00,-3.273592170626438e-01
8.314755664936886e+00,4.726445159104816e+00,-2.175559143892691e-02
5.449822808497904e+00,1.372191168079176e+00,1.620873643313177e+00
3.045861440880739e+00,-2.181947768861062e+00,1.054174806405136e+00
6.777368967668842e+00,1.065938312734143e+00,9.308180531559973e-02
7.119708754926926e+00,-1.574649308517010e+00,1.133263939424208e+00
6.753579716940069e+00,1.759464706423063e+00,-2.990439027655073e+00
9.467090567193205e+00,4.479995945587341e-01,1.738150989910730e+00
3.671790332645565e+00,4.294906120897512e+00,-1.811868110351769e+00
3.965753895578350e-01,1.179085432008028e+00,9.827476075992134e-01
9.084443527574095e+00,-2.860183162728309e+00,-2.425477590351063e+00
1.604991188540813e+00,2.251098733418847e+00,-2.422414011060216e+00
6.973183393874325e+00,-1.991216821391181e+00,-2.917549069746384e+00
8.732044397726844e+00,-2.276090470511956e+00,2.577568765279538e+00
3.101413980146352e+00,-1.082233744254966e+00,6.569620500661437e-01
8.304152408549264e+00,-4.880033209373243e+00,-8.673187341165343e-01
3.320581262714442e+00,4.691406601612803e+00,1.808160874105853e+00
7.942579282362497e+00,3.233111135869828e-01,7.921978304617667e-01
6.982986297372573e-01,2.734938938729603e+00,7.544881458291020e-01
6.552429986709277e+00,-2.421477776221217e+00,-8.141252408046018e-02
6.771380805787961e+00,2.466181316336256e+00,-3.091787234328440e+00
4.914258300809564e+00,6.717050227813539e-01,-1.517624830763802e+00
6.870908638627108e+00,-7.585582622049758e-01,-2.456243568722837e+00
9.231836705538409e+00,4.706692261964619e+00,1.020451198044168e+00
7.338548249682280e+00,-6.156285853594134e-02,-1.579461959078815e+00
9.612960289846598e+00,1.574585818896769e+00,-3.131120842412005e-01
4.486123138520718e+00,-4.846578085101203e+00,-9.209245962627022e-01
5.282907317039571e+00,-1.985447935013517e+00,-2.241848447450486e+00
2.637386972377068e+00,3.886915661600664e+00,2.880025112497187e+00
9.856016678008684e+00,2.589590611160189e+00,2.723253850664014e+00
5.513673516127238e-01,3.675403617564976e-01,-2.609983742217256e+00
3.586204176168103e+00,4.001597071132855e+00,2.056897179366758e+00
2.976971647686129e+00,-1.377948679244421e-01,-7.305030593309203e-02
3.865117131280554e+00,6.650706418777563e-01,1.719933288046212e+00
9.177178605198655e+00,-1.178471528024544e+00,-2.191844389556992e+00
3.680378740685148e+00,1.200400367228842e+00,-2.310489734586082e+00
9.169766527000005e+00,-1.809984690791262e+00,2.455201788294961e+00
4.233388616632027e+00,-1.145078224576428e+00,2.499573586045402e+00
8.547687692202082e+00,4.663262632072687e+00,-2.141801981400544e-01
5.217500985006688e+00,-3.886913202004099e+00,2.325770035311882e+00
3.113528434283150e+00,-3.947446547539590e+00,1.052175623643309e+00
4.493497989678873e+00,-4.566839805449843e+00,-1.979142157131331e+00
4.243810789782034e+00,-1.799554802397324e+00,-1.074712051004852e+00
2.599140620855509e+00,-1.017707575320758e+00,-2.286698373428422e+00
2.896387299919068e+00,-4.054843559304537e+00,1.721270251548243e+00
1.864539213110544e+00,4.913099536682966e-01,3.048920223706581e+00
3.360005572076084e+00,8.330152905486905e-01,2.914036200511410e-01
6.244058032491711e+00,2.510266936133281e+00,9.793249966788480e-01
3.865581687096312e+00,4.759681166158016e+00,1.546245208303358e+00
7.123232109262922e+00,1.193522472923996e+00,-1.732531156197254e+00
9.869781696879532e+00,-3.883491933190546e+00,-1.030434551265390e+00
3.771010794844850e+00,-4.114757567542172e+00,-5.509020767588724e-01
4.626392140896169e+00,2.775468636503712e+00,5.943158931033468e-01
1.641101569480976e+00,1.503341285359268e+00,2.202209817299880e+00
3.922152857793161e+00,-3.380856052934382e+00,-1.544384677189524e+00
7.268324507906794e+00,-2.466400273164659e+00,-1.829110595415337e-01
2.174047997424629e+00,2.502403872925183e+00,1.580434175138859e+00
1.820540486552292e+00,6.615578180564654e-01,-2.592536508634442e+00
3.763748736491918e+00,8.500006250253902e-01,8.101198791377717e-02
8.186494857177314e+00,-2.899913287120905e+00,-2.234428222747323e+00
6.236571897114835e+00,1.290579816577115e+00,2.459797727095725e-01
9.575793775866064e+00,2.706285954072553e+00,1.682780038825418e+00
9.045404349276255e+00,3.852522254638469e+00,-1.652808161937986e+00
1.511371968232423e+00,2.367173248180492e+00,2.195837833845459e+00
4.255277460721463e-01,7.637565100901611e-01,-1.037956388340804e+00
3.990947341947542e+00,1.732593072467768e+00,-1.942856002051350e+00
5.220794788186396e+00,-1.488853748612229e-01,-2.178795345936932e-01
5.155706152187145e+00,-2.731017568823775e+00,2.362949430279782e+00
1.341072677710553e+00,3.822069727719354e+00,-2.708473456441758e+00
1.248174321546104e+00,3.262263316742526e-01,-1.083400430006093e+00
4.686075577920368e-01,9.431831114723499e-01,9.623525728677960e-01
8.508599260554004e+00,4.901089137531827e+00,-8.948457932731775e-01
9.477441380681789e+00,4.850156782726405e+00,-2.696592370490059e+00
1.156850202179717e+00,8.631098499993728e-01,-1.055581610949546e+00
2.131223685491116e+00,-4.660427379825338e+00,2.016647299174426e+00
8.986288473491033e-01,-1.038524619551566e+00,2.940766484612314e+00
8.775021711408350e+00,4.372932800508892e+00,-2.891652584969052e+00
9.587087335362410e+00,-2.116934076239908e+00,4.353230649899773e-01
2.617965767208901e+00,4.992686851963160e+00,-2.479951670399932e+00
3.035838299353749e+00,-4.156824731434475e+00,1.133464821459210e+00
3.626696844129396e+00,6.811418100518720e-01,-3.092004335095067e+00
5.024637593807313e+00,1.544936017469425e-01,-3.048968287541284e+00
6.824609786449268e+00,-2.446470866323000e+00,1.739687257283016e+00
5.043905832546241e+00,4.486071306450999e+00,-2.673901727682960e+00
9.510015816762412e+00,1.191712099973103e+00,-1.224079641688845e+00
9.989345852149867e-01,-2.697717165553239e+00,2.877952862823498e+00
7.986055122750630e+00,-1.159518021616638e+00,3.048897558697199e+00
3.344830908134711e+00,2.212294268820626e+00,-2.127468563250522e+00
3.775476880865476e+00,-2.023032873036864e+00,3.826580579447394e-01
7.088294437102254e+00,3.796062020611812e+00,3.716430501071377e-01
9.293771098743790e+00,-3.343261020423759e+00,-2.992009455835216e-01
7.162007785535768e+00,-2.354949101351513e+00,2.668469794361182e+00
7.758605753793967e+00,-3.551013866339000e+00,1.596142125334318e+00
7.507792421587989e+00,-3.958211612405017e+00,1.662071755630029e+00
3.209786059837248e+00,-1.996845765360732e+00,-1.447837960631907e+00
7.569304331822479e+00,4.991787463354404e+00,-4.126810422748717e-01
7.845207602198016e+00,-4.056705867383319e+00,-7.901923295769331e-02
5.334003206505128e+00,-2.869978081527117e+00,-1.263472908155144e+00
5.367562386668164e+00,-2.283832009219979e+00,-2.545835001832093e+00
7.597208030624838e+00,1.191296844722038e+00,-2.347654227817766e+00
8.170308622244075e+00,2.453456964078526e+00,-2.006402475571866e+00
3.371954420306704e+00,2.519336748540457e+00,-1.862001015349818e+00
8.015622175752906e+00,-4.913640180611688e+00,-1.619416813467358e+00
8.142090066754111e+00,1.518504587994652e+00,-1.536489953034694e+00
2.341256409185793e+00,1.307368793671030e+00,-2.782424073809313e-01
7.169507453167160e+00,1.765468188987720e-01,6.015013194100893e-02
1.865339218361584e+00,-1.207914385962408e+00,-1.200847351397008e+00
9.304911298812923e-01,2.974441974612299e+00,2.559118881312767e+00
5.745430120502276e+00,-1.561192045666477e+00,3.338867289109073e-01
9.086521987833990e+00,-2.699877278933988e+00,1.806270810372625e+00
3.545902352576324e-01,-1.899048254323871e+00,2.665564915416359e+00
8.265016375949216e+00,-6.035208287683416e-01,-2.116584498602036e+00
5.064712107035066e+00,-2.859426119972604e+00,-4.531779841906673e-01
8.608954487212300e+00,1.075712462054865e+00,-4.196514226191970e-01
8.434769351710468e+00,3.842092025118957e+00,-9.143778178326434e-01
8.752868048162886e+00,9.546012416207503e-01,-3.085635443724827e+00
7.688739548066733e+00,-5.333169252261873e-01,1.985311305069891e+00
8.429923545469949e+00,2.968687662249040e+00,-2.440644763523388e+00
1.760252072012036e+00,2.480386228745287e+00,3.113196412854552e+00
3.038531488749416e+00,-1.329418784693038e+00,1.715048785846234e+00
2.424861708072964e+00,1.041534706653619e+00,5.027177670524319e-01
7.424283037280604e+00,2.298428603179912e+00,-2.170171881240119e+00
1.536431193671359e+00,-2.545367419805590e+00,9.671689169188546e-02
1.822277903777886e+00,-1.337261209158101e+00,-1.500998049455846e+00
8.789647207219426e+00,-3.942239294500295e+00,-1.556203474710318e+00
7.058821929128381e+00,4.876802783068333e+00,2.070493338005950e+00
8.753799779190867e+00,-4.141223495768642e+00,-7.499332017080360e-01
1.393552582606905e+00,-3.313938748764226e+00,-3.096114745285923e-01
3.989804045613023e+00,-2.016805033586024e-01,2.154911001300738e+00
2.831511700763176e+00,3.652718335445392e+00,-2.589987883965059e+00
9.681085279649504e-02,-1.441179770520406e+00,5.945015043385591e-01
2.845229604387068e+00,2.685961475313459e+00,4.914436199941110e-01
3.795832519778795e+00,1.760340733162361e+00,-4.698907195747228e-01
9.221963724271187e-01,1.386640771596789e+00,2.072035181676277e+00
5.664875578268198e+00,3.450172509668402e+00,2.782760326080290e+00
3.831726624726332e+00,-4.858297103713744e+00,-2.178012031104450e-01
4.646166227754545e-01,4.291530385603917e+00,-2.755362048433510e-01
7.039788648679767e+00,3.292261803362932e+00,1.296679594521377e-02
7.292798338411036e+00,4.378672196518272e+00,1.401929632208978e+00
8.344714429694349e+00,2.935878838566871e+00,1.055953949240050e+00
4.855405998669826e+00,3.785914074542724e+00,-1.741479374806971e+00
9.686587973345098e+00,-2.969219518005208e+00,-2.740126338073281e+00
9.140641445324565e+00,-1.807709331229495e+00,2.822746947654601e+00
5.513516251001316e+00,-1.847789865292691e+00,-1.501242975082078e+00
4.449519310694172e+00,-3.908332541219433e+00,8.708286528717277e-01
3.034427902922854e-02,2.295792552845908e+00,2.063636833158765e+00
7.109945317392338e+00,-3.638291073129272e+00,-1.254898186464082e+00
5.649545040496911e+00,-4.474908339209394e+00,8.509532347903899e-01
9.375441454860807e+00,2.754468700550639e+00,-2.463635443759849e+00
5.942321252412441e+00,4.046631697319294e+00,2.952666346682832e+00
9.928560938927300e+00,2.641233479651333e+00,-2.776173434300791e+00
8.538192718632905e+00,3.253522128319764e+00,-3.884599809339635e-01
9.535979358149531e+00,9.562167783077129e-01,2.313421207330268e-01
3.276627712850390e+00,3.877463379147532e+00,1.825150843701041e+00
1.493359947672664e+00,-3.296517642144892e-02,-2.380519734839905e+00
7.968721137951253e+00,4.883226184874649e+00,-3.719144689753446e-01
7.861971029691325e+00,-3.965849572305511e+00,-1.258449323442641e+00
2.114489394055632e+00,3.091807067013839e+00,-1.181171509062812e+00
7.647446541349128e+00,1.413894160112753e+00,1.751676138040400e+00
5.819733580414061e+00,8.064606822119513e-01,-3.107280524002464e+00
1.095251449016730e+00,2.258105308611214e+00,1.565038675500933e+00
5.017835975702088e+00,3.402915307988488e+00,1.950290855521111e+00
9.311380008386784e+00,3.628840668405099e+00,2.521833353365118e+00
5.064575454452288e+00,-3.246190370560150e+00,7.972218818062253e-01
7.886989895534721e+00,-3.029640702470307e+00,-1.046431034388901e+00
2.890998664195654e-01,-4.838334904864029e+00,-4.571976593219289e-01
7.280814128625936e+00,-3.681575422077272e+00,2.951438850480477e+00
9.468373861374772e+00,-2.361175071500754e+00,2.395067467152161e+00
4.995277848929359e+00,2.210358225502828e+00,-2.291734720391183e-01
3.377099130255864e+00,-2.423249099748990e-01,2.783846976434152e+00
6.466505048868973e+00,2.579035355840174e+00,2.029185328035877e+00
9.162612150932194e+00,-1.346415218010932e-01,2.520121925639516e+00
1.767696505333429e+00,5.559745290996831e-01,1.149679871835779e+00
4.036942100227098e+00,-3.889334134064175e+00,2.247206630933777e+00
1.562902809818412e+00,2.765582846760325e+00,2.461539263082277e+00
4.966542322198928e+00,2.581265321995549e+00,-2.563435401586998e+00
5.404220130305591e+00,-1.924384083193804e+00,2.923044472404758e+00
9.442036147216601e+00,-1.714219221995981e+00,-1.045439733152778e+00
4.125151537676274e+00,-2.803185494268645e+00,-3.776225183401487e-01
5.669566135396983e+00,3.138396760361527e+00,1.834085410870785e+00
8.852625740541523e+00,2.470068019617804e+00,1.036074044381313e+00
3.214050001761587e+00,1.091477381842527e+00,2.469668266659530e+00
6.741638689675900e+00,-2.611778968703026e+00,-6.247135482673611e-01
7.571618488220965e+00,-3.281466673862558e+00,-7.961539482357050e-01
3.305282346870094e+00,-4.497311488253869e+00,-2.942485739750349e+00
1.643411855306445e+00,-4.543885182214805e+00,-2.342033656398579e-01
5.029095419022733e+00,-3.128638601916730e+00,1.407878171900268e+00
3.568017301333017e+00,-3.994674676767779e+00,-1.249230960165563e+00
2.664624317922140e+00,5.610767292244301e-01,-2.341962216318789e-01
9.734213106941050e+00,-1.419098722055230e+00,-1.763075818215106e+00
5.021530187015331e+00,-5.505421783185369e-01,1.713976333829319e+00
8.564776938434237e+00,9.406718358718980e-01,-2.761387300456601e+00
1.953174105433592e+00,1.591017453535136e+00,1.290459793522787e+00
9.394427648991305e+00,1.482017198825780e+00,-7.606423394912531e-01
7.944314345690218e+00,-2.391434131791676e+00,-2.880236841580213e+00
8.086921561891424e+00,3.096270202961026e+00,2.220914917406581e+00
3.897648751959286e+00,4.177096699192299e+00,-7.714580885964351e-02
4.856369930776863e+00,-1.840616527768048e+00,6.240394906162781e-01
5.933543258986801e+00,-4.829345834339320e+00,1.457891831801186e+00
7.897655362050648e+00,3.991541866485051e+00,9.743613989522739e-01
8.490567520604376e+00,4.235487329534761e+00,1.450516498763823e+00
7.804530935193443e-01,-4.490535595869664e+00,1.647964426881907e+00
9.040623875331745e+00,-4.950434081407877e+00,5.601555869561348e-01
9.374966525042609e+00,3.164047829927423e+00,-8.442224066811623e-01
5.928874043567856e+00,-1.985366455168935e+00,-1.613885470936010e+00
1.867506132549059e+00,4.145821672959885e+00,2.531515696751892e+00
8.184148327034894e+00,-2.832564267304534e+00,2.952624879309515e+00
5.485876145495990e+00,3.611546161265871e+00,-8.943312858313566e-01
8.171964537163795e+00,-4.313557302749633e+00,-2.435923530844089e+00
8.148081265893165e+00,-2.393631526860264e+00,-1.743349389552815e+00
8.672931568579245e-01,4.731288791456411e+00,1.072334560722044e+00
6.070214283706640e+00,-2.688033456687177e+00,-2.055020244346558e+00
4.831442992687212e+00,-3.669870159249589e+00,1.760060150310549e+00
9.461194699995177e+00,3.570546524729952e+00,2.657977387673456e+00
2.966412919253964e+00,-3.821992082385210e+00,2.913208387194967e+00
2.060001061909250e+00,-4.025438914204965e+00,-3.082998771466344e+00
8.970868560191548e+00,-1.765748658104642e+00,2.878667517664723e+00
1.487155689001047e+00,1.353285065969595e+00,1.509186045141750e+00
6.865194587244617e+00,2.107463737786956e+00,-2.613489469164839e+00
3.000198138418109e+00,3.812387838273958e+00,-5.325598412129353e-01
5.678457554974776e+00,4.091152595910605e-01,1.256922786645739e+00
6.162194328412611e+00,-1.065822132390246e+00,2.869439577489976e+00
4.173692819579667e+00,-1.411662381655349e+00,-2.110261860950710e+00
9.749649802370957e+00,3.469027284774739e+00,-2.339020773348528e+00
1.318331680849791e+00,2.238153094826655e+00,-1.737485886451844e-01
3.913990890367570e+00,4.054290137251392e+00,2.941152091444694e+00
4.303953268743158e+00,4.640354557316140e+00,2.961762959418975e+00
6.310469489961815e+00,-1.999491639161926e+00,-1.709562101316513e+00
4.072597581945191e+00,2.967411870083945e-01,-1.135075345565827e+00
9.703601137216322e-01,1.318208073648329e+00,2.563740577061805e+00
9.474299981808262e+00,-3.361510532235425e+00,1.475552604837839e+00
4.160790816386857e+00,-4.466529660750153e+00,2.967651644881082e+00
3.426737272170726e+00,3.677639141153135e+00,2.470224018041037e+00
4.467221241740047e+00,3.552351075537317e-01,-1.790104310626120e+00
2.165956821289225e+00,7.077421636003924e-01,1.631911986941670e+00
1.002216846686509e+00,5.491434542795481e-01,-2.836448304211494e+00
1.485784791088626e+00,2.549607048326904e+00,1.997002245528489e+00
1.666548270035596e+00,-3.544980553179568e+00,6.380999576366890e-01
1.976734382158951e+00,1.140484407715326e+00,2.865766867027881e+00
4.199602122261923e+00,-3.052048842236985e-01,2.890469165029061e+00
6.238992690441536e+00,3.969581595077242e+00,-2.822311907185235e+00
6.288878380267326e+00,1.962093789632533e-01,-2.133006414059152e+00
9.756956192685795e-04,4.429349740741657e+00,-9.923004824417969e-02
9.209576668983999e+00,-1.467470058200933e+00,2.384428140111434e+00
8.228471805323217e+00,4.668947063899905e+00,1.975717097988576e+00
9.639380394360398e+00,3.751579480917677e+00,2.917722926668093e+00
3.599863447301929e+00,8.426328973535471e-01,7.419443896452500e-01
6.647992766893970e+00,-1.462900666809754e+00,-1.529556517121936e+00
1.680207492560971e+00,-1.240766425474401e+00,-2.983842985138208e+00
8.170330272203360e+00,2.727520864582917e+00,-1.740904202513334e+00
1.613677229543689e+00,8.063135116904450e-01,1.101273982124593e+00
3.259857008077496e+00,-9.841241453067902e-01,2.678363706849394e+00
4.908348559469832e+00,1.360549614121643e+00,-1.125295446138458e+00
5.945316688527504e+00,2.332333979009444e+00,2.360619927917448e+00
5.596330242867316e+00,-4.770994874415341e+00,-6.603737817816833e-01
1.020960117099973e+00,-4.101371988824899e+00,-1.204667268931424e+00
4.216760028638510e+00,-4.055145595929208e+00,5.557001645064474e-02
9.229092642058225e+00,-2.680661947366652e+00,-3.627063443266967e-01
8.723685277518516e+00,-7.300956077268603e-01,2.599981253978973e+00
5.907835232546398e+00,3.036498992925544e+00,-1.994474816502882e-01
5.723245754536014e+00,-1.489009650004426e+00,-1.399043023428804e+00
1.116751826493302e+00,-4.825222116193952e+00,2.152403003305451e+00
2.002594523103034e+00,-1.663814704827100e-01,3.133735603622383e+00
2.526397426040961e+00,4.966285954246219e+00,9.309884839440423e-01
4.881957285238057e+00,-1.509790043450809e+00,-1.567897460272779e+00
7.313560480957188e+00,4.612545187673149e+00,-1.641073270567624e+00
4.607253556042582e+00,-3.986548688635774e+00,-2.779010787804197e+00
1.260610418373977e+00,-3.269003420946952e+00,-2.655946169650829e+00
4.393488770113805e+00,2.241220701457083e+00,2.607415686380241e+00
1.626332537488884e+00,1.212448970706248e-02,-2.535346280243793e+00
7.511473516928845e+00,2.651218034658861e+00,-9.837050247431778e-02
1.665008604045790e+00,3.635583450288900e+00,1.244835855200448e+00
4.825339895444567e+00,-2.489151239389654e+00,2.201344023423198e+00
6.934136026610930e+00,1.828291704397419e+00,-2.065465535408888e+00
2.281980639452086e+00,1.076012366337561e+00,-3.909480891128645e-01
7.603010763732643e-01,3.615350291921311e+00,-1.561495987232569e+00
5.632994760747487e+00,-6.989609939011734e-01,-1.534208773474360e+00
5.420266350439251e-01,-4.481295692893400e+00,-1.232513981045891e+00
5.877686429681680e+00,7.418612727251190e-01,5.473673184512200e-01
7.534985375862014e+00,4.588783191184579e+00,-3.037433327064720e+00
3.293159916723065e+00,-4.853688204947765e+00,-5.732383293417040e-01
4.883494090806922e+00,-2.597420115775454e+00,-1.967704292956736e+00
9.287618382249466e+00,-1.839322100358800e+00,2.934992149398229e+00
4.711088641755524e+00,2.658388878909755e+00,5.198026378768699e-01
9.965540613933889e+00,-1.767230775318382e+00,2.312812041394064e+00
1.570024113576729e+00,-2.609161368036861e+00,-1.912036203956799e+00
7.089339024832891e+00,1.485580144670411e+00,1.947886086986228e+00
6.526185981972540e+00,-4.535947110390004e+00,-5.354375870409660e-01
8.723048135263271e+00,-3.294031400412530e+00,-2.025103995447379e+00
9.244321199054073e-01,-9.196977133055633e-01,1.641452017216902e+00
2.802065915018167e+00,-1.444000376599689e+00,1.646264278854329e+00
1.321792257603353e+00,-1.528341808166368e+00,3.115755610416308e+00
9.330951222719214e+00,-3.914449868803382e+00,1.765180875569489e+00
4.266353246452571e+00,-1.391599805502034e+00,-2.228851615799649e+00
9.100658455350692e+00,2.979927719914027e+00,-1.114984271093672e+00
2.944069943588227e+00,-8.615579820260475e-01,-3.033087240085366e-01
1.263681013616519e+00,8.617118481568493e-01,-2.345809605640938e+00
2.965372729860164e+00,-3.364205906826825e+00,1.809802252145581e+00
5.971743593280490e+00,-4.302886365314239e+00,1.677518611355406e-01
8.452325917845908e+00,3.799560419315606e+00,2.792559002324737e+00
3.853906932249969e+00,-1.686274038540412e+00,5.611396214961046e-01
9.148086592534842e+00,-1.496627669318673e+00,1.438791864920717e-01
2.442320596779287e+00,3.776878494788585e+00,-2.692815182118965e+00
6.935406873037668e+00,2.077713489087439e+00,-2.203224657954583e+00
7.357133504822722e+00,2.562627109876129e+00,2.196137110000639e+00
2.739629193306160e+00,1.820034841676627e+00,3.083008094461095e+00
2.696987830052744e-01,-3.942077552084636e+00,-5.329452070662697e-01
3.652373420507554e+00,4.579958210562276e+00,1.948328325221333e+00
4.519614730613608e-01,4.091362871279276e+00,8.016450124139993e-01
9.007537754021778e+00,-2.637798731685455e+00,2.884354483458644e+00
9.535252629340579e+00,3.039941911438413e+00,-1.645332274755100e+00
7.353799159460005e+00,-9.060356850268008e-01,2.817112817039873e-01
7.266845853138339e+00,1.837669678644830e+00,-5.730527741431413e-01
2.408926694117306e+00,-3.343970001867660e+00,2.621092071198103e-01
7.392557655808463e-01,3.855425065642084e-01,-1.452307494135979e+00
8.021046358609166e+00,-3.733837004400939e+00,-1.416127730921080e-02
5.591619315533675e+00,3.616716535811593e-01,7.841675809761295e-01
6.816275307871750e+00,-2.564060439427872e+00,-2.631298204534583e+00
7.796410680862300e+00,-4.753347123118532e-01,1.526733949239160e+00
4.094342689522689e+00,1.679693671744308e+00,1.297622047724725e+00
1.445465899783177e+00,3.770745816606189e+00,2.390485611444759e+00
7.950367993628954e+00,-3.347109969147219e+00,-4.658570242915068e-01
4.537656392284074e+00,3.932691154176982e+00,-2.754114065638489e+00
8.269242308559326e+00,-1.099623520727099e+00,-2.421468678862269e-01
4.376991467600128e+00,3.437965686058810e+00,-2.276968725556929e+00
2.170164084573061e+00,1.254791841776299e-01,9.264356523107340e-01
1.710050166537823e+00,3.622085717629398e+00,-2.845456553662992e+00
7.439217565591678e+00,1.628240675201996e+00,-7.917039290419710e-01
5.748891227939968e+00,8.716140616768264e-02,-2.621075371008992e+00
4.046029004646865e+00,-1.874613669996712e+00,-3.120440724493506e+00
4.921167561913320e+00,4.689090876186553e+00,2.893766382333901e+00
5.496386052865398e+00,3.008976576664178e+00,3.117260063608697e+00
2.394164418257960e+00,-1.188128148277387e+00,3.487353295697884e-01
3.781655796976891e+00,-3.332764069409540e+00,-1.640188768147719e+00
2.924114651097351e+00,2.795354185932938e+00,2.583011427871837e+00
3.884238467456273e+00,4.899442878109198e+00,2.658017331147844e+00
5.005622135179049e+00,-2.210250462075280e+00,2.227445056268307e+00
1.733575390543659e+00,4.158630723349958e+00,2.787848351135600e-01
3.935150626488880e+00,-3.746292944120798e+00,-2.672225133833308e+00
3.854944433069235e+00,4.522062542518540e+00,-2.585914483507865e+00
2.860038168422627e+00,2.453389124430634e+00,2.492035622692842e+00
9.984963248024521e+00,-1.534037707362965e+00,2.361389725986887e+00
7.362750899429138e-01,-1.953681777037661e+00,-4.121942400551366e-01
6.429511392857358e+00,1.434353539393513e+00,-1.079736370012410e+00
1.744386065364356e+00,9.350714025869999e-01,9.055572974625461e-01
8.395239892851823e+00,4.189367014936865e+00,1.928862165960321e+00
9.141965360093009e+00,2.662431342092142e+00,1.455719423794756e+00
4.014779826089589e+00,4.036487257392682e-01,7.263546818269897e-01
8.234784494207098e+00,4.275658418396546e+00,-1.686965860684228e+00
2.499094493500604e+00,9.273063133321884e-01,-1.492225916239097e+00
1.400685073292616e+00,3.496848356606773e+00,1.407857506934775e+00
3.158782664026110e+00,3.409426520978563e+00,1.901416610581173e+00
3.416740138910472e+00,4.191948589495363e+00,-2.411893746075912e+00
3.973575447855789e+00,-4.323979687208954e+00,-1.964770595332001e+00
3.729589419578188e+00,8.381966794677780e-01,1.133928099695708e+00
4.111444528505039e+00,-3.160740882895086e-01,-6.975178424995585e-01
7.100333658051300e+00,-9.457616535327507e-02,3.976808136866077e-01
2.455801328657352e+00,-4.008939637979712e-01,7.214036235704127e-01
1.857559576512169e-01,3.374666894223409e+00,1.735437567326158e+00
4.896805513812716e+00,-1.815671025830612e+00,1.920876252900219e+00
4.482912442048640e+00,-3.724891837022160e-01,-1.381696040766840e+00
6.006498984343045e-01,-2.993174570989143e+00,2.594750003983650e-01
1.338014015014137e+00,-2.482833840752653e+00,-2.365468857355842e+00
5.099208946848939e+00,1.604200833438751e+00,2.148944682792985e+00
2.347507600195793e+00,-3.830640617493381e+00,2.170513410530615e+00
8.775982941414469e+00,-3.121781890053227e+00,-1.259742720556151e+00
1.732924864594951e+00,2.803455957131407e-01,-2.132386126279478e+00
2.012263184851626e-01,-4.562269720369865e+00,-2.701193022647788e+00
4.475637693910604e+00,-3.730730005796085e+00,4.710908782034804e-01
9.861631106082555e+00,3.633529389667489e+00,-2.567132956493928e+00
6.338725263064764e+00,3.461467657949957e+00,1.134710874272534e+00
3.540297212619245e+00,-1.522238949530178e+00,1.119201185798527e+00
1.686801146785832e-01,-1.520086846888156e+00,7.162040016929212e-01
4.849484397422268e+00,4.365154492640036e+00,2.365999412570366e+00
2.064660021384302e+00,-4.741588609279768e+00,-7.647849630443964e-01
6.477540854466461e+00,8.029551308527081e-01,2.527534331072010e+00
5.830084937313012e+00,9.739057904072732e-01,-2.909583718593597e+00
2.652137753871849e+00,2.878870671816612e+00,-2.433119603800179e+00
6.888273421867164e-01,4.517505158226008e+00,-5.516287196362137e-01
7.550191980403347e+00,-1.441724129566561e+00,5.905755540015010e-01
5.854640945929423e+00,-6.216652654399883e-01,-2.938170529146746e+00
8.421262495086284e+00,1.712984805201774e+00,4.237032800503577e-01
2.598000156367163e+00,4.672716223441766e+00,-1.210152068011870e+00
6.528620647804121e+00,3.907923537367076e+00,2.432515134564764e+00
1.186805005286850e+00,1.670530032700446e+00,2.091332573284421e-01
2.918099079168437e+00,3.567235716710220e+00,5.522537127023703e-01
6.565391118773696e+00,-4.147955691085637e+00,2.799924416155791e+00
8.255813051447930e+00,-1.228730571481473e+00,1.659835513258689e+00
3.209255017433469e+00,-4.869075043011528e+00,-3.878405072068269e-01
7.988535565565012e+00,-3.225277617390496e+00,-1.452696636046737e-01
6.777524602732825e+00,1.304925712024020e+00,9.294330775135791e-01
3.486747715075999e+00,3.855616237336667e+00,-1.883703877022426e+00
8.763969377444393e+00,1.327803099917954e+00,-2.584582995128001e+00
5.092290660354312e+00,1.641381070085667e+00,-1.186035949542519e+00
6.482468225460822e+00,-3.961783947437981e+00,1.749130705764466e+00
4.956313419034801e+00,1.648604909133798e+00,-1.524779541970800e+00
4.527199604907680e+00,-4.565328263080906e-01,-2.320008367260590e+00
8.479777172388564e+00,1.514402315818234e+00,-1.765433080991425e+00
2.947044150386258e+00,-1.738268904701727e+00,1.124519971097399e+00
3.662922236372468e-01,8.148594166317018e-01,7.159567555983841e-01
8.797826435449611e+00,-7.593070316901063e-01,1.183218024134532e+00
8.250239530511831e+00,5.863705543506086e-01,-1.118670107637294e+00
3.665604745696127e+00,-3.529104816702000e+00,2.518653327040048e+00
1.854511387052112e+00,-1.041751463827150e+00,-3.030357822063183e-01
6.755336430484710e+00,-1.257213427431459e+00,8.616152072025685e-02
7.876090363563926e-01,2.363945206528083e+00,2.819943680561574e+00
4.237547555388085e+00,2.064095139680655e+00,3.011387888017045e+00
8.586232154003115e-01,4.088586847313330e+00,1.015002881960616e+00
5.979096753287628e+00,1.320555922831975e+00,2.794843716031854e+00
2.720838380962998e-01,-1.854528702065267e+00,2.607985999936999e-01
6.292383756343116e+00,2.832246632353313e+00,-1.210876964857788e+00
6.732055732893966e+00,-3.002356466373612e-02,-1.161805850583567e+00
4.871444746251511e+00,-3.065067893709215e+00,3.703346483452510e-01
1.750073292976119e+00,2.474114683271265e+00,6.599614100238851e-01
1.013939386272072e+00,-3.674686042807710e+00,-3.793971390846860e-01
3.132923481370033e+00,-3.218466687538708e+00,2.411307346516130e+00
4.652066796000124e+00,2.587559284351473e+00,-4.605818698582560e-01
6.422083168448445e+00,2.701446940712881e+00,-1.423621212138589e+00
1.250127518499622e-02,2.907812688042153e+00,-3.091441032857969e+00
7.110639192353632e+00,-2.066748755828844e+00,2.956673974530167e+00
7.127119321252765e+00,3.665874573715190e+00,2.037720455566921e+00
4.445378064924999e+00,2.226681359620728e+00,7.260822845986343e-01
3.434064457479518e+00,3.339674095513406e+00,2.076858233128252e+00
8.423085646703587e+00,2.086054847468900e+00,1.949604732488794e+00
7.845874820312280e+00,7.959645874634056e-01,2.713398477208945e+00
9.832760885177240e+00,-3.906052284259807e+00,-7.158578579230248e-01
3.719308053389521e+00,2.109362119519492e+00,3.446468015402409e-01
9.068326048570984e+00,1.904607754581841e+00,-2.521894504074584e+00
8.740188589295228e-01,-1.875088667131396e+00,2.923663046081466e+00
4.114660662508522e+00,2.358197690464261e+00,3.048143273830896e+00
4.653741187486590e+00,5.045455343132756e-01,1.816369899138387e+00
4.408743162034582e+00,5.940623854341496e-01,-2.882663645902146e-01
6.250981884311237e+00,-1.323953212142874e+00,-2.157174021079600e-02
1.702078388381689e+00,-3.832149586598634e+00,-4.061015370086505e-01
8.664521717262520e+00,-2.830715421340110e+00,-1.298667571753823e+00
5.517640185396393e+00,2.688316533360582e+00,1.746185510098792e-01
9.042095480132645e+00,-2.285584495031061e+00,-2.805787378162640e+00
2.631644021484747e-02,-4.977469456643885e+00,3.090617560355351e+00
6.299881135929964e+00,4.970174211315502e+00,-4.772070748189461e-01
4.124578468548329e+00,-2.893177661496291e+00,2.685223441601476e+00
5.050990617494575e+00,1.553831488703938e+00,1.409139146438639e+00
7.438045107802854e+00,4.269220045749938e+00,-1.319827578429531e+00
2.271517483366896e+00,9.971273463393704e-01,-1.746394905654372e+00
2.048994352143880e+00,2.990306150844574e+00,3.114420602545505e+00
7.030078177371431e+00,4.763717121488149e+00,1.709820315771853e+00
5.213657589441802e+00,3.603634259297857e+00,-1.572923347445858e+00
2.336390980616904e+00,5.790408867836172e-01,-2.717822917840410e+00
4.840186346694154e+00,-1.362970695179238e+00,1.237263144178186e+00
4.595584057771596e+00,-1.753555083604041e-01,-1.237684104320820e+00
6.914444274153116e+00,3.418261681905443e+00,-1.750930143661201e+00
2.661103619279404e-02,3.533546101506403e+00,1.476155314973060e+00
5.867602657714830e+00,3.458549223583637e+00,1.126332108647376e+00
6.056781505122755e+00,9.722440275001096e-01,-1.167876088465354e-01
7.455101371879199e+00,-2.304408224238710e-01,2.781289252918683e+00
8.892304660354490e+00,-1.886619439043382e+00,1.128701142218176e+00
4.401897971116888e+00,-4.966391448180707e+00,2.471928002844062e+00
3.425202243088844e+00,2.644852708609559e+00,-1.944313205978199e+00
1.023203775112863e+00,-2.230017199859453e+00,-1.277711429934637e+00
3.368358448932330e+00,-1.703221046146626e+00,-2.484873285260914e+00
6.848466444440771e-01,3.434812248470440e+00,-1.227860086099431e+00
8.028202053414548e+00,-4.477488428773793e+00,2.964270666315263e+00
8.070061478458365e+00,4.276203314574387e+00,2.908211564783443e+00
4.172376572947782e+00,-4.986380775614936e+00,1.636055717104840e+00
2.596412338764909e+00,4.391691148254061e+00,1.322501354595320e-01
1.180200754522718e+00,-4.524150891658358e-01,1.764191506324274e+00
8.512371660218465e+00,-3.978773748481804e+00,3.360684259918765e-01
8.774952783854053e+00,1.741613672411874e+00,-3.119548068588009e+00
2.662896145898141e+00,3.958564257212219e+00,9.720552271645477e-03
6.217605484677637e+00,-6.192718315238004e-01,6.215543425122183e-01
2.586536647903887e+00,1.913579040306663e+00,-1.471846478319809e+00
2.251266271435788e+00,4.793627201892939e+00,-1.864261517702416e+00
2.120805063141529e-01,-2.592991762869949e+00,-1.421199372134782e+00
5.771594175860625e+00,3.204494569226881e+00,7.767760593303321e-01
1.499415431855572e+00,-2.047628906528234e+00,-2.223844752720539e+00
1.237118286693195e-01,-7.366240000984003e-01,1.384363545669347e+00
1.048511643368173e+00,-2.182341315027392e+00,-4.858484288090463e-01
3.137691915878138e+00,-5.398825156587765e-01,-9.214425763075309e-01
6.691631901117116e+00,-4.949109675717175e+00,1.930391137791799e+00
2.026230533321252e+00,-1.965611526697285e+00,3.809651977334871e-02
8.875905625316719e+00,-5.470593606230425e-01,-7.640318072864436e-01
2.884884103829500e+00,1.322401837060960e+00,2.376016152651066e+00
3.312262894236500e+00,1.373613911759088e+00,-8.277994088091458e-01
2.179771799519773e+00,8.378561847049282e-01,2.255665303063100e+00
2.538053370718384e+00,-2.069681704077031e+00,2.638120048922366e-02
7.413511455314181e-01,4.474043159357455e+00,-1.834645515071419e+00
2.947705787161895e+00,-1.080301762589007e+00,7.088575819221843e-01
8.596174596006229e+00,-2.831060587609422e+00,-1.348852065537704e+00
6.884245413956133e+00,5.451293966798731e-01,-2.216989689224254e+00
8.752682038656165e+00,2.489286698809136e+00,-2.597912578583780e+00
1.048590143793566e+00,-4.877664271777338e+00,-1.622963504522855e+00
4.556166308421591e+00,-2.236559926044526e+00,1.486316650973295e+00
2.292548729801150e+00,3.249778526000298e+00,2.123711747869391e+00
7.212155905561480e+00,7.021093385598220e-02,2.272759104774179e+00
9.702378247258904e+00,-9.151169542008599e-01,-1.444200989455546e+00
8.153594790502879e+00,4.309012795823119e+00,1.011422767135777e+00
3.527816675100637e-01,-4.104649028771613e+00,-1.694235408883142e+00
3.166596946442342e+00,1.155702007778491e+00,7.713371107635534e-01
2.857969045052355e-01,-1.578112837562230e+00,2.432918422258006e+00
4.016696693098554e-01,-4.291766017070743e+00,-2.884650067907930e+00
7.951530416441388e-01,-2.862554913891798e+00,3.048762786118676e+00
2.763269289705619e+00,1.279332130172843e+00,2.055153745803459e+00
3.042027676381311e+00,-4.717230661454426e+00,1.644071564542082e+00
4.004535132348882e+00,9.224881538935090e-01,1.202368522109294e+00
4.049310944662961e+00,4.568504212173043e+00,1.698180927737968e+00
7.714090118431810e+00,2.950960623702693e+00,3.107634274073215e+00
1.414032435788998e+00,-1.544029206661544e+00,1.697661988145310e+00
1.577406158042577e+00,-3.617923536383917e+00,-9.324197693689475e-01
6.265890516722340e+00,-3.493556608702146e-01,7.157921125184612e-01
5.717421521924967e+00,-1.070495638215946e+00,-1.024642908803683e+00
1.540047054821124e+00,4.717329600238520e+00,2.953508286483173e+00
8.522644268539191e+00,4.898680545084220e+00,2.514152090109206e+00
3.290594141012074e+00,-8.941534367620889e-01,4.248704196625854e-01
3.669673485444862e+00,-3.512160164700632e+00,1.767295121528477e+00
4.204600808345885e+00,4.106095496429052e+00,2.574138980623508e+00
3.227018707389357e+00,2.935422756669933e+00,-1.611007056157826e+00
5.574550522726264e+00,1.127420665569758e-01,4.993992356424153e-01
3.886477231581985e+00,-1.346453569848587e+00,-1.148797542335505e-01
2.594347259452876e+00,-5.183417240027257e-01,1.706458810306167e+00
9.044748677107744e+00,4.018811753051104e+00,-7.597469253364886e-01
3.083507401401548e+00,-3.153565522364615e+00,1.313057801714193e+00
6.984889254688219e+00,3.067835211234710e+00,-6.095123978163270e-01
3.472267703568962e+00,-4.818093671728446e+00,-2.443688696058483e+00
4.352199868774719e+00,4.205719931420850e+00,-2.468528848424372e+00
2.359435234013316e+00,2.972796462056948e-03,-2.393539704430402e+00
7.523296193872541e+00,-2.732521736588278e+00,-2.937264246941531e+00
7.372032514262531e+00,-4.971434971828176e+00,2.071765473079492e-01
2.223994580810018e-01,5.954646874477421e-01,1.080096405704968e+00
6.019404030129183e-01,-2.555121294401619e+00,-2.345334621236270e+00
9.223764547449395e+00,1.312643360108433e+00,7.028245434829232e-01
8.888268472378508e+00,-2.188307185479528e+00,6.141190236326954e-01
5.060871927785303e+00,-4.119759708097731e+00,-2.217373471079509e+00
4.933573915583365e+00,5.051629843559358e-02,-6.026667986262573e-01
8.124241743837926e+00,6.448573628814440e-01,1.603064942969882e+00
1.384501468848790e+00,-4.740997446044926e-01,-3.036311440034669e+00
6.536991213459591e+00,-4.196444567021862e-01,-2.218291868558309e+00
4.759829944872596e+00,8.965012790001534e-01,3.115381556439975e+00
7.433310293156229e+00,2.635350941015346e-01,1.467405866333738e+00
3.010279131199045e-01,-3.674324611373418e+00,-2.253761025822065e-01
5.927255497239385e+00,-3.029143535149676e+00,8.155663253052623e-01
5.567282152155576e+00,-3.582089585709499e+00,2.175370515501791e+00
8.408483295891854e+00,1.932955822197458e+00,2.150763142530808e+00
6.768362975550279e+00,2.859841216696601e-01,-1.101433365079816e+00
8.801603583956375e+00,-7.014487646907170e-01,-5.471760591028341e-02
8.872733216425589e+00,2.983389952728493e+00,8.674257539015375e-01
4.081640008997178e+00,-1.742053402391949e+00,-2.689851004113716e+00
1.374341337518131e+00,6.810666309096103e-01,2.801022643282598e+00
6.302836558221880e+00,-4.255923985098016e+00,-4.225955727859012e-01
8.737460984085104e+00,2.444040838251119e+00,-8.113959279763594e-01
7.495334419476074e-01,1.951924448155898e+00,2.557887009609045e+00
5.579232730846641e+00,3.023796292968820e+00,-2.398375720108773e+00
1.149995266598239e+00,3.844759580165537e+00,-2.894909788298958e+00
2.699599175520195e-01,2.580282672954186e+00,1.162404438757861e+00
6.796353539408335e+00,3.444898901272937e+00,-7.225476611712720e-01
6.818496118721638e+00,-1.543454010382754e+00,1.661750516145758e+00
6.006580449963620e+00,-1.566626379850603e+00,-2.710914157558550e+00
8.592228039017971e+00,4.443008198998163e+00,-7.303754078030460e-01
8.087643979347836e-01,4.145745363262048e+00,-1.663000738852740e+00
1.052602616987593e+00,4.849734110522252e-01,1.505492247314302e+00
8.645354379794473e+00,-1.334412147273541e+00,-1.714240753522169e+00
5.032767198862631e+00,3.660015302588004e+00,-2.642372546441298e-01
2.730528088382372e+00,-1.765888675726338e+00,2.003566744091596e+00
7.381569779852874e+00,-3.463649171055556e+00,2.609975709171816e+00
8.944037226044021e+00,1.394926750054800e+00,1.398673452053865e+00
6.896032862029622e+00,-4.573781902670331e+00,-4.446710048219060e-01
7.919325966784490e+00,-1.208980938335120e+00,4.523005905080106e-01
2.824972401951925e+00,3.076638156946220e+00,1.191857088868222e+00
2.887753594105424e+00,-2.047838043071653e+00,2.355771170472750e+00
8.641238803546324e+00,4.313154790735332e+00,2.441482351798089e+00
6.148628486552154e+00,4.558246666166374e+00,2.707861176762240e+00
2.341627516737365e+00,3.158163007651190e+00,1.952255411432487e+00
5.241618154622122e+00,4.876433189920627e+00,-2.219234019356822e+00
6.858604714722492e+00,3.076411151143770e-01,1.555965077649251e+00
2.185490812507880e+00,6.919955213897158e-01,1.976642179323161e+00
6.549064082077360e+00,3.361668152704784e+00,2.374236202379228e+00
4.214484981776778e-01,-7.194744211909576e-02,2.669203270504382e+00
3.036916230041612e+00,-9.327999316693045e-01,5.755280571561361e-02
6.739718117261147e+00,1.147535911745390e+00,9.744761432559503e-01
1.493490654899016e+00,1.576595108488820e+00,-3.081570787907284e+00
2.221990306424989e+00,2.508958216961663e+00,4.573126431292120e-01
8.790932903583894e+00,1.682006972600854e+00,-1.683995382448487e-01
6.743210994316085e+00,2.457217952633285e+00,2.904754547446672e+00
4.989187102566738e+00,1.745596708887524e+00,2.524013962738072e+00
2.108933921274523e+00,-1.955476149982118e-01,1.869900636774759e+00
3.414096565822581e+00,-3.650654156635297e+00,-2.783487630817371e+00
5.743304982873592e+00,2.854432289352584e+00,-6.155709386927346e-01
1.553125939046685e+00,-4.692208486123169e+00,1.231769610079696e+00
4.817440798981889e+00,4.925000917613396e+00,-2.955228705426681e+00
4.089743941380224e+00,3.284584899396798e+00,-1.659930902018286e+00
4.766873414276183e+00,1.709106079813050e+00,2.434779483376673e+00
1.055608212802994e+00,4.666067718544532e+00,-2.326156043339558e+00
1.064970870450286e+00,1.124702814562093e+00,-2.818803405950897e+00
9.641109527463213e+00,-4.435671192556519e+00,5.063352398557890e-01
9.793677337247686e+00,5.938217401452004e-01,2.805219911831413e+00
4.261646579118183e+00,-2.227958143430572e+00,2.102509249212749e+00
7.889954536508373e+00,-1.305224720155632e+00,2.983083625915559e+00
6.557914269230769e+00,-4.041484414997107e-01,1.592932954334106e+00
1.169168546183890e+00,2.746007463887835e+00,-3.935173152571583e-01
2.966786573346978e+00,2.929214370956146e-02,2.806173851175956e+00
3.136514086445205e+00,-2.531970917492119e-01,-4.609767068580872e-01
5.957744348592239e+00,-1.980278622581539e+00,-9.418833040529631e-01
5.799767123144700e+00,3.987224185270302e-01,-3.254946483355829e-01
9.235086937027555e+00,-2.516091455646844e+00,1.972756537012974e+00
7.900363139762740e+00,-2.390061845917720e+00,2.624445975314219e+00
8.568476646029737e+00,2.572587751445204e+00,-8.942096756501665e-01
8.912286136110094e+00,-1.574527354909100e+00,-2.372062264251467e-01
8.012766725549804e+00,-4.486003270608881e+00,2.502764385234272e+00
3.328812610571077e+00,-1.563227141050192e+00,-2.846008591827375e+00
2.150129713345001e+00,1.385722078666189e+00,1.783599608024407e+00
5.717673380210470e+00,3.139855866773223e+00,-2.876583087917441e-01
6.895683164533187e+00,4.619366813923612e+00,-7.758580823910131e-01
3.865679689631658e+00,2.462204214749759e+00,-3.335033592548462e-01
8.483386499645103e+00,-7.114839058316313e-01,-5.108815530251709e-01
9.605665928179834e+00,-2.008807207950424e+00,1.612382331346351e+00
5.693957261373520e+00,-3.703700098291106e+00,2.688873584008388e+00
4.565920622162183e+00,1.276864344461144e+00,-5.368463201603513e-02
8.428871169425179e+00,9.883314109006314e-02,2.090628034030916e+00
2.426954698938666e-01,1.777015164441412e+00,1.457350498867728e+00
1.290126158342481e+00,-2.628668435449304e+00,-1.063864000414734e+00
8.456576590062678e+00,-1.763558318900544e+00,5.486088765470076e-01
7.320285856479924e+00,-2.079046505013610e+00,1.048133798265856e+00
4.161366982043260e+00,2.976518421744105e+00,-2.993941745399687e+00
8.888518577244049e+00,-3.287701851366532e+00,-6.537305518414525e-01
3.514582876453871e+00,1.084721170244956e+00,3.095336948240494e+00
6.338453578669174e+00,-4.486449842408932e+00,8.624075658827781e-01
6.343344703259159e+00,4.952757590171961e-01,-1.041475228403790e+00
1.843318926142362e+00,-4.360860242469441e+00,-1.570645282785450e+00
2.848517361640580e+00,-3.241234092120127e+00,-1.825380929145881e+00
9.160069226960857e+00,-3.869746979464378e+00,-6.180052540246939e-01
1.834148537934170e+00,-1.532746461165735e+00,-1.927268505982145e+00
1.735746218476245e+00,-1.562685822922709e+00,-2.292192820777360e+00
4.796154737338741e+00,3.264192807282564e+00,-8.541155739947821e-01
9.219736823784097e-01,-2.743125486194713e+00,6.722988967047803e-01
8.946261889843734e+00,-4.136132582260230e+00,-2.221739463723122e+00
1.001491383124711e+00,1.035117908141298e+00,-2.862975646782430e+00
6.165574768407945e+00,1.874506996000068e+00,-2.923988239985782e+00
3.397818564453181e+00,-2.051763839785462e+00,-1.461567847312920e+00
8.042728854710338e+00,1.028141163613771e+00,-1.946956239397366e+00
5.898107457675385e+00,2.760565680066440e+00,2.466487030031259e-01
3.883061410794382e+00,-1.524470609238877e+00,-2.782182701264491e-01
9.838729845448107e+00,2.535383993311182e-01,-1.101023834112412e+00
6.623098846553066e-01,-3.533667263276800e+00,2.095711434852354e+00
5.777863032306767e+00,-4.763531989298197e+00,3.108287371049556e-02
9.895683115440448e+00,4.813679748108296e+00,-2.566492752160717e+00
6.909526432130171e+00,-2.002691494636300e+00,-1.283250409686490e+00
7.397696316421930e+00,-2.210979492781784e+00,2.974078322677591e+00
3.209114457948592e-01,4.732451331730877e+00,2.996936893644641e+00
2.136316309696240e-01,2.282335237631167e+00,-1.541443574964739e+00
3.611011198219283e-01,8.529788794048319e-01,-2.090817066315998e+00
9.917239021762320e+00,1.993233950933568e+00,-2.709217633451733e-02
9.795197607408515e+00,2.099265666954027e+00,-1.164593538414409e-01
3.345089257642618e+00,2.633358802929825e+00,-5.646215630204887e-01
2.909818162658289e+00,-4.328107685800800e+00,1.844569004495340e-01
1.459587455178443e+00,-8.716858021711200e-01,-1.682666062889231e+00
3.291402991647584e+00,-2.048696821669835e+00,-2.419470303438673e+00
3.701499305472703e+00,-4.294303614829945e+00,4.427224006215811e-01
7.482828167590336e+00,-8.740100315357129e-01,2.718093377298341e+00
8.662935529197348e+00,1.161734854131468e+00,-2.276088422654521e+00
7.467351197413881e+00,-3.215023200255812e+00,1.286888865985163e+00
6.464751010955725e+00,-1.949732561121462e+00,-3.902066213787454e-01
7.659000780887979e+00,1.391708219171540e+00,-1.294483264351010e+00
7.384974791518053e+00,7.932465755721338e-01,2.218650652832958e+00
4.757496937303948e+00,3.687854631732240e+00,-2.733707456242596e-01
3.358514024613578e+00,2.912309696503835e+00,5.234648227035348e-01
2.827807168775995e+00,4.656110522860295e+00,-3.577879012352860e-01
6.793554595127817e+00,9.719331011337715e-01,-2.631086475829171e+00
9.593041244452252e+00,1.984673664116263e+00,5.963037343137274e-01
5.810547189356301e+00,3.605062588144030e+00,-5.099371931854981e-01
9.125265024722660e+00,3.399924448252680e+00,-2.596484821044895e+00
1.422937097294752e-01,2.187216420262343e+00,6.020028819566958e-01
7.944706467360057e+00,2.562093739751248e-03,-3.079571758432750e+00
8.536026579600795e+00,-2.267931117692712e+00,-1.831420413861156e+00
6.309938379436958e+00,3.772157539354060e+00,1.766011984578602e+00
9.340609993617296e+00,2.766554422373050e+00,-2.903287614978235e+00
5.899129928812997e+00,3.379069519584792e+00,9.216308033263232e-01
2.405369025267493e+00,-3.592106818527958e+00,2.825592076946458e+00
2.157172294481943e+00,-1.851871218107254e+00,-2.065958715697201e+00
5.558362666927152e+00,-7.511496210034885e-01,-5.208015420706484e-01
9.064839304962110e+00,3.383519723005607e+00,4.743660228473470e-01
7.236794575507699e-01,3.928866727146556e+00,-3.115464735363327e-01
6.043905122109110e+00,-2.151072857447137e+00,7.563553091295550e-01
7.698034729820246e+00,1.864291672657648e+00,-6.025730207928772e-01
1.154020696235691e+00,-4.221857938474366e+00,-2.208513692063761e+00
1.167696907120129e+00,-9.042672803123883e-01,-2.582110440253561e+00
3.661279966695881e+00,-1.333089224811488e-01,1.535881647332839e+00
2.738811735497169e+00,2.656328148991158e+00,-1.642274160012598e+00
1.983141588936898e+00,3.919722368371204e+00,2.183094700150829e+00
1.986941736113452e+00,-1.627167641755438e+00,1.526985207625739e+00
1.306690324248359e+00,2.773888994190132e-01,-2.830869132336622e+00
6.108540130819524e+00,1.474482223675242e+00,-1.877345919213740e+00
6.881256035840870e+00,-1.713127710531853e+00,-1.306948684090568e+00
7.029362268790446e+00,4.855382131740445e+00,5.936494776130612e-01
5.323539761386061e+00,3.757743795700247e+00,1.946700456147607e+00
9.529062696655666e+00,-2.035971711333834e+00,-2.762507631244072e+00
8.805327775900658e+00,7.946230999048343e-02,-1.573253354598069e+00
9.576311426662800e+00,-2.691593867527557e+00,-7.777970021880072e-01
3.887954781271779e+00,1.450391890333478e-01,-1.989400010209027e+00
8.777831599550247e+00,1.833323448232848e+00,2.845786415832379e-01
7.628746994068837e+00,-4.144789072070122e+00,-1.382144984902443e-01
3.399729030340131e+00,3.701172048072717e+00,-1.152991885667576e+00
1.065932585042193e+00,9.374586844658346e-01,1.061034397819887e-01
6.826212498968077e+00,4.896028985770016e+00,-9.058998284812185e-01
1.364523241218804e+00,-4.744084927504968e+00,-9.852407313681124e-01
2.937758070011121e+00,3.314983510982321e+00,-1.474063388075531e+00
5.003645764437873e+00,2.919630482545475e+00,2.540790347368573e-01
6.798825351484731e+00,-3.671474879599677e+00,-3.511333324746668e-01
9.262276571973050e+00,-1.646943649165933e+00,-1.908047654526417e+00
5.932400448489966e+00,3.847962030441728e+00,-3.060123233625171e+00
6.714130996720948e+00,1.845429507225429e-01,-2.193274381591333e+00
3.100138501509781e+00,-9.871851253276098e-01,-2.872454914815279e+00
6.872926164285388e+00,4.054964322508418e+00,-4.297772034769500e-01
4.377901207300745e+00,-4.066554755229386e+00,-1.727267408395313e+00
8.569311828837737e+00,-2.687721709774360e-01,-4.997938859451367e-01
3.924505139014744e+00,1.523740979753523e+00,-1.071598049779178e+00
4.682720216565569e+00,1.085414390150126e+00,2.388540999610496e-01
4.325877569102579e+00,-2.357235455911085e+00,1.406596769409425e+00
8.111228343073851e+00,6.331290453433649e-01,-1.299743599807615e-01
9.536991970119054e+00,2.085617642859817e+00,-2.752235843582637e+00
3.272763009832740e+00,8.488540732669838e-01,-3.031571054042002e+00
4.750279007620768e+00,1.844622259773223e+00,-1.801821722601992e+00
7.059262666932357e+00,-2.439212606112096e+00,-4.714430310582491e-01
8.953816220347310e+00,3.328489502717826e+00,-2.859446037500469e+00
4.937006968460206e+00,-5.031046301503022e-01,-1.082380426353740e+00
1.088935082267273e+00,4.872238441045688e+00,2.431754241347599e+00
3.686713835013216e+00,-4.767146793330625e+00,-2.575986458121565e+00
5.503618854401130e+00,-1.196846287523567e+00,2.818112344211654e+00
4.175246059660326e+00,-3.195249476948891e+00,2.241034859364556e+00
1.865557267880701e+00,5.560952699405339e-01,2.084642484663324e+00
3.698949534321749e-01,-2.567949056263873e+00,2.284933812368720e+00
6.874086660798949e+00,2.374779465674818e+00,-2.638622003116421e+00
9.927371907771425e+00,3.818658623375187e+00,-2.191775506588503e+00
9.192066338966171e+00,-2.891156464178891e+00,-2.297305797331134e+00
6.832709108608135e+00,-3.393223816982016e+00,-2.442639742732696e+00
8.415298085164292e+00,3.753571857284786e+00,-1.082522334026986e+00
2.557276184671932e+00,-1.387280849114943e+00,2.074813867137395e+00
6.224344360784464e+00,-6.541636504096999e-01,-1.558467814760581e+00
6.060421539896543e-01,-2.790304975564644e+00,-1.607102588450896e+00
7.071839273124577e+00,-7.468513194885285e-01,1.105141656323272e+00
9.698723390242685e+00,-2.686999269220030e+00,-2.532594275947492e+00
8.607973072178591e+00,1.659274406341810e+00,-8.778866991105789e-01
5.344408747716374e+00,-1.123587519912839e-02,-1.285374423071856e+00
7.887402193127766e+00,2.880604459629089e+00,2.182155686668754e+00
9.438988099481646e+00,-1.872718839327056e+00,9.111421451162194e-02
2.160175779392154e+00,5.595015459037711e-02,9.203205459812072e-01
7.932585129773781e+00,-2.404766770228655e+00,-2.330845995650734e+00
2.698469579688534e+00,4.344739302466316e+00,2.694972912705921e+00
8.769474219396665e+00,2.193566779110316e-01,-1.115566016522528e+00
9.835450569014548e-01,-3.265375036820569e+00,1.299606746890253e+00
1.782184188698415e+00,-2.272343407899710e+00,2.856500533904526e+00
7.206164634718018e+00,-4.170980358759398e+00,5.434240022949677e-02
1.747775038632490e+00,-4.721840044022666e+00,4.734542696235788e-02
1.580543019030444e+00,2.592182607067093e-01,-2.404892798212052e+00
5.554668773988720e+00,-1.628770774743947e+00,-6.894190117206502e-01
8.349872377090708e+00,4.637734552603064e+00,2.214602525276415e+00
2.684674252746291e+00,-3.286686036385158e+00,-2.292693433281326e+00
8.411381827054850e+00,2.939126527369453e+00,2.623255818825510e+00
8.079533965459746e+00,-1.840285578070973e+00,1.051236054227062e+00
5.791054009593354e+00,-2.764626139412948e+00,-4.966240030341007e-01
6.465627536872701e+00,4.696368190013073e+00,2.921581800874971e-01
4.044118661190821e-01,3.025765987457657e+00,-2.195994579078184e+00
3.671355583037132e+00,1.306208914453316e+00,-1.775104821589771e+00
2.633949311183525e+00,1.971210372237521e+00,-1.342035432792059e+00
1.500038607274724e+00,4.913814748505898e+00,-7.235331783512131e-01
3.896593291569816e+00,9.320740882488678e-01,2.610801693749871e+00
3.549041963474329e+00,-3.980995491930399e+00,-8.320883565543924e-01
7.288916781297270e+00,-4.351338732986187e+00,1.497612321877972e-01
5.980963404767533e+00,1.666067774738734e+00,-2.123552256790499e+00
9.131000688020194e+00,1.576011439251483e+00,1.482663349738504e+00
1.454075830558389e+00,2.481737929780886e+00,3.787557451602090e-01
5.974860532352599e-01,-3.912212697673862e+00,-3.775725770699494e-01
5.346077874911287e+00,4.449022747551718e+00,2.809755429964811e+00
1.027138610785072e-02,5.115841391064482e-01,2.454531644149291e+00
7.877189431349656e+00,1.495555210212154e+00,1.002238882724466e+00
5.059728886850094e+00,-4.651476166218698e+00,2.650325512748759e+00
4.880655760578936e+00,4.609742145155739e+00,4.070360220962024e-01
3.624959787241744e+00,6.259184874394865e-01,2.054206708028508e+00
3.749738361487625e+00,6.336311299462860e-01,-5.688785661060898e-01
4.311336782506558e+00,4.435553162303798e+00,-2.596562825029194e+00
1.603234442603019e-01,4.293501781836675e+00,3.104827157292817e+00
8.354578721620465e-01,-2.797014081827584e+00,-2.100899115526463e+00
5.050480200112371e+00,4.310988219059293e+00,-1.561308470309551e+00
1.501222652198041e+00,2.366212893800615e+00,-2.116783833604451e+00
7.787626083469982e+00,-4.810992726685825e+00,-1.021146304751693e+00
2.744851740045258e+00,-2.601568512616617e+00,-1.323991967701516e+00
9.789963734932405e-01,-8.701985452855361e-01,6.352441626073713e-01
2.352099259034498e+00,8.282245550575471e-01,3.119350268201414e+00
3.570982301557881e+00,2.013297304886890e+00,-2.811668527668991e+00
3.531660859488361e-01,-2.897896060431007e+00,1.749509678329942e+00
1.416755243863290e+00,3.367005142736890e+00,-2.337395674721316e+00
3.238467544775196e+00,3.457153238891546e+00,-3.016965518253111e+00
3.104804738097640e+00,1.349988192605773e+00,8.707038400666027e-01
8.003866965598391e+00,4.210939105156983e+00,2.345608760978394e+00
8.432554753126531e+00,3.129824268971879e+00,-2.033876466938893e+00
1.934185991435500e+00,-2.783763407064591e+00,-9.951699411974979e-01
1.239398839128474e+00,2.986768663103605e+00,-2.081303849831800e+00
6.341624843214183e+00,4.532020787531049e+00,2.554162386701377e+00
8.046235556954315e+00,-3.623935529815690e+00,-1.442867956977526e+00
9.637230972241316e+00,4.786978847910291e+00,-3.473791483936193e-01
6.796284746514281e-02,-4.750072032299098e+00,2.480232587279155e+00
4.136781134268045e+00,2.216724477377232e-01,3.321870042839032e-01
7.339878340943856e+00,2.738931389784842e+00,2.719675508405544e+00
8.285592988743545e+00,2.904381025462543e+00,2.679466979550918e+00
6.228594868309778e-01,2.346725691462678e+00,-2.412679076144539e-01
6.806145194641273e+00,2.935137275316189e-01,5.176252218933799e-01
2.889387173989700e+00,1.509643220703954e+00,-1.694485392962930e+00
7.459695933312538e-01,1.999321856531138e+00,3.082127449336777e+00
4.891025817546673e+00,-5.460775786104399e-02,-1.392877502147113e+00
1.581533432041460e+00,9.568497513463754e-01,1.780070304303217e+00
7.370075180616848e+00,3.463680534575731e+00,-1.175150053220673e+00
7.412617996994535e+00,-1.871209788541728e+00,-1.174690111900995e+00
8.420677649875095e+00,2.320632696863232e-01,-2.489002638581738e+00
3.775686851477522e+00,-4.915202789744921e+00,3.763364783586787e-01
1.330979723064363e-01,1.874363997767931e+00,-1.603265703940204e+00
2.597359383744797e+00,-3.046145353851583e+00,-2.209200891984649e+00
4.678116995252769e+00,-1.899874628623106e-01,-1.717403808975290e+00
6.940112794160505e+00,-2.897947837195407e+00,-1.563927818391744e+00
3.820405856867414e+00,-4.764662854215077e+00,2.565711149246708e-02
5.360483960671381e+00,-1.677944830198346e-01,-7.167667006017542e-01
5.242635874557169e+00,-7.516639338929298e-01,-2.667273229037756e+00
1.649823493583166e+00,-7.485048647561934e-01,2.263742626897760e-01
6.230495000800127e+00,-2.911938400711297e+00,1.807970560000896e+00
4.392517282053978e+00,4.472045897481792e+00,4.664332722052640e-01
8.079187016524930e+00,-4.964928481893055e+00,2.981624340613621e+00
6.906112081288999e+00,3.915454499973386e+00,-2.518613522572653e+00
1.114691861975546e+00,2.369019231394821e+00,2.017859643684943e+00
4.887584100365685e+00,-3.279279664667285e+00,3.576809985754670e-02
7.024943584941874e+00,-2.780801369644550e-01,1.356865022581117e-01
8.701172580734262e-01,4.888500815082725e+00,1.200084287581329e-01
7.924970325566315e+00,1.436982369843073e+00,-1.097554173931635e+00
2.220045146443994e+00,-3.726232761813325e+00,-1.102353356743977e+00
5.030847954736897e+00,-4.235776114356815e-01,8.284034669683455e-01
9.405612874726362e+00,-3.179690342718766e-01,-2.860325326835957e+00
5.713342348222840e+00,3.022633328831084e+00,5.578591753228728e-01
4.240544517039474e+00,4.161629328261554e+00,1.411145100791735e+00
6.794927399142670e-02,-4.177584567112654e+00,-9.027285218632857e-01
1.334136227740781e+00,-1.859627130471677e+00,-1.775898725163502e+00
5.786638850979876e+00,-2.015618731148851e+00,-1.800843138824827e+00
4.938250406537382e+00,4.960481249190183e+00,-2.627378946150545e+00
3.638291756468313e+00,5.922711669139966e-01,-2.577869545381933e+00
9.232158853941174e+00,3.798314961199845e+00,-2.094261889264441e+00
3.324825374259408e+00,-7.396715055517609e-01,-3.021125738264287e+00
5.371507564441066e+00,2.227231504089364e+00,-1.468786252782869e+00
5.687134095241301e+00,-2.134143576958540e+00,-1.216413181966062e+00
5.274683900639227e+00,4.117860234892333e+00,3.111566902890301e+00
4.775853915400993e+00,-4.485375901346620e-01,3.089365168961338e+00
3.370637360119081e+00,3.037254973160872e+00,-1.966330087418137e+00
9.087636330396196e+00,-2.441831166574352e+00,-1.803072127878439e+00
4.508032617591447e+00,1.936043419218791e+00,-5.085377357644649e-02
5.284488673460757e+00,-9.484159559996419e-01,-2.206753113910509e+00
6.564779838302423e+00,-4.685605770254529e+00,2.538034998925154e-02
6.765604243153467e-01,-8.699174624093651e-01,-6.321531285197581e-01
7.812881414632452e+00,5.002164175542045e-01,-1.101926874171075e+00
5.125073100860355e+00,-3.482383860868248e+00,2.026988069252140e+00
6.571769358449668e+00,-3.160868948073849e+00,2.061624311621939e+00
7.720120654136914e+00,-3.513720167684307e-01,3.065499930479831e+00
8.740993907642146e+00,-1.572702875665933e+00,-1.739888692985992e+00
3.922204169529310e+00,-5.925946199663734e-01,2.439619465162050e+00
8.114298926822551e+00,-3.917301067727719e-01,2.377929892637951e-01
2.588368955659017e+00,-3.599239562972444e+00,5.746565551504346e-01
6.603356509573663e+00,-3.188054247298853e+00,2.489983701629100e+00
1.027073006796394e+00,3.481653934794943e+00,2.781131316309460e+00
2.003046742407522e-01,-3.372813106895159e+00,1.425097161887567e+00
9.576312611263971e-01,1.659143330082609e+00,-9.560341960414074e-01
3.193824865624758e+00,-8.147195323220791e-01,-6.491793550847502e-02
3.109461382466427e-01,4.682366859696408e+00,7.229047481590207e-01
6.304912721872626e+00,-4.338956381117624e+00,2.064906264308370e+00
3.165445383822648e+00,3.303888660307619e+00,9.924147017309863e-01
7.363760677142980e+00,-8.550768897378447e-02,-8.454175578743226e-01
4.591513626960564e-01,-4.946476291358114e+00,-5.159723414452175e-01
2.167015665474982e+00,-2.363397810604463e+00,-2.824683225208720e+00
4.080034253296986e+00,-9.230314745073054e-01,2.665753587007131e+00
3.826515622940463e+00,-1.858052465510749e+00,-2.587924563754759e+00
1.309986728363405e+00,-1.375505359860667e+00,5.022199696266618e-01
9.941368135816571e+00,4.166719091371800e+00,2.335157639585417e+00
2.844395808338359e+00,-1.390659676076723e+00,-4.972183015346299e-01
7.210320846514630e+00,-8.117062059726718e-01,1.885744053441559e+00
2.200266972117182e+00,2.611315535781128e+00,1.908932727655673e+00
8.778512107260839e+00,2.938335657483751e+00,-2.765568903251784e+00
3.877583101496924e+00,-4.159103482133054e+00,-5.520172516322694e-01
9.009024889891045e+00,2.040700345670042e+00,1.200248531248862e+00
3.418349196339711e+00,-1.742804632322423e-01,-4.878672909724480e-01
8.643821496913451e-02,-3.661461067623446e+00,2.837941901262644e-01
5.170204310784614e+00,-2.352894360531157e+00,5.934965183714116e-01
5.247879361510964e+00,-4.549645026934813e+00,-2.191390455698124e+00
1.198341827886356e+00,-1.397628111881648e+00,-5.530383922832263e-01
2.349635734192924e+00,-2.445935596659758e+00,-2.962752957312617e+00
7.834955909813494e+00,-1.178966026199824e+00,-2.201464246085974e+00
3.675582462865923e-01,8.034054753075681e-01,7.699455096046348e-02
4.895266866866806e+00,2.323395520366200e+00,4.623544610632799e-01
5.304081234135628e+00,1.053519865595297e+00,-2.222774778688935e+00
6.887120606761240e+00,1.783773022599457e+00,1.606103242830649e+00
3.745626740013519e-01,3.656391206187934e+00,-7.980406367628250e-01
5.856463270904639e+00,3.738244434615108e+00,2.643021452276167e+00
3.098036578183194e-02,3.607193483591740e+00,-7.058359263760376e-01
2.651783672891907e+00,-3.468310845204734e+00,-2.200302527614225e+00
4.996842553164812e+00,-2.489308664063547e+00,1.620876195669315e+00
9.112813374256172e+00,2.325304927572081e-02,4.260049931354066e-01
1.265898160055354e+00,-1.412607059839730e+00,-7.119592364179259e-01
1.692891290032751e+00,-3.683310317200368e+00,-9.050478343268846e-01
6.692500643838276e+00,-2.122497653943486e+00,-2.194283254156200e+00
3.748616938223988e+00,4.754287616656391e+00,-1.000065530117322e+00
6.234214019228718e+00,-1.530732445034638e+00,-2.957217978142912e+00
9.974541671342671e+00,-8.108593170403857e-01,1.509167122999244e-02
9.868716613488541e+00,-4.935985781427030e+00,2.492688785573373e+00
3.537135794944214e+00,2.194148797901986e+00,1.855618119537792e+00
5.039253538248326e+00,-8.644993445462026e-01,-2.962388686373102e+00
9.046901586293933e+00,-3.968599371048389e+00,2.395529280219053e+00
9.216766240855756e-01,4.685567383046719e+00,-2.995519346824134e-01
4.523039038368470e+00,2.774332125850868e+00,-1.942186202825179e+00
3.775773483164589e+00,2.261500894327268e+00,1.585951088365793e+00
2.948827726609973e+00,4.578723348416695e+00,-1.112918307040465e+00
9.942042119223482e+00,-9.251991548286220e-01,-1.549946059298418e+00
7.335492939723779e+00,2.185335402924484e+00,-2.127999210322353e+00
3.887469923929220e+00,-2.937921026145489e+00,-8.405703800260067e-02
8.290218916654192e+00,1.971205474521200e+00,-2.554780847841982e+00
4.896661007120569e+00,-4.859209078123971e+00,1.794560216385330e+00
8.728244123678587e+00,-3.736946195593859e+00,-1.842570690164278e-01
2.663798456305784e+00,-7.474108139715154e-01,-3.331569987773753e-01
2.236002273870654e+00,-4.879073051939918e+00,-3.129943901464950e+00
2.472866812474476e+00,-3.803414454958078e-01,1.997197536774137e+00
5.384805761250524e+00,2.279174906500394e-01,-4.500608540703910e-02
2.913133911551347e+00,1.216065975870820e+00,-3.776538700651448e-01
1.471196841463841e+00,-3.996133230063836e+00,1.642329670737704e+00
9.946279185057321e+00,-3.189880868727877e+00,-2.746389414036979e+00
9.004332274414100e+00,1.132833707171951e+00,-8.376713994224998e-01
6.350124374930797e+00,1.581877124626393e+00,4.758504893563251e-01
8.915428739239459e+00,-4.740997717897237e+00,-2.476984785703449e-01
9.354627375078188e+00,4.036736211503822e-01,-2.000321849496093e+00
6.761082918658356e+00,2.849817319988325e+00,-1.261182897748840e+00
5.186797786913083e+00,-4.308991222146059e+00,-1.255376920571067e+00
8.820017922146771e+00,-8.682713475348027e-01,3.091143719495820e+00
5.677969969129095e+00,-1.734887269698981e+00,-1.092035709459543e+00
1.268005428538740e+00,4.136656253520167e+00,-1.852395732927217e+00
3.668560004575058e+00,-3.141976067935447e+00,2.027189019934223e+00
4.459209517353770e+00,-1.816395868555198e+00,-4.952956123447327e-01
9.353690161355955e+00,3.984447449913031e+00,-3.527148099983068e-01
6.591854723058224e+00,-1.693466939400272e+00,3.071790454381866e-01
8.752775627958908e+00,3.134744058559438e-01,6.012329582956220e-01
7.575917008399362e+00,-4.669646627691206e+00,5.689776179810710e-01
3.098608865226829e+00,4.849024361750361e+00,-2.924824504634948e+00
7.187089930641832e+00,3.249467078711895e+00,2.003346089689810e+00
1.952997359238746e+00,1.344009447466763e+00,-1.917296283716249e+00
4.081458117174677e+00,-4.392447269100197e+00,-1.304752891628622e+00
8.060918571559322e+00,-4.251300386272193e+00,-2.051902841564677e+00
6.119291619152283e+00,4.497363079068970e-01,1.678092130520061e+00
8.254125059526149e+00,-2.149355637965658e+00,5.256386700921740e-01
2.547035823500513e+00,1.227894475031733e+00,1.604073035951164e+00
7.497488324272950e+00,9.819248184777241e-01,9.638306071381573e-01
2.023243614418365e+00,3.386513982792978e+00,-2.487144652189917e+00
5.453041723980072e+00,-2.186229392873576e+00,-1.247213691844818e+00
4.335345944544313e+00,7.786352449099256e-01,4.564834399096496e-02
5.564758577708070e+00,2.773633188387610e+00,-1.225566512602832e+00
1.355334240282725e+00,-9.227013677673757e-02,-1.839063807304321e+00
3.612278755130117e+00,3.306436649389445e+00,2.323597130458412e+00
6.669038308661737e+00,-3.687237984262270e+00,1.556870747472209e+00
5.585307940810273e+00,2.338977651471433e+00,-9.725110413721434e-01
5.489697589118196e+00,4.429820915209785e+00,1.665121783090844e+00
5.108301121312544e+00,-1.681166790064339e+00,8.013487735130398e-01
9.438849100388785e+00,-1.336635575880351e+00,-3.117806187653822e+00
9.345696979397342e+00,-4.164503228091453e+00,-7.523358788751469e-01
3.601449727982943e+00,1.414927795747118e+00,-1.316405866732634e+00
3.518950115842048e+00,5.245072563487021e-01,-1.772432403379547e+00
5.548984565730612e+00,-4.596542412676322e+00,-1.560809869321645e+00
9.560628413920780e-01,2.522120269713117e+00,2.779460304416075e+00
3.030067007675159e+00,3.292844957450249e+00,-8.597239735470996e-02
2.308675658011727e+00,4.071196041407541e+00,2.184718309524035e+00
2.233896683364285e+00,4.573408617064212e-01,-1.795626590636319e+00
6.385055258952679e+00,-4.741996509824267e-01,-2.045781262138078e+00
3.843503343441493e+00,3.761371545320774e+00,2.442837028878358e+00
1.711643747583063e+00,-1.013031809318610e+00,-2.698825518131764e-02
8.875718449877596e+00,1.554431252345617e+00,2.482814027863740e+00
8.741486879377941e+00,1.153622564009264e+00,-2.745570691300615e+00
8.624629235322352e+00,-1.278389001814881e+00,2.616541554325836e+00
3.907449422577928e+00,-4.131100624339519e+00,-5.312727460117621e-01
5.698245351045239e-01,-4.785844613293143e+00,-2.165371089851508e+00
1.067420178944360e+00,-7.176225946461283e-01,1.152227419850289e+00
2.760480797712992e+00,-1.879842517664319e-01,1.865494577336669e+00
2.199700041086547e+00,3.226782681898920e+00,-2.843928461318703e+00
8.739856201488355e+00,-8.558835008852883e-01,3.061142588184530e+00
9.863581803892595e+00,-2.188401252665307e+00,1.237956443504352e+00
8.166736623318023e+00,-3.790353192484677e-01,-1.122164381906970e+00
7.298489027491884e+00,-2.620095195759788e+00,-2.190985699409085e+00
5.886241399273143e+00,-4.086393888850434e+00,-6.752450362772171e-01
7.699082991798728e+00,-3.869569663138928e+00,-1.755737735899475e+00
9.470333121923908e+00,-1.808455401030724e+00,-3.673637958280906e-02
6.013446699070810e+00,-4.873235824415093e+00,1.771184124187484e+00
1.546132440198339e+00,-2.797967133187619e+00,1.006128907087069e+00
1.638583172687197e+00,2.875231409323539e+00,-4.025328649785020e-01
5.838628031285862e+00,-2.653828075696891e+00,-2.394245934290149e+00
3.334685397848078e+00,-3.892704889604841e+00,2.872401657698100e+00
9.102473752449693e+00,4.490805599945391e+00,-1.442804540584871e+00
6.116423338359724e+00,1.224701163516194e+00,-1.395906717120972e+00
6.764926134233603e+00,-4.399740505643342e+00,9.142174224178516e-01
5.820710100902571e-02,-4.377560335050972e+00,1.699662083325378e+00
4.988485520626230e+00,1.121221256991697e+00,3.042021541472337e+00
4.311647213889117e+00,4.012880206491163e-01,2.947845989030406e+00
7.058718567675330e+00,-4.316252276070152e+00,2.599734046545932e+00
3.826386603333657e+00,-2.756845250266646e+00,-4.064368429907987e-01
9.765750318871623e+00,4.290429144855883e+00,-2.094376296255458e+00
6.702031815564018e+00,7.201081048101727e-01,5.307482233703191e-01
6.599183331425894e+00,-5.967460185216975e-01,-3.033166831485077e+00
9.193411447579827e+00,-2.498445880796339e+00,-1.908524831862885e+00
9.952048338983456e+00,-3.663019576981290e+00,-3.125699984812901e+00
1.978206892621133e+00,-9.736831588931896e-01,-2.007252060302042e+00
8.105331432147281e+00,4.223665593313005e+00,-1.586056713875910e-01
1.623194953220275e+00,-4.512886043224583e+00,-6.702631211711094e-01
4.570434530542099e+00,4.909788159428667e+00,-8.212339028508415e-01
1.001854043324701e+00,-2.921872797979922e+00,2.079438172038249e+00
6.233709784671648e+00,-9.123263960099068e-01,1.099534210160447e+00
4.685181634050750e+00,-4.549486918342824e+00,2.742181640058218e+00
6.286989483257150e+00,8.478220310803133e-01,-3.434320559605095e-01
6.779607526154130e+00,-1.644473459900837e-01,-1.431123156461026e+00
6.194322500312381e+00,1.667070347347799e+00,-2.370742966800498e+00
2.940291226073732e+00,4.267812729147256e-01,1.080880005001278e+00
8.369591572436688e+00,-1.018222153529310e+00,2.147222585944674e+00
5.516861993751241e+00,2.377566978116707e+00,-1.987124179709808e+00
4.898511732168032e+00,-4.749788722130423e+00,2.379773679375111e+00
9.870638042348745e+00,4.102902087459519e-01,1.650982444206042e-01
2.835079067064768e+00,-3.861237961709907e+00,-2.236307342672617e+00
5.280303048951732e+00,-6.399166691416669e-01,8.976367439575297e-01
6.823245786079914e+00,2.911253168580164e+00,1.259950909952896e-01
1.252259329332336e+00,-3.575392537395998e+00,-2.964510203210233e+00
3.542397241465354e+00,4.358103487724852e+00,-6.330736156601762e-01
8.016887159973262e+00,3.885046923914045e+00,1.789375732920062e+00
2.367582345998300e+00,-8.509492913330154e-01,3.482377131705281e-01
4.932903649036067e+00,-4.940251592740634e+00,-1.369475993036679e+00
6.306306059829710e+00,2.897448266744860e+00,2.693235629728785e+00
6.711623533076001e+00,3.808958034122830e+00,-1.647582895397317e+00
7.283104420478259e+00,-3.252619076445674e+00,-1.553605488235541e+00
8.659773170429443e+00,4.161922088165571e+00,-9.133279236938709e-01
3.928594430336376e+00,4.140972772946959e+00,2.478954492970565e+00
7.066319259638561e+00,-2.870914896580956e-01,4.791177249903855e-02
7.321746477702515e+00,2.980348107978418e+00,1.144664788203528e+00
3.002741301269902e+00,-5.505202172801162e-01,2.992456051052638e+00
9.681579502116412e+00,6.404626591861788e-01,1.780003130212490e+00
8.652191735220621e+00,-1.801609901902367e+00,-2.057114124063791e+00
2.898613286995641e+00,-3.405306546791755e+00,1.811781170211486e+00
6.750686766869876e+00,2.465365838140318e+00,1.560348327243786e+00
7.178006344592940e+00,-4.986071554808643e+00,-1.680016971690214e+00
4.314836362753793e+00,7.955268964878144e-01,-1.097359376463362e+00
8.637432859409664e+00,3.646860263784637e+00,1.320274669331192e+00
6.902293535090397e+00,-2.787227132235495e+00,-1.643724667609543e+00
6.581546851527182e+00,-1.671005432019976e+00,-1.833515977124814e+00
2.208403722847182e+00,8.748585286446273e-01,1.278457132260397e+00
4.078423113495825e+00,-2.531297534688599e+00,2.391352008463913e+00
4.339224891323498e+00,3.474868573307830e+00,-2.670248935545134e+00
7.336610965790205e+00,-1.333968328874450e+00,-3.398717230582942e-01
6.183945452575524e+00,8.161371981988621e-01,6.734017696649568e-01
8.586059062626705e-01,-2.738788524007912e+00,1.107579710736892e+00
3.076979518872400e+00,-4.586136630090143e+00,3.117690866116095e+00
4.730475044615456e+00,-3.262997339863394e+00,1.147887440801856e+00
7.367329458569930e+00,-4.538010623911967e+00,7.549505573809143e-01
7.435691300796741e+00,-3.139610038678073e-01,3.077090430211970e+00
4.905433085716368e+00,8.663739091804947e-01,-2.760403485351680e+00
1.169323822606776e+00,-4.553247923145473e+00,-2.673891841368594e+00
2.929034033728390e+00,-4.095177784620672e+00,3.812795584303430e-01
2.546923822470692e+00,-1.447497318964910e-01,-8.880364185032112e-01
7.810264103082412e+00,2.991799322009761e+00,-2.534024255973495e+00
1.799863140056536e+00,1.280091789157193e+00,-1.216117452258168e+00
4.649212223951922e+00,-3.952897798961306e+00,1.095501553520537e+00
6.707188035143901e+00,3.875422738414947e+00,2.391474347528527e+00
9.647861529500370e+00,4.174502347897468e+00,-2.548934487753928e+00
9.992405802244399e+00,-1.750431721505391e+00,2.522388667559299e-01
9.529221435554390e+00,1.160177918813622e+00,-1.281043687633731e+00
7.182423452535351e+00,-7.672849815288174e-02,1.051341290714376e+00
7.464408330220916e+00,4.420237686298222e+00,3.107129033934797e-01
7.592100976090173e+00,8.748532948735743e-02,2.681104323450377e+00
8.626048765462901e+00,4.599658137120642e+00,-2.904817808788839e+00
9.517854628522080e+00,-3.006574494697939e+00,-1.882613538591653e-01
4.457061445203276e+00,-1.544632423043200e+00,-1.930448647591748e+00
4.165108780421269e+00,2.813452400961374e+00,2.311062914521487e-01
4.604644623786307e+00,2.836107355933678e+00,2.221604539562984e+00
6.598171714565941e+00,2.321832739567052e+00,2.584377963985487e+00
7.754453962777647e+00,3.596114646653042e+00,-6.394293184097815e-01
8.705443909013292e+00,2.025461729438121e+00,1.958974802848600e+00
4.562107542826056e+00,1.360851444722338e+00,-1.379108439929264e+00
3.633726261801295e+00,-4.107498692248788e-01,-3.101977507514561e+00
9.833526147022265e+00,-3.291225667067312e-01,2.232032826764642e+00
2.318876210072263e+00,-9.383850679575829e-01,-2.391303406603185e+00
2.220048352524773e+00,1.202117997038203e+00,-3.030938702032788e+00
7.154074548264956e+00,-9.333607076700643e-01,-9.186163734018291e-01
1.796572956026423e+00,-3.525056859134030e+00,-7.578778769403165e-01
3.994089997461225e+00,-3.934703837913532e+00,-2.656404011175552e+00
2.923868223142519e+00,4.244722752437779e+00,1.974067788162026e+00
1.687104567569486e+00,-4.752610924621169e+00,-5.931783704459388e-01
5.797072390978935e+00,-3.945327381943475e+00,-6.331180191235131e-02
3.735114907546289e+00,-5.469512535441332e-01,-1.478903058080100e+00
4.622341728484461e+00,-2.370737330956202e+00,7.229905727749752e-02
1.958630048255160e+00,-9.415109959785406e-01,1.675922754490410e+00
7.678668026717565e+00,-3.825526184061166e+00,2.552121270063154e+00
3.147120834507457e+00,-3.690930631526260e+00,2.956424673932167e+00
3.427181790268988e+00,3.006579087251154e+00,-4.604071603124935e-01
2.521539621001127e+00,2.591087441003038e+00,3.078973541434499e+00
4.344035721190338e+00,-3.957471342753856e+00,-1.288331259425144e+00
4.635766272386720e+00,1.677904148990200e+00,-3.097761559502868e+00
5.296669163295151e+00,1.093113233554833e+00,1.681487478168453e+00
9.675682819819396e+00,2.133627226802297e+00,-2.020448408398673e+00
9.046918080457035e+00,-2.555109543752589e-01,-2.812009185399454e+00
6.093926309870536e+00,-2.300131724665592e+00,2.664126632578907e+00
3.890346776309750e-01,1.636791693565280e+00,1.833501522654540e+00
6.122603408767345e+00,-1.286425734771780e+00,-2.496530681000113e+00
8.966860676411625e-01,-2.810470989878395e+00,1.739877800870103e+00
7.103442385187472e+00,-9.137098628071687e-01,2.161413844547527e+00
3.900776465809306e+00,2.632698356009540e+00,2.546585467650551e+00
8.376964915685187e+00,-2.420680346379811e-01,2.745379227155462e-01
9.425292452651306e+00,-2.001357365665779e+00,1.278075732845110e+00
4.171103414656089e+00,3.318686148238282e+00,1.647697984533193e+00
4.605552954737462e+00,3.816437551809347e+00,1.185253385734853e+00
5.901475810128503e+00,-6.674957622732522e-01,9.225828457040919e-01
1.971327218580505e+00,-1.253119792731053e+00,2.988235982744385e-01
9.273328408283612e+00,1.126989470189650e+00,-1.307188165209427e-01
4.329999265013726e+00,-4.420255539420870e+00,3.117245433453928e+00
1.668203359160073e+00,1.913231605675971e+00,-1.020635717761226e+00
7.627318334188839e+00,2.822876053772468e+00,-2.586983612049798e+00
2.191513724439852e+00,-1.025580727428284e+00,1.665276364370263e+00
1.435292750718550e+00,-3.253841499926036e+00,-1.798094464243372e+00
5.628720754940071e+00,-4.711816248591365e+00,2.054184367985901e-01
6.714952552915908e+00,1.372455994870999e+00,-2.539653972079566e+00
5.695627406649163e+00,-2.310065933650902e+00,7.494826016677139e-01
6.565106489473632e+00,-3.611041287871579e-01,2.789780796483678e+00
1.155240123077445e+00,-1.136444783424691e+00,1.399294978091690e+00
4.760180378841073e+00,-3.251152040525374e+00,-1.793630887157304e+00
3.570186440885412e+00,8.368668460704054e-02,2.960247643812280e+00
9.733686162401218e+00,-4.040647725926210e-01,-1.212108560549481e+00
4.962393417946742e-01,1.241476228698323e+00,-3.982597855729013e-01
2.982942030599230e+00,-2.481150054702133e+00,-1.183110992733649e-02
9.418621940917220e+00,-2.853609201465942e+00,3.083276798321834e+00
9.834961831843295e+00,3.143450597564721e+00,-2.708735216800000e+00
8.249016077271335e+00,2.021922449640416e+00,1.236080329104072e+00
7.599824401640931e-01,2.722064516915633e+00,-8.675138932225539e-01
5.613550283435403e+00,-3.767101882449719e+00,-2.649460159425194e+00
4.001229926704672e+00,-2.759603566729823e+00,2.733384519396743e+00
8.064525676954016e+00,7.553151620363980e-01,5.645964705675621e-01
5.502423557133329e-01,3.572013468729081e+00,1.592900620387239e+00
1.971287516447021e+00,3.921146431684701e+00,-1.631206416748364e+00
4.891950662226295e+00,3.319099622549274e+00,1.643310082291388e+00
1.576476629478269e+00,-4.566020539155726e+00,2.063872058523224e+00
6.927151426942983e+00,3.208791846557263e+00,-4.346117151107576e-01
8.207672211397982e+00,3.990911775210817e+00,4.521158523264841e-01
7.045198936276434e+00,-4.432509098473480e+00,2.964862578330964e+00
4.402837136399823e+00,-8.371910622301195e-01,2.178566590341833e+00
8.783876662526461e+00,3.661032329670171e-01,-3.465172859883618e-01
1.376861317199417e+00,-2.672496271165004e+00,1.034048051280579e+00
2.603385838990089e+00,1.668565603711061e-01,1.785879038883506e+00
4.895396852523033e+00,3.859557879610646e+00,-2.988730165591534e+00
6.133859887925197e-01,3.669425063457645e+00,5.552198688183267e-01
9.568578156654728e-01,4.398372812574809e+00,3.044383064702827e+00
3.974433717223721e+00,-1.589020160545793e-01,2.809718888643824e+00
9.438862967345541e+00,-8.943305470607985e-01,2.088784603884372e+00
9.084136932770003e+00,1.657878190323534e+00,-2.474229824215667e+00
4.659748582784111e+00,-8.323942239896587e-01,3.104153995587145e+00
1.421585445107301e+00,-4.580554039991423e+00,6.882485143719501e-01
1.781076559584356e+00,2.199214521704550e+00,-1.741018815925296e+00
3.775460546091272e+00,-2.190160587171762e+00,1.094962470086114e+00
2.100741950867814e+00,-4.509146877328095e+00,2.240103606922382e+00
8.297559439037783e-01,-4.793789234730959e+00,-2.435816517043545e+00
6.737774835199971e+00,4.313612685773181e+00,2.616558023265260e+00
5.814486377926949e+00,-2.479239913558311e+00,2.640221367025786e+00
2.912967579780851e+00,-5.210080747693642e-01,-3.056993294187280e+00
7.789483825523042e+00,4.505764528988554e+00,2.515279223418476e+00
7.759488877058345e+00,-3.248302121927482e-01,2.807439778871119e+00
4.910019702127618e+00,-4.213906764736887e+00,-2.904768108601692e+00
9.653255551189388e-01,5.193604724665928e-01,-1.293291131856972e+00
9.184694001013575e+00,-4.118013465459348e+00,-7.972890487642998e-01
6.686605235409713e+00,-4.049121216264636e+00,-9.494491656873008e-01
2.470508191519509e+00,3.514770738024598e+00,1.627365334928001e+00
6.104545470342266e+00,-2.105784566354105e+00,-8.915559769589008e-01
4.050214958276302e+00,1.786702001124363e+00,2.868769269900186e+00
6.353496397359580e+00,8.924335328661748e-02,3.110130390476979e+00
4.738708957310208e+00,-2.776733087955858e+00,-1.150960980131076e+00
4.854721502397334e+00,1.782029865320762e-01,5.529676323923738e-02
7.358820919073593e+00,-4.310064641002472e+00,3.625764879114586e-01
6.137257460639757e+00,-1.527876504102906e+00,4.989026945975210e-01
7.995269124422566e-01,2.283622502049170e-01,-7.903681994474354e-01
6.537357044630365e-01,-2.716056619143480e+00,-2.098624720994788e+00
3.050092374967253e+00,1.601881301813605e+00,-2.798778659433013e+00
4.302459965387463e+00,-4.481880783036932e+00,-2.473384280140613e+00
2.752225591792861e+00,-1.519010212937308e-01,2.521387207949536e+00
6.514598580699181e+00,2.149957812893834e+00,-1.379944531491444e+00
1.951079317256219e+00,-7.005394104322713e-01,-2.658899614224454e+00
7.041410963961697e+00,3.745864153189380e+00,7.761599931773868e-01
7.731507418889302e+00,1.321927812406656e+00,-2.668423867259335e+00
1.243193075956506e+00,4.584929160587377e+00,-2.701437052336642e+00
6.508062433629879e+00,-2.158781872250213e+00,7.638500162764488e-01
9.614359759001141e+00,4.387893308547472e+00,5.742532554942978e-01
1.928238172633467e+00,1.068225898856968e+00,-2.880983173644132e+00
9.093028311161545e+00,2.451788992133986e+00,-2.483250899736826e-01
6.060479492740166e+00,4.021611170434468e+00,-4.035796240200864e-01
5.909448673317119e+00,5.119718799182094e-01,2.933564537520956e-01
5.192268232086716e-01,3.621807919496653e+00,1.494422390006807e+00
7.483002783863983e+00,4.169693958805532e-01,-1.364707549877327e+00
4.782730526480582e+00,9.919892761723768e-01,-4.223539345389820e-01
7.211743918351341e+00,-5.490142710261452e-01,1.839356533161126e+00
8.091811034466060e+00,-3.543614481598971e+00,2.655000103996685e+00
5.237963733722786e+00,5.350323334886662e-01,2.458754754628827e+00
2.636443132783142e+00,4.774482302661811e+00,-1.405488731383135e-01
1.415724913928134e+00,2.871859957322843e+00,1.311036691461984e-01
1.605031279324143e+00,2.474984847534364e+00,1.828748864894134e-01
8.669346539457987e+00,1.433088027296296e+00,2.316708250114419e+00
1.235780956303887e+00,-1.520913265127555e+00,2.135902915322720e+00
3.846940730465684e+00,-3.303848055216215e+00,-1.184176047525176e+00
3.342746462890308e+00,-2.754483983573102e+00,-2.118377877734503e+00
8.654556667389702e+00,-4.936779104573499e+00,-7.604252570277934e-01
4.776935006942916e+00,1.734804208983547e+00,-1.329481903860351e+00
9.964464173481376e+00,3.118775585564338e+00,2.832338826916803e+00
7.370547463031447e+00,-2.310886488019403e+00,-1.470795163592181e+00
8.509235754042857e+00,-4.081496003557281e+00,-2.003037493400344e+00
9.867226602667489e-01,-1.642729321780822e+00,2.510000976397937e+00
2.531022552648960e+00,-2.079487705830221e+00,-2.598231557314331e+00
1.354461955718282e+00,-4.912363922226817e-01,-1.506292823309412e+00
4.636219724005597e+00,-2.358979456789890e+00,-3.825756512272114e-01
7.182874881619098e+00,-1.602672946549709e+00,5.975772810572870e-01
1.690635682030002e+00,4.075547793492426e+00,-1.082763125536056e+00
1.301685445697388e+00,-1.651646471103938e+00,-2.366249521273422e-02
6.146087487804404e+00,2.855180467298970e+00,-1.892299464399921e+00
2.303127537634240e+00,1.258337002244594e+00,4.666780609044601e-01
4.793250717537409e+00,-1.624620543686262e+00,-5.792040757861625e-01
5.111772772771772e-01,3.177882697803504e+00,2.194463335435264e+00
6.806128120674648e+00,9.507606959626491e-01,-5.294580549891741e-01
5.413163816420536e+00,-4.913812724010996e+00,-3.530181408535267e-01
6.474228989586328e+00,-4.312717984276002e+00,5.791525387256815e-01
2.754063800597461e+00,2.526395594523189e+00,-2.367692693688305e+00
2.786029753615311e+00,-5.347221041480568e-01,-2.156419503072261e+00
8.013605330907582e+00,-9.449220825645943e-01,1.823617548967100e+00
7.185623129848262e+00,-3.541728158041920e+00,-1.423651797793211e+00
5.797286511986146e+00,-3.426814060387298e+00,1.160485030124467e+00
6.281434757820805e+00,2.977524500959006e+00,-2.529440947306010e+00
9.404417950110544e-01,3.290171339614552e+00,2.022222207274959e+00
8.561713044512535e+00,6.000254063872923e-01,3.067627693078037e+00
7.699070330116626e+00,-2.048721901943126e+00,-7.936231972341909e-01
5.904915338234477e+00,4.327008166678302e+00,3.474665509888464e-02
9.185951311009072e+00,1.239623909952266e+00,-3.599512465479622e-01
1.686379076993998e+00,2.966421194517882e+00,2.476754670518912e+00
6.866573860341668e+00,-4.967170797117846e+00,-3.079175253891791e+00
9.629817776521609e+00,-4.968039912463951e-01,9.642133519863680e-01
3.100089645699209e+00,3.709490863199559e+00,9.573580929594883e-01
1.529231406750953e-01,-1.617667167672787e+00,-7.389967877663501e-01
7.348674669691331e+00,2.265511768722810e+00,-1.763478736069982e+00
6.980324456127063e-02,1.576748251286455e+00,-1.635621951337435e+00
8.725336491821670e+00,-3.477816336457006e+00,1.887871751745747e+00
5.630125210356984e-01,2.749038272544051e+00,-2.726254649687574e+00
6.527647298718771e+00,-3.874732096872011e+00,4.010189381143330e-01
3.771841444231504e+00,2.279140965719407e+00,-1.213656285310630e+00
2.033406537167328e+00,4.909683367790944e+00,-1.474991495527316e+00
8.982583998538290e+00,4.579814318117627e+00,3.605081576211600e-02
7.462458519268623e+00,3.002417430570047e+00,2.499837570549371e+00
3.404405661432601e+00,3.451742422970216e-01,7.419934105919985e-01
2.841530928572250e+00,1.748245758207400e+00,1.813394055808126e+00
7.360122941611394e+00,2.281083903440927e+00,6.326148425358462e-01
8.365707626063305e+00,-4.915984757217613e+00,1.242284883093958e+00
7.158504642958095e+00,-3.976337790470436e+00,-4.246952679796872e-01
6.399892250357414e+00,9.705913207886239e-01,2.676521551468396e+00
2.279247251886488e+00,-4.934654598570908e+00,1.218322473365685e-02
8.528039832764723e+00,4.089056507734973e+00,3.253098409696809e-01
7.496619834583749e+00,-1.033728677492221e-01,1.568628832372152e-01
5.172742897664144e+00,-2.422329243948783e+00,-1.154918447798068e+00
5.115877622667807e+00,-1.061788304024007e+00,-1.688678712577797e+00
5.691730278073464e+00,3.507764106400028e+00,-2.677673891902806e+00
8.282763941786627e+00,4.271928737641158e+00,1.370833841312584e+00
7.422595488375575e+00,-3.837650195226799e+00,-1.324022570307211e+00
8.562449939458833e+00,2.779606339555767e+00,-6.961897296549329e-01
5.072827716587224e+00,7.822711821653030e-01,2.638486462112258e+00
6.246490590182572e+00,8.550275766448667e-01,4.175010095257128e-01
8.545718068959795e+00,2.794521218958264e+00,-2.531633188819127e+00
2.323200601767153e+00,-2.771553132140425e+00,1.882517168510783e+00
4.440206802562240e+00,3.104496797495830e-01,-1.532276636546158e+00
6.206522369793870e+00,-1.806473845491908e+00,3.311605761170133e-01
9.151462573581014e+00,-4.054876550234852e+00,6.271545620940788e-02
1.583601104612498e-01,-3.949205544433961e+00,-1.645699169374131e+00
2.125731581732275e+00,-3.635285293748493e+00,-2.414181788771505e+00
