9.436336706484948e+00,-1.126665791433076e+00,1.566337530624550e+00
6.934669059640272e+00,3.416917680970037e+00,-1.224226314794443e+00
9.404013722621855e+00,-2.806319349347299e+00,2.836854642753123e+00
5.545125556909650e+00,2.342183395288688e+00,1.346599524003643e+00
6.002186110619694e+00,2.574823247401190e+00,-1.088523858520303e+00
9.769710546262608e+00,-8.079999272926557e-01,-1.322341914851982e+00
6.421291468642604e+00,-2.026994007743607e+00,1.489013524237555e-01
3.078656886074660e-01,-2.945851395402475e-01,-2.644312036722545e+00
7.238027766305233e+00,-4.067860741073015e+00,-2.402209318336718e+00
9.054686921374156e+00,-4.540699677709100e+00,-2.036644997552161e+00
7.955802497943266e+00,-3.883968005481082e+00,1.726139244986792e+00
5.838332726254226e+00,-3.128549685377738e+00,8.706835615605923e-02
6.713035130935163e+00,4.176820338043008e-02,-3.075197463034250e+00
9.901917892516718e+00,3.491366361611220e+00,1.090236495965578e+00
9.066208850933832e-01,-2.643576680003130e+00,-4.794687482338640e-01
6.672448286332395e+00,4.351620107467781e+00,6.818742008868561e-02
2.833976945705938e+00,4.549079089350034e+00,-1.796260618949149e+00
6.400903965861700e+00,4.589046048452053e+00,3.253573366188496e-01
6.076235758839388e+00,3.375627346763238e+00,3.010608595894051e+00
1.534568321081621e+00,-1.361749592022794e+00,-2.680126050172048e+00
2.067466457402392e+00,-4.273160889973769e+00,-1.357687019565608e+00
6.216295780432135e+00,6.881873176649487e-01,-1.614793748446620e+00
1.282299473037741e+00,5.868144393723371e-01,-1.579911276168368e+00
2.651808751303228e+00,3.499757671095956e+00,-7.621104319995156e-01
8.352455477380024e+00,4.959910509461052e+00,1.998742725574615e+00
3.270915060016386e+00,8.157306560147592e-02,2.594067654725650e+00
4.880601562696629e+00,-1.547959689602157e+00,-1.871037787177537e+00
9.411403351458404e+00,-3.140982884437330e+00,2.698624190598569e-01
2.271490888369463e+00,-4.952001751826293e+00,8.601616104781327e-01
3.896260173580104e+00,9.113692488879188e-02,1.371460662157493e-01
6.064577755435456e+00,5.551866670259571e-01,-4.142102313782137e-01
7.553389295039722e+00,3.249384798173974e+00,-1.935374975836661e+00
9.016533867127052e+00,4.576967892800621e-02,-7.401994918850496e-02
9.154729875735152e+00,4.164683486660564e+00,-6.206855430913825e-01
7.766400743726230e+00,1.280834765714355e+00,1.857079376614855e+00
2.283308365933104e+00,3.403362382210831e+00,1.656275036401422e+00
2.480933004256580e-01,-3.516982651922529e+00,-2.299654108656882e+00
3.837739303556238e+00,3.553361303023147e+00,-2.585411043120069e+00
1.415488509878233e+00,1.751438544438484e+00,2.564506859154458e+00
7.103876474382981e+00,-3.297669675616695e+00,2.231057878233496e-01
6.611305868257168e+00,-3.102364418539891e+00,2.248129592029058e+00
4.397164162145484e-01,4.265006190442213e+00,-2.776218387250953e+00
8.365937791309511e+00,-4.677846395496271e+00,1.666025321395157e-01
2.487432662911822e+00,-3.746505670429388e-01,2.477240970987102e-01
4.322270754910422e+00,-1.865247100658984e+00,2.266357711138649e+00
6.679337354557424e+00,1.650774399984281e+00,-2.528290946879070e+00
4.294187868522533e+00,3.396293875689921e+00,-1.630828620724806e+00
4.412878027999434e+00,-1.396218784434304e+00,-5.872370929693496e-01
6.562799533574037e-01,-7.309791267716284e-01,2.298649783115482e+00
4.014435492600038e+00,4.819177845014142e+00,2.757585196817655e+00
7.648478932199835e+00,2.839165096792028e+00,3.095880090316333e+00
9.151763371865977e+00,3.972041309317914e+00,2.885197767268751e+00
4.134971370633718e+00,-6.123777934837022e-01,-3.104259500569697e+00
4.235858268790789e+00,-2.659237960158848e+00,-2.841832303536918e+00
7.026271063236521e+00,-8.813653461354836e-01,-2.214151656219318e+00
9.427720011052767e+00,2.160919178315135e+00,-9.496274529309501e-01
2.670609402393602e+00,-3.905695951640207e+00,2.072936124870878e+00
4.401442065379369e+00,-2.295308943834912e+00,2.467131637304928e+00
7.959732435523011e+00,-4.533640995384096e+00,-1.967677457084048e+00
6.096935693740385e+00,-6.765226166186844e-01,7.518720392530640e-01
1.105863439639547e+00,3.274457359796132e+00,2.622362692337451e+00
6.277327355622657e+00,-4.753363117019892e+00,-2.278802239132345e-01
1.867462845973269e+00,1.753235268071660e+00,-2.491009203643169e+00
5.102159340784041e+00,4.324958745137396e+00,-2.650646539518213e-01
5.291032676604384e+00,-2.630721384888177e+00,-7.804036450204839e-01
8.762033622249849e+00,1.936348407276482e+00,4.879395798669450e-01
4.624942740124381e+00,4.751019011002004e+00,-3.854188528563522e-01
2.794424222358942e+00,4.622780601524632e+00,-3.032604980843101e+00
2.309663482160316e+00,-2.650708069708567e+00,3.103879300364797e+00
8.742518766843361e+00,-3.996689467879313e+00,2.735713819798296e-01
1.710108544182284e+00,-3.517174621040841e+00,-1.656828497005272e-01
4.258685608831438e+00,2.020356684821421e+00,2.856445189022875e+00
1.871731149269470e+00,2.257588754532756e+00,-2.162293081995061e+00
7.733040401143754e+00,1.742365616281990e+00,-1.952577729711599e+00
4.743726399746190e+00,-1.639216122577619e+00,1.935313745705888e+00
3.511436905568121e+00,-3.302230602418779e+00,-1.502742643920875e+00
3.610996406264668e+00,8.076109195225314e-01,1.880099357760787e+00
8.522142067229794e+00,-1.631955424213345e-01,-1.435497463371791e+00
5.537739542944381e+00,2.288341471223035e+00,-2.933068622979955e+00
7.178678511312636e+00,-5.863992131437854e-01,1.069066631307316e-01
8.970385162506846e+00,-1.613603053135316e+00,-1.905775340562352e+00
9.017416760406419e+00,-2.065214226409856e+00,1.620096039264026e+00
3.285090543378631e+00,-2.885296799502535e+00,8.871834609033797e-01
9.524512631463853e+00,-2.342536238133386e+00,2.661574059520926e+00
2.487588201460544e-01,-4.051695611558986e+00,1.778068288474960e+00
3.768355610161657e+00,-1.531429890711105e+00,-2.005743830243178e+00
8.957988575088416e+00,-4.634301876370418e+00,1.885949822441181e+00
2.746368798169829e+00,-3.135861528336732e+00,8.905601174585254e-01
2.730814503213184e+00,2.467704446194291e+00,1.061554473134228e+00
3.026222850818887e+00,-1.745310113233773e+00,2.087669283248725e+00
6.123133848469222e+00,1.682370169773439e+00,4.638503068441584e-01
4.383327756143538e+00,2.168841755972774e+00,-2.136062191128909e-01
7.267348363533426e+00,8.118534273211351e-01,8.585409457237656e-01
8.949106425646658e+00,4.586977413653985e+00,-1.269470913793626e+00
6.741993749428606e+00,-4.785601333768867e+00,-1.994301042410186e+00
2.044667201975755e+00,2.386526505881421e+00,7.325429911650883e-01
9.326819023605022e+00,4.587866439404081e+00,-1.672280016844011e+00
2.644928733474785e+00,3.622717293529393e+00,-2.639471212721544e+00
1.498942953281581e+00,-3.321073081949867e+00,-3.138110609146260e+00
8.996727886096090e-01,-1.731796937482679e+00,6.805908713593896e-01
5.633837406661656e+00,-3.275481601235346e+00,-8.661447382138077e-01
1.137624624806518e+00,1.013083638147041e+00,1.585316583775678e+00
1.387758841126308e+00,2.121879819794923e+00,-7.842898201083517e-01
3.000304805954967e+00,-1.829262306369418e+00,-8.794292838075224e-02
2.816530096844638e+00,3.950657398429547e-01,-5.838023336225655e-01
6.042395103321423e+00,1.909205700711950e+00,9.460893151298793e-01
8.167452794726815e+00,-7.866018338895167e-01,-9.039043035060947e-01
7.613496562028924e+00,3.540155304554593e+00,2.913938084062721e+00
2.624844547164767e+00,2.715499352878171e+00,2.740392337966536e+00
2.453104979859799e+00,-4.353344561494294e+00,2.186723804464758e+00
9.657915301069677e+00,1.211252990908291e+00,2.640824484666296e+00
8.236241591960125e-02,-2.646744490402504e+00,-3.195647621905309e-01
8.797205330602157e+00,5.751826466727525e-01,2.288989338424594e-01
1.997285191224050e+00,4.568884426329662e+00,1.521112620538975e+00
9.472843230897679e+00,3.790620045522502e+00,1.232421193636991e+00
3.423072848275197e+00,-9.548359688486832e-01,2.454706011737850e+00
4.403517738932523e+00,-2.084861416556466e+00,1.359247931946334e+00
7.071206139443809e+00,-2.655942555917410e+00,3.128301883410458e+00
5.876690514732603e+00,3.251486975652007e-01,-9.518661326210704e-01
3.179393297068228e+00,-3.857515467419437e+00,2.092286521362686e+00
5.538309158678235e+00,4.927500812824857e-01,1.241776215009236e+00
7.307068843628862e+00,-4.986663605092080e+00,1.202516500568335e+00
4.233494590249209e-01,-1.761503692541551e+00,-1.094307231503576e+00
1.119930525570412e-01,-2.800656861694187e+00,1.794488985856489e+00
4.580669390728913e+00,4.712187899607819e+00,2.515636740961440e+00
1.318366178035142e+00,2.272423195699790e+00,-1.768412171257089e+00
6.643442914647144e+00,-1.503466195377623e+00,7.885198830691849e-01
2.140524562274342e+00,-4.071549134693795e+00,-6.777368569378579e-01
4.328511067956709e+00,1.680059469062396e-01,3.075921550310971e+00
1.976709368742690e+00,-2.865521186739577e+00,-1.329973405607427e-01
5.484835857491245e+00,3.642954589835776e-01,-1.707014692256153e+00
1.160534593845689e+00,3.353623541788926e+00,-7.423104333614861e-01
2.310685278748026e-01,1.157925521013854e+00,9.665951105759918e-01
5.113163810669719e-01,1.337884195450022e+00,-2.663509033493604e+00
9.542584415153099e+00,4.103028906281150e-01,6.509500629296716e-01
1.422862186109358e+00,4.272656326314092e+00,2.709465070964908e+00
7.084782531368353e+00,4.319026844206032e+00,2.201394319594288e+00
6.792620422282625e-01,1.272320107355220e-01,-2.716387282375473e+00
1.081603522351822e+00,-1.942405128564956e+00,3.100060036804431e+00
5.088762514093347e+00,-4.041299412055608e-01,1.248638087157212e+00
4.648709301543437e+00,-3.134420878043843e+00,-2.121952162622928e+00
9.515803094398695e+00,1.363443153180893e+00,-3.063580064547840e+00
9.448354530207373e+00,9.233578223319938e-04,-2.065392109863962e+00
7.796086425424651e+00,-3.966995221867201e+00,2.124821976094561e+00
6.021018301273497e+00,-3.023522188803847e+00,-3.005628765037056e+00
4.549603173930111e+00,-2.036804380047315e-01,-1.676684941088094e+00
3.561785343284210e+00,3.875889907188583e+00,1.616698736063185e+00
9.470875469755555e+00,6.639072063109737e-01,5.410484539485227e-01
6.029088114246855e+00,1.815350002084708e+00,1.776480861150141e+00
5.790725276859945e+00,-1.609714502560903e+00,1.546609228999326e+00
2.319011217689149e+00,7.141139304423429e-01,-2.823654761503163e+00
4.669781788511307e-01,-5.262017736193254e-01,2.466221981352582e+00
9.451885797595445e+00,1.591299126231607e+00,-1.715109568165412e+00
3.137352588446539e+00,-4.494244339209896e+00,3.354745959661156e-01
4.425890233244587e+00,-6.699783761040834e-02,9.065892250953684e-01
1.146399435857068e+00,-2.040073748560331e+00,-2.082070356580581e+00
8.369243299092920e+00,-1.738149387220908e+00,2.992249234923232e+00
2.763183285593063e-01,4.609174315580614e+00,-7.441832268981008e-02
8.339907620990965e+00,-3.173051872886172e+00,-2.779412915546025e+00
1.402850127879668e+00,-1.887547474214031e+00,2.747398455135428e+00
8.865641126311521e+00,9.892575730871744e-02,5.420368448340143e-01
7.297726373361574e+00,3.630269481496237e+00,1.251567774846698e+00
1.646702625073051e+00,-8.332991679362953e-01,1.581841534113564e-01
5.658179928594681e+00,2.438652808881710e+00,2.103220599209988e+00
3.126563143552195e+00,3.563740982148024e+00,-2.933408970761420e+00
1.782330989115835e+00,-1.899836441781511e+00,-1.455321652115542e+00
8.591821994111084e+00,-1.072498164612901e+00,-1.907050010993556e-01
4.035227665072294e+00,-1.434437763116438e+00,-2.660277937090668e+00
3.985437143653825e+00,3.328558086179211e+00,1.293749759363545e+00
1.698866748066200e+00,-4.556531380463989e+00,-6.681324744212374e-01
3.830656760857787e+00,-1.915789111713200e+00,-1.428369143398804e+00
8.716168463288502e+00,1.794085575951298e+00,-3.120362732967966e+00
3.631287104896359e+00,6.544349956534266e-01,1.381234584860017e+00
9.516035624997880e+00,-6.371064070630572e-01,2.097385744909738e+00
9.463088992083875e+00,3.994822722138434e-01,-6.594797640554488e-01
1.448986593073460e+00,-3.024154141716817e+00,4.034934497528382e-01
1.773112535226449e+00,-6.928337839198964e-01,-1.710995390907646e+00
8.626740703318891e+00,1.702984176349087e-02,7.677904556792603e-01
3.927609189247192e+00,4.011891219546017e+00,-3.065330753837221e+00
4.373982283009337e-02,-2.391648371960237e+00,-7.135249889590023e-02
2.738718197053710e+00,3.678285021649327e+00,9.060697647161904e-01
5.976289931955599e+00,1.442414008259819e+00,2.627576405140442e+00
7.992659659599680e+00,-4.796591689323990e+00,-7.455890503457350e-01
1.333886170932596e+00,2.246313368993937e+00,1.666239186978379e+00
1.105413644167353e+00,-4.644481224509449e+00,6.137857112430161e-01
9.220926535723317e+00,4.973811268138132e+00,2.682996233918576e+00
7.511483678225827e+00,3.726366876911978e+00,-6.385118951781039e-01
5.897796007780784e+00,-2.026562524599544e+00,-1.136657502510359e+00
7.691867899959281e+00,-2.425887698032946e+00,2.432484917987183e+00
4.288543613066384e+00,-1.185589178943911e+00,-2.832180954200377e+00
7.584557473091266e+00,-1.438330346855570e+00,-2.284657956595001e+00
3.718029912745358e+00,-1.276621816146189e+00,-2.623830320964884e+00
2.440945724926023e+00,-1.817234538805196e+00,2.155823437907879e+00
7.290134212929686e+00,1.211334068483314e+00,-3.074944246922369e+00
4.196722921572683e+00,-3.357363362793761e+00,2.272358925655416e+00
9.813771043261948e+00,3.459812924460131e+00,-3.061934721097255e-01
3.494851823081010e+00,3.124024840313153e+00,-3.116301080637224e+00
9.217274205310659e+00,-2.351679214472959e-01,-6.179815774315505e-01
9.329625485670794e+00,3.527299652785477e+00,-1.967888353766836e+00
2.418529470647461e+00,-2.528549299697067e+00,7.816313150910728e-01
7.982211815880134e+00,-4.824345442960331e+00,1.126944513549200e+00
4.330745051445652e+00,1.192079250298230e+00,-7.836658637613692e-02
9.175247272303480e+00,-4.209059303528466e-01,-2.887000966693369e+00
4.501242726352388e+00,6.716454629587068e-01,9.809862096275186e-01
7.443037173373661e+00,3.993394090184029e+00,2.149093059635788e+00
4.669674091637979e+00,4.699255735659435e+00,1.384338262112206e+00
2.278007557128562e+00,1.344531397556031e+00,2.073186748367610e+00
1.993501289446863e+00,2.640555898524384e+00,-1.881754161265278e+00
4.254311942563456e+00,-4.161915665128357e+00,2.443454988588953e+00
7.554946570142150e+00,-3.392844151084944e+00,-1.117191498409022e+00
6.050714851807668e+00,2.332048049529766e+00,-3.057367721636211e+00
6.886292899005433e+00,-6.863454361199803e-01,2.157593346823026e+00
2.823263507319425e+00,-5.403472959559430e-01,2.776044905558611e+00
4.814353459576055e+00,-1.913923183645634e+00,9.774009804240276e-01
4.439526496932700e-01,1.073563834777438e+00,-1.687433417518852e+00
8.175324159581207e+00,-3.148349545837974e+00,-1.559835534446002e+00
9.898921622398746e+00,1.269162793138956e+00,-2.099031667844042e-01
4.068790626246709e+00,-3.262011428647603e+00,2.499646394091031e+00
1.096365313154335e-01,-4.361739652902864e+00,-2.201642858494950e+00
1.697926395509474e+00,-1.696423113009390e+00,2.048152971254378e+00
6.525268777504189e+00,-2.688596579901523e+00,-1.311283125993447e+00
6.120793182038592e+00,3.889916385563323e+00,1.938904085755738e+00
7.878647195855439e+00,-4.450465461313734e+00,2.640641813800756e+00
2.538840109610682e+00,-3.233863074258772e+00,-4.555694381657696e-01
7.636319155471341e+00,4.871960558304949e-01,-8.479117473376245e-01
6.879840215236698e+00,-1.893280915252635e-01,1.898912550876918e+00
3.228144977138433e+00,-4.541479816252984e+00,1.852464133795122e-01
5.454881480569620e+00,-4.927475719848555e+00,1.158927551227215e+00
1.472738084983267e+00,4.880679419611498e+00,7.717588569665632e-01
4.525645034355827e+00,1.588347003588382e+00,-2.180963705002761e+00
8.811973395556409e+00,-1.345938690984432e+00,2.166381725828530e+00
4.211913798253908e+00,-2.956775233675870e-01,-1.911501350047329e+00
8.395667064754219e+00,-2.334498795457130e+00,2.716108816181619e+00
5.902533652596944e+00,-1.551262163067903e+00,-1.567206796925140e+00
1.918767131023568e+00,1.490444672682139e+00,1.469517494902437e+00
5.811062446978964e+00,3.828117988673707e+00,-1.353050067581432e+00
5.059833291570635e+00,-3.158699769188151e+00,-1.144888043520748e+00
3.986413351963840e+00,3.403615053853187e+00,-1.193793566989563e+00
1.196304395160703e+00,-3.784433704817309e+00,1.557552968260316e+00
4.167086638472298e+00,-2.850077764116088e+00,3.569799144509656e-01
7.276237623962711e-01,-4.628247119503540e+00,2.406161243929334e+00
9.876905139875125e-01,-3.591881379070005e+00,-1.210312900459102e+00
4.159165329327160e+00,4.173031454640505e+00,1.206324593675289e+00
3.053814819684637e+00,-4.056125338162140e-01,1.589322924874908e+00
9.255443258622234e+00,-4.223341382216464e+00,-2.189802466699442e+00
3.757058053802705e+00,4.597268380389613e+00,-6.246154894654423e-01
7.578581220721001e+00,3.789923077586501e+00,-1.079608670380270e-01
5.302475263662427e+00,2.546825208681413e+00,-9.067428714564034e-01
7.040856686423354e+00,4.334727919475579e+00,-1.117699523339030e+00
2.601159830153992e+00,-2.798705791642359e+00,1.171310738931959e+00
9.419049728383291e+00,3.363692930100864e+00,-1.785264075501909e+00
5.300884969144239e+00,1.899911963543062e+00,1.315640854021276e+00
8.313240712852497e+00,3.697592495676883e+00,2.733463302735989e+00
3.650456934761135e+00,2.969115657426298e+00,4.096481071285756e-01
1.002113490505245e+00,-1.535049368231750e+00,7.001619589982351e-01
6.737116477208488e+00,2.743985370172556e+00,-2.708475712419530e+00
7.759648337424485e-02,-2.375436970151097e+00,2.290075925617849e+00
4.752929765655082e+00,-1.714078369719452e+00,-1.348071311088673e+00
1.928019026664592e+00,-3.920942827770238e+00,7.228877928229651e-01
6.273755044353622e+00,4.350766159804687e+00,3.010350545431474e+00
9.794198731378522e+00,-2.089966365997185e+00,6.000605367165068e-01
4.644029063206459e+00,2.062246517145185e-01,1.411891350020032e+00
8.174982565256666e+00,-1.086671635338074e+00,-3.435669713674927e-01
5.077841869511211e+00,4.599281205835016e+00,-2.762302872560483e+00
4.958400311040241e+00,-1.649508290615176e+00,1.869871860140441e+00
9.304234931787779e+00,2.785458214226891e+00,-2.921688448391608e+00
8.899658687466815e+00,3.554161546311800e+00,1.260770322238720e+00
7.858004651879744e+00,-6.439350251903413e-01,-2.997572161958552e+00
2.962557533167841e+00,-1.218281855470687e+00,2.276430939172760e+00
5.450084157239406e+00,2.477458209326279e+00,-2.151136229361975e+00
2.238972333056850e+00,4.128959803062340e+00,8.967045047611766e-02
4.439166980465398e+00,2.549317330722383e+00,6.104158789906573e-01
4.842130657597906e+00,-2.728736344081344e+00,-2.667500726136720e-01
8.316400401693310e+00,3.883077474377053e+00,-1.000512504089618e+00
8.960283653249931e+00,-1.124183325631669e+00,-2.022287413369526e-01
4.146200623964779e+00,7.622941177793425e-01,-1.184909764379442e+00
1.770444507323721e-01,3.314356192927111e+00,-3.887887596642785e-01
8.617738397893547e+00,-3.116052325995078e+00,-8.864758219950879e-01
1.742786785013607e+00,2.845101356775531e+00,4.159771743245129e-01
6.218819638903935e+00,9.616279791067752e-01,-1.646671053149101e+00
2.497090043413119e-01,3.933416418276082e+00,3.070319686092718e+00
3.995064752605643e+00,-3.280295981564571e+00,5.466078308753897e-03
9.859603021153498e+00,-7.931776295907156e-01,-1.921636341567481e+00
1.006936011038031e+00,3.328430928668375e+00,-1.440938621647834e-01
4.236931519996423e+00,-4.807682965432399e+00,2.302254158158680e+00
3.071499501899522e+00,-3.877986332343571e+00,-3.004576531433886e+00
9.050881233882643e+00,4.905652127567347e+00,1.128171803018490e+00
8.693401079073551e+00,-2.196058214096495e+00,3.013905560333847e-01
2.376987603062288e+00,4.755431937239534e+00,-2.076228354648519e+00
8.118778705043117e-01,-3.174684489913261e+00,1.994763298816369e+00
6.271383940611175e+00,-1.389055569926644e+00,-8.238222142449509e-01
3.363687118837098e+00,2.528694445035706e+00,-1.295580062916643e+00
6.720843906060630e+00,1.577784072381785e+00,2.061671384390763e+00
3.211975606781448e-01,8.112239992905561e-01,8.703785349078403e-01
1.333992351774894e+00,2.989917580500752e-01,2.502335622996462e+00
6.863722327726434e+00,3.434404436647402e+00,8.160833785489472e-01
2.123706553024978e+00,-2.650514371666073e+00,1.513101970028466e+00
8.575876757624016e+00,-5.752907300648156e-01,2.113951912039266e+00
5.859088771013543e-01,-3.445477078435427e+00,-2.797653377520117e+00
2.154819827855746e+00,9.594159573070442e-01,1.734466762430312e+00
9.985602484850686e+00,-2.494555757286798e+00,7.144388960883430e-01
4.330761025867926e+00,-1.661579356566142e+00,-2.704862287791102e+00
7.029656635446435e+00,-2.874928337647189e-01,5.389667265164499e-02
1.826630488570137e+00,-4.732294142968722e+00,-2.623493269542745e+00
6.098687349855378e+00,-4.080620640791624e+00,1.482499991137488e+00
7.261060683694184e+00,1.859292207082196e+00,2.921788855218477e-01
3.144766358665105e+00,-7.103001928249277e-01,2.849886585994417e+00
8.288971119758777e+00,3.647902219998954e+00,-1.990919177705175e+00
6.034175784722833e+00,1.946720036441994e+00,6.662278309455663e-01
3.891230096150302e+00,-4.918990583526775e+00,-1.812182894394788e+00
5.576423933431585e+00,1.167123307671348e+00,7.166914361028534e-01
5.767608474359243e+00,-4.062751339402836e+00,1.398949338521641e+00
1.655352926938660e+00,2.809331797904942e+00,1.396779295765769e+00
4.027323698669662e+00,4.915076882785019e+00,1.979668268931412e+00
3.434305880194931e+00,3.119879424151151e-01,2.221421597657689e+00
4.009027225791261e+00,1.827795001941304e+00,-2.656080078447463e+00
7.611105884852579e+00,-2.626858391052485e+00,-9.847814958351568e-01
4.825384074666727e+00,-6.240225624620646e-01,1.175725470567144e+00
9.403161532392643e+00,3.560953322363837e+00,-8.882618292110234e-03
2.936764133584362e+00,-3.325770522537488e+00,-1.943540346507530e+00
4.157035782849290e+00,-2.344643943862379e+00,3.311839968191483e-01
7.869568104790414e+00,-5.456632471396983e-01,-5.815989465084348e-01
5.460245933207503e+00,2.122488918440140e+00,-6.909098781946312e-01
5.470281464244477e+00,-1.241160452043262e+00,1.946240006236020e+00
5.334016300518352e-01,4.277322797830038e+00,-5.805767912245519e-01
3.985996627184558e+00,-4.055429487312808e+00,-2.975374093446490e+00
2.707337324217325e+00,-1.291958024551525e+00,-2.776769935783499e+00
9.993351228311154e+00,2.089541234284219e+00,2.238347328527061e+00
3.083550706323103e+00,-2.740132343385075e+00,2.894040241945690e+00
8.844965347938635e+00,1.564131342296729e+00,1.183810774553957e+00
6.762337350404774e+00,-3.357830417726540e+00,-8.521991416980788e-01
3.409164091920904e+00,-4.440197151383137e+00,2.755807059925758e+00
5.435343783741237e+00,-3.789842832513512e+00,1.022921960279512e+00
8.405358799491937e+00,4.299847831341348e+00,2.163511497098278e+00
8.833682980309119e+00,5.175088293955135e-01,1.670399290605177e+00
1.603938750061452e+00,2.963457754796490e+00,-7.593900753533189e-01
3.395731412081696e+00,-1.673454990949488e+00,-1.338180186896065e-01
3.352231802135717e+00,9.265864788544667e-01,-1.972089836070468e+00
4.204479607594469e-01,-5.047866295008419e-02,-1.306813948211309e+00
5.982377598518966e+00,4.457379594022941e+00,1.747515068545080e+00
8.548200529921880e+00,2.475746360541104e+00,2.475439243226186e+00
3.815743878255178e+00,2.305426314965791e+00,1.410326433416582e+00
7.400359449841770e+00,-4.536467305657204e+00,-2.188201174703894e-01
6.277004136007399e+00,4.966966900369112e-01,-2.598038886052724e+00
3.756487354930008e+00,-3.300854609818513e-01,-2.783778139053687e+00
1.410597994922971e+00,4.278422666061946e+00,-7.896357659126072e-01
7.093238527759674e+00,-2.426580118104678e+00,-2.273148450780300e-01
8.545651689412404e+00,-2.301665467089057e+00,6.856250902008814e-01
6.858544924014919e+00,-8.865375111849962e-01,-3.100817788160385e+00
1.787848403481807e-01,-2.566302865936239e+00,3.077019669967414e+00
2.162328943909912e+00,-3.708160821912505e+00,-8.548972086741662e-01
6.947998488353191e-01,3.574148466508008e+00,2.187143277102824e+00
5.703860995762268e+00,5.827652440391589e-01,2.197022912773421e-01
7.564776788404124e+00,3.613627189565667e+00,-2.322017389389351e+00
1.105791870686594e+00,3.311347654036959e+00,1.869659507607683e+00
8.383378205933852e+00,-2.179576452103289e+00,1.318382394185035e+00
5.555089783954832e+00,4.773744432427396e-01,1.723860057138564e-01
6.899690121417249e+00,-4.167822972599295e+00,9.143976964244915e-02
9.714018486086463e+00,4.152518840307584e+00,-2.591942080057699e+00
8.368098824769732e-01,-9.573728493484692e-01,9.792278238187526e-01
9.012240229777893e+00,-1.063238161109786e+00,2.583929520284197e+00
1.261026959874093e+00,-1.972446293820468e+00,-2.555717547169007e+00
3.929588066366823e+00,-3.933625528929614e-01,-1.485901378599015e+00
8.514386963311143e+00,-2.482406134545520e+00,2.527775547692590e+00
9.062542367378683e+00,-1.251477272031955e+00,-1.355007177224071e+00
5.063716735451454e+00,2.999470485848819e+00,9.672566191741838e-01
5.941046382754251e+00,3.342555035851719e+00,2.187689823937187e-01
7.081473345985572e+00,-1.958175223714838e+00,6.052441924360648e-01
8.327586684527141e+00,-3.098556944721214e-01,-5.291139363112571e-01
1.215111695376662e+00,3.738197762800523e+00,-1.256690653527518e+00
8.100693082292276e+00,-4.473266681703029e+00,-2.836647989058413e+00
4.812761505116168e+00,3.891449619957854e+00,1.534862408597121e+00
4.506234251081690e+00,-2.808156543476683e+00,1.546250825851721e+00
4.238997519969983e+00,1.785392442143758e+00,1.072701461619995e+00
5.092115852460426e+00,8.255169638460025e-01,9.024777071277459e-01
9.450505533946036e+00,5.294074818925214e-01,-1.610272749646847e+00
5.482037727921516e+00,3.593602247528214e+00,-3.001195294059531e+00
9.531775382631393e+00,-3.984278563553387e+00,1.939716045810710e+00
1.802901306156406e+00,-1.529719746743639e+00,-5.567822231607700e-02
7.241359788326331e+00,3.825274634476559e-01,-1.213671819076652e+00
8.122395386087472e+00,3.112888539460398e+00,-2.501135594573316e+00
6.791288313348619e+00,-2.835569165883285e+00,-2.747501275195261e+00
6.069222802265404e+00,3.029298413742762e+00,-9.495983930424265e-01
5.648127810861823e+00,-1.003615175060642e+00,1.914719447896674e+00
8.609304825786960e+00,-3.110861435663046e+00,2.630918909581472e+00
8.216465971645000e+00,2.589864404434826e+00,2.492862344740259e+00
1.222887211805995e+00,-4.091010985254522e+00,2.638943073902193e+00
8.485876570308781e+00,1.476737407544295e-01,2.561813885315042e+00
4.140686194404425e+00,-4.361242161381115e+00,1.710581592472211e-01
2.536968299958108e+00,-1.435821448422124e+00,-1.762963537243628e+00
8.697685680139259e+00,1.010767990063926e+00,1.872681910135394e+00
4.320247996337416e+00,5.611554148721307e-01,-1.798794430042428e+00
8.083646901768166e+00,-9.534458209533350e-01,-1.462679818301449e+00
2.634036119558445e+00,-7.095200602788427e-01,-1.676012525878218e+00
3.929321422217802e-02,-2.732304466492335e+00,9.413721876772030e-02
4.954591929029444e+00,-4.411741157589706e-01,-1.119490782815612e+00
1.002282566428843e+00,4.532548557208342e+00,-2.173001627571001e+00
7.543759555249096e+00,3.504529177837904e+00,-2.942201303737084e-01
2.760751360694104e+00,-3.547671309236562e+00,2.349328468983050e+00
4.436456466034787e+00,-4.702192126790790e+00,4.432966616012379e-01
8.703356509155424e-01,4.335243127166306e+00,2.377152720095774e+00
2.866592484472527e+00,2.674974988074759e-01,-1.910891418215396e+00
7.814902432585720e+00,3.783782314930768e-01,-2.092464863847542e+00
1.515879119023195e+00,2.807179957065223e+00,4.748650857471786e-01
6.471595611269574e+00,-1.853110261286735e+00,-2.304113070025933e-01
9.174258528045012e+00,-1.809243116399788e-01,1.006394388608300e+00
6.798367597577203e+00,4.686629131467376e+00,1.851194724480944e+00
8.110216892922269e+00,1.721486869324071e+00,1.579010307628791e+00
1.089716293039158e+00,-3.462549680042141e+00,2.778808908267471e+00
2.507318260020544e+00,-3.667732520156467e+00,-6.392738350843565e-01
8.945388522405910e+00,-2.957352416669946e+00,-1.844826507099363e+00
7.151056136180892e+00,2.667116744207175e+00,3.198935512702801e-01
6.395538263773112e+00,-2.046229961593840e+00,-2.445773107933313e+00
6.637667361217000e+00,-4.786111533249202e+00,-1.326687519510168e+00
4.142005543046434e+00,4.441743635056618e+00,-1.835393479222266e+00
4.455663161765322e-01,-3.302865836050893e+00,-6.499093348498479e-01
7.844415420707290e+00,-4.904418138519314e+00,-2.442798303621037e+00
6.787132362153539e+00,-2.628683976166770e+00,-2.941525072090219e+00
4.728044641127247e+00,-2.649712128818663e+00,9.851657861452638e-01
8.997596153682574e+00,-7.799474915427691e-01,6.927147605220632e-01
3.361596649850989e+00,4.203898315000368e+00,1.309157805537687e+00
2.943217442312359e+00,3.791849177790979e+00,1.007737724983745e+00
8.727963250794428e+00,-4.310544501757203e-01,-2.423457992347193e+00
7.969876547589855e+00,-8.910009500819349e-01,-1.312690102900063e+00
5.149798106483447e+00,5.500908647485128e-01,-2.327752961375117e+00
1.307347394578500e+00,-2.565459880282343e+00,2.154959157319622e+00
2.150714714650524e+00,-4.478150080336372e+00,1.551341419618756e+00
6.562279904088067e+00,4.392241361712067e+00,-1.875361149853955e+00
3.850412378404116e+00,-3.133010151228273e+00,-9.970834485390707e-01
8.364731916659712e+00,-3.015992707542836e+00,2.931828463504227e+00
9.499550093322041e+00,-2.753967114605240e-01,5.916206939628905e-01
8.056369252749182e+00,-8.386655159669321e-02,1.892216424137524e+00
3.775454229955572e+00,-4.815657902992580e+00,-1.479118151519471e+00
7.886864292314240e+00,-3.520452612260293e+00,-1.821791231789016e+00
3.514416734706835e+00,-1.218451814392583e+00,1.783902675788185e+00
1.671000877656339e+00,1.837306935105390e+00,1.167871079719580e+00
3.339320486585740e-01,-2.715815431680642e+00,1.137117865747141e+00
3.857167127610200e+00,-7.698555375823730e-01,3.307128311987326e-01
9.035593036972818e+00,5.734506471646679e-01,3.994745091884391e-01
2.389865877556765e+00,3.885924946232921e+00,1.480931102279136e+00
2.065131649297840e+00,-1.739294976728767e+00,-1.445117031307065e+00
9.698207852410404e+00,-3.664417341365165e+00,-9.250830120810853e-01
2.500411285059212e-01,-1.072777410239176e-01,2.335062696139282e+00
7.857821503937544e+00,2.467216016840621e+00,-1.200935360691134e+00
3.213699557408703e+00,-3.901402429472665e+00,2.909716184721960e-01
3.748795686965933e-01,-7.531650830303960e-01,1.273221302901544e+00
9.178025402095836e+00,-4.822148587375166e+00,3.141120326652514e+00
1.396423302095836e+00,-4.664408183527488e+00,-4.065765551956848e-01
5.517792837256954e+00,-1.704663678333436e-01,-4.518057810717031e-01
2.740542074295478e+00,-2.018027018490706e+00,2.152546272068085e+00
6.519280218469103e-01,3.451072990054122e+00,1.919532659965624e+00
4.992248566337909e-01,1.021543061264543e+00,1.451892584958083e+00
1.155566988363388e+00,-4.606703825700968e-01,-2.310350019712555e-01
7.136701388938005e-01,-9.206462894570366e-01,-1.106223133375301e+00
7.605581155199229e+00,-2.754519810436751e-02,6.831737706196668e-01
4.855662022834291e+00,-4.595611687873387e+00,2.363880667623445e+00
3.428920913489797e+00,3.927933564206599e+00,2.411344886642919e+00
4.183689101320072e+00,4.983031557339583e+00,-2.459877445989914e+00
9.289467355726233e+00,-3.185128751413013e+00,-4.501884440087993e-01
9.107518127381471e+00,-3.796170352253803e+00,-2.216584864780553e-01
7.156764801225769e+00,-3.564225365514048e+00,3.000945859708424e+00
8.846823774216878e+00,1.610270582343672e+00,1.118394514079335e+00
3.196480275876248e+00,1.614408384507747e+00,-5.827879482472245e-01
3.811093260082829e+00,3.479241622784109e+00,-2.977866127228954e+00
6.137121818542281e+00,2.518263884262533e+00,4.108270772428528e-01
6.236259472972642e+00,-5.031032663066028e-01,-2.537929495085930e+00
4.816998380123410e+00,1.128553615653188e+00,2.101411057994304e+00
4.006578484379533e+00,1.882846703680078e+00,1.586621537884368e+00
9.861803116086952e+00,1.273647028522520e-01,-2.481282662331097e-01
8.211236261177245e+00,-2.434901554836335e-01,-4.447817898902890e-01
4.349801978880452e+00,1.450974456426533e+00,2.496554350431623e+00
7.272924772395685e+00,5.747454897565376e-01,-1.329155384509348e+00
2.695616932524595e+00,1.439423053359103e+00,-1.576954086486114e+00
1.001693262373299e+00,1.128547739633639e+00,2.759558856881822e+00
3.524310255527406e+00,2.191965605136547e+00,1.943048897795939e+00
4.029728001233942e+00,1.428035087828761e+00,2.014550015465538e+00
1.653712456067080e-01,1.974248643726728e-01,-1.915153747678957e+00
8.147920016358960e+00,1.817968112843865e+00,-2.241237385653214e+00
3.591934023891815e+00,-5.051803481457195e-01,-2.978044168626272e+00
5.804181657801470e+00,-2.583287740273990e+00,-1.652216927560264e+00
7.396318727095597e-01,-4.985817798660845e+00,1.722789668907791e+00
1.749968287505840e+00,5.996414714584315e-01,-1.633386787652267e+00
8.896937253275599e+00,9.065522660864103e-01,1.439498385309924e+00
6.086875278828008e+00,4.720489647757143e+00,-1.558806341876114e+00
9.502840501704856e+00,-1.385216659057245e+00,-6.578966384278160e-01
9.987500343913169e+00,-1.058667571716883e+00,3.035798200954605e+00
3.718601153330944e+00,-2.982004186578098e+00,-1.603395180560115e+00
2.988030640832746e+00,-4.294657047626781e+00,-7.767862580953540e-01
8.583560551590967e+00,2.728044928617406e+00,-1.249806105110634e+00
9.986114270374543e+00,-2.503189356606750e+00,-2.452798550181360e+00
6.296412342324573e+00,1.089048610300379e+00,-6.349697768004603e-02
7.951407225115224e+00,1.877730355454815e+00,-7.622090417697818e-01
7.817458588152745e+00,-2.876331270835228e-01,1.224511674103350e+00
3.553397082195469e+00,3.763521130271917e+00,1.995505391046312e+00
5.742703802570873e+00,-5.620515902027119e-01,2.780291559658874e-01
8.330569412642136e+00,-2.150913769582349e+00,-2.939296567386886e+00
6.881138762610554e+00,3.960155229616223e+00,7.472112013891792e-01
2.116381398203826e-01,3.615642842499565e+00,-2.793562432568277e+00
3.367056688975335e+00,-3.359600529235870e+00,7.310883428348269e-01
1.444756965946054e+00,-4.740389816460791e+00,1.162577458636349e+00
2.329722120780391e+00,-4.100144436503793e+00,-1.898982001507638e+00
9.054894774913256e+00,-2.134526014461829e+00,2.006511029553018e+00
3.689328891076815e-01,4.722598017417107e+00,2.582924058706049e+00
2.198007119619238e+00,5.851615316082501e-01,1.967183412789414e+00
3.095693522382315e+00,-1.267382679707312e+00,-1.224535072563777e+00
6.168840719663948e+00,3.887160946127464e+00,5.443941027681882e-01
5.341016900858655e+00,-4.686366852150039e-01,2.606360450593830e+00
2.182694828533861e+00,-1.847613715989789e+00,-1.126796757255618e+00
1.642410672231545e+00,4.412195287456575e+00,2.010794110746799e+00
2.367980345961188e+00,3.495176661926781e+00,-3.082058648062703e+00
5.025296267016556e+00,3.436683754194409e+00,-3.118679744233464e+00
2.711777857112034e+00,1.228474305021310e-01,1.631816488345016e+00
9.476025016077221e+00,2.894383988154550e+00,1.642723606618756e+00
4.638652214288475e+00,-3.206466407354482e+00,1.815697220823608e+00
5.879601654463706e-01,7.322295755624362e-01,2.701938309511799e+00
7.292664058366334e+00,4.838459228475458e+00,-2.400765447536848e+00
3.288452882089896e+00,-2.090415694820384e+00,-1.683988004454005e+00
6.534889320582476e+00,2.943523292476752e+00,2.536678487834956e+00
2.795943705232320e+00,-9.521592791932765e-02,-2.027984779846166e+00
5.707437417333199e+00,-4.601943167779127e+00,1.144980256575290e+00
7.721525048074646e+00,2.630193978156674e+00,1.914046742690623e-01
9.280087417745539e+00,-3.314308556078872e+00,-2.618871365546156e+00
2.611271444330771e+00,1.314735671327502e+00,-1.349228204206509e+00
3.348569509989812e+00,-4.143358059530271e+00,1.280024110165718e-01
4.642664202859397e+00,4.468673974959648e+00,2.213881076130879e+00
9.271748377359888e+00,-2.082761128196391e+00,1.304002788621161e+00
9.013868568106570e+00,-2.735353083226051e+00,7.658144892462326e-01
8.987828010063803e-01,-3.708635959336657e+00,-2.492608763206672e-02
1.319298257538108e+00,4.460021933390477e+00,-1.264905834998959e+00
4.955091773306383e+00,2.119037424413052e+00,-2.392354778832678e+00
1.066192728054235e+00,2.416608887180887e+00,-5.712921236848132e-01
3.455808733486974e+00,-5.954386197553951e-03,-2.962405671663469e+00
1.483853782174777e+00,-2.527221472951657e-01,-1.815489391154596e+00
6.360403551318859e+00,-3.899787570085234e+00,-4.242194607072705e-01
9.494954317391617e+00,5.984109558399178e-01,-5.114187014668339e-01
9.967337702943816e+00,-2.530835048912095e+00,-2.863276252374303e+00
3.752411324969148e+00,4.771453328004059e+00,5.595814480852686e-01
5.990126371146123e+00,2.965809400151473e+00,3.121753863752050e-01
8.562676535240813e+00,-8.700793980711241e-01,-2.650848838138106e+00
1.174620727963840e+00,-3.486587413084670e+00,2.784475579904289e+00
6.895644110519649e+00,2.853316911387839e+00,-2.517152237099072e+00
4.088436617250682e+00,-3.779462329186840e+00,2.229488725539969e+00
2.061461602801641e+00,-3.106662465029295e+00,-3.139646550572263e+00
4.027536187474420e+00,-2.884794822557726e+00,2.401942959601674e+00
7.596028696491686e-01,5.689063827309440e-01,-3.017689921942140e+00
6.954071485893057e+00,2.870566539903663e+00,1.619880770798658e+00
2.527426687484531e+00,-1.856851212753078e+00,-8.690222622861796e-01
3.114056450448780e+00,-4.153301857247106e+00,1.496760298539861e+00
1.210812982414627e+00,-3.546153647558086e-01,-6.173530816337238e-01
8.646591138898916e+00,2.481102411599355e+00,-2.696065037831734e+00
4.934442792827386e+00,-2.783361569126117e+00,1.680794138080317e+00
5.721468777864002e+00,-2.800754519606258e+00,-2.693898828081502e+00
5.694326830948546e+00,4.472270273467108e+00,2.652260921091766e+00
4.104931145413417e+00,4.541537271191778e+00,-2.821313340855980e+00
1.925299154381395e+00,4.904657320615764e+00,-1.299031109360334e-01
7.451327484984000e+00,3.076596015747802e+00,1.401366658916881e+00
1.270562653576743e+00,-3.118158308320544e+00,-6.707522439081472e-01
1.038737902788105e+00,-2.880184792007387e+00,-1.776674477803037e+00
7.101450375965034e+00,-1.597747584776080e+00,1.627916521866551e+00
2.088370204519838e+00,-1.818674686665092e+00,1.786276312037484e+00
3.067727513528324e+00,4.565277490780090e+00,2.655870912600591e+00
4.752274670017402e+00,2.890739828816936e+00,-7.780775586556592e-01
4.493513167295462e+00,2.240087921615538e+00,3.928080633799169e-02
7.085791250649992e+00,-3.140367759418682e+00,-8.599893568803512e-01
6.234317934433609e+00,4.095255593623296e+00,-1.526299927790317e+00
6.443961622818657e+00,3.278703795061737e+00,1.577286615550880e+00
7.140543306554573e+00,-3.363581586720763e+00,-1.007497171422821e+00
2.926127274234653e+00,3.711703319609725e+00,-4.514503703863082e-01
3.223333118004736e+00,-2.277524636295287e+00,-6.052362591110585e-01
4.379977478955541e+00,-4.191302541678939e+00,1.336189888390436e+00
3.074621730335261e+00,1.568223065142100e+00,2.625087339382519e+00
9.849378689708635e+00,1.538046593843307e+00,1.047759234289652e+00
8.140519264214296e+00,-4.050679904343819e+00,-1.785518146889058e-01
1.646546882560296e+00,-1.811481910634176e+00,1.754297474616743e+00
5.594155881869511e-02,4.928144622555386e+00,8.857489524578659e-01
4.278326824726786e-01,1.784266670087369e+00,-2.760766548284240e+00
2.440634510429253e+00,2.300751666033292e+00,-2.540520612970822e+00
1.142912858368565e+00,-2.870827143956943e+00,-2.903353467693190e+00
5.333381148925721e+00,-4.212179289960857e+00,-2.713310246904874e-01
8.579952227273587e+00,-2.230983102590623e+00,2.047397510932592e+00
7.367502209132274e+00,-2.511016148068080e+00,-1.174433083996160e+00
2.156090630821904e+00,-2.654558992519469e+00,-7.278430355796925e-01
3.992992560257859e+00,-3.072456781129604e+00,2.572820550923514e+00
5.078942095312776e+00,7.475569065540437e-01,2.116826777551787e+00
8.102058495033354e+00,-1.718965241581782e+00,1.037027874699826e+00
8.391216031061647e+00,3.203450150475305e+00,-1.465215050047816e+00
9.097183119077760e+00,-3.160525821526160e+00,-2.406199329231251e+00
5.092452505028752e+00,-3.537292913145551e-01,-3.040692094875500e+00
6.942747464358630e+00,-4.863421635739201e+00,-2.469224767770291e+00
1.118003712339372e+00,-1.831767754480795e-01,-1.303154978078836e+00
5.652889599539821e+00,-4.441617791235256e+00,3.254065665405839e-01
2.486918094711351e+00,4.777235118726436e+00,-2.739468273981718e+00
4.317168850266111e+00,2.905921286504128e+00,-2.285648278429596e+00
6.340505083067194e+00,-9.888523363544621e-02,-2.003829045434777e+00
2.569859378537811e+00,-4.134126418206497e+00,8.292679474435194e-01
5.218505779676108e-01,9.244544079041432e-01,7.275287636731957e-01
1.023385640875751e-01,2.587637507018775e+00,3.189704660498105e-01
2.215953554452155e-01,-3.092827469952547e+00,-1.567645782512712e+00
8.349737513769662e-02,6.820834078749085e-01,-8.097788625192313e-01
1.103550565578755e+00,3.142108983828679e+00,-2.534073248541124e+00
2.394887145701299e+00,2.682477776463164e+00,-1.718698715402164e+00
2.212215141822992e+00,3.029920178671530e+00,2.498855635561047e+00
9.867965941798968e+00,3.793234248697198e+00,3.013992133180913e+00
3.060061052089432e+00,4.376821021594703e+00,9.277725389593252e-01
1.274207833593991e+00,-9.447884479646405e-01,2.618977984131780e+00
5.455625441677579e+00,6.876910252287729e-01,8.968738113211261e-01
8.579574553975084e+00,2.906595260456108e+00,-2.933012979841914e+00
6.780603767876752e+00,1.971398139457832e+00,3.121251375143156e+00
2.960820891354503e+00,4.955202282643787e+00,-2.519857005521355e+00
5.616161597914550e+00,-4.863223488953558e+00,1.147572283316417e+00
7.148559742004092e+00,-1.448667846842093e+00,-1.552975937307198e+00
7.281044923677423e+00,-2.189720737297975e+00,-6.787026842808785e-01
6.665384552976889e+00,-2.376841498344654e+00,9.169315257564854e-01
8.708104247756181e+00,-2.774702175011142e+00,-3.990617536498444e-01
8.701054583441044e+00,2.091238408152290e+00,-1.567365337341977e+00
5.789365594070032e+00,-4.152405267246781e+00,-1.040205286153665e+00
4.298563691112123e+00,2.416088339433383e+00,-9.955825436432364e-01
6.415702955650998e+00,1.934258420162735e+00,2.886017208042368e+00
8.182120013704631e+00,-2.491958674991036e+00,1.876240914182811e+00
5.652104841184724e-02,-2.471662168348387e+00,-2.604457500051769e-01
9.919970090148510e+00,1.288605853445022e+00,-1.886080782833832e+00
1.828937723291992e+00,2.621711054836778e+00,1.954171854298466e+00
4.702489856599762e+00,3.764856130873655e+00,-2.153986057433888e+00
8.720297348428668e+00,3.521395638544757e+00,-1.819219543126718e+00
2.250403990441994e+00,4.648829941638532e+00,-8.418626877487907e-01
4.767952239003832e+00,8.138489533651114e-01,2.389798195789488e+00
1.325821801811792e+00,4.086555613403597e+00,-2.313552593545807e+00
3.950763253881926e+00,3.085132732604109e+00,-2.373572569011279e+00
1.771354547930025e+00,3.946676243140136e+00,-3.785626495593775e-02
3.636277487711570e+00,-4.883733987146334e+00,-1.404854003040457e+00
3.734642167927220e+00,4.659029918658110e+00,4.318303931564142e-01
9.931707895983328e+00,-2.646983715352169e-01,-3.038756722048634e-01
9.948130293037723e+00,2.981829895748429e+00,-4.086639873398648e-01
1.147862786606124e+00,-3.727958806622191e+00,-2.438045730624664e+00
7.259687793283472e+00,-1.040589041860259e+00,-2.255351312229766e+00
5.174547966910115e-01,-2.285393369790091e+00,2.017396200264171e+00
3.019201533718863e-01,-2.083412294990630e+00,2.424572747005021e+00
1.053338942449643e+00,-3.767443800491183e+00,-1.667032527928192e+00
9.654856570079339e+00,3.057638325430069e+00,-2.428699297464137e+00
9.408635478946973e+00,-4.907576854189219e+00,-2.805965805332444e+00
1.939278202806805e+00,-1.874945430147975e+00,6.804539754656962e-01
1.616723355537115e+00,-3.255894567835850e+00,1.353104140635215e+00
2.405350865159470e+00,8.903894060834050e-01,-7.991584070584321e-01
5.155469940751422e+00,-2.457475973854562e+00,1.128936770671933e+00
5.697046320354099e+00,-2.410015454719003e+00,1.338059700957982e+00
2.215934304394473e+00,-1.166185600468133e-01,2.735336226067076e+00
7.566227880899453e+00,1.526890393409257e+00,-2.733979565520958e+00
3.095531694026508e+00,-3.786952954348364e+00,-1.933388123492029e+00
9.221313255294103e+00,-3.244885475345038e+00,-2.711031175160427e+00
6.567227064567306e+00,-2.528252554054824e+00,2.312174075068674e+00
4.363511943036117e+00,4.737482141179605e+00,1.838379344992320e+00
7.899120017028453e+00,-1.028475000570797e+00,4.689899614285999e-01
8.179146260466648e+00,9.899009063102646e-01,-2.615919944807658e+00
2.904816056089436e+00,-2.584571872840221e+00,-1.424320457426145e+00
3.397145438360844e+00,-9.540474842512126e-02,-1.270963678612781e+00
9.359551537286034e+00,-4.258808256140419e+00,3.816607567151982e-01
1.647410383632719e+00,-4.652578540776730e+00,-1.520255049970896e+00
4.215041696293420e-01,-3.126647317853983e-01,-2.683172308638093e+00
4.540553226095492e+00,-1.013407124815879e+00,1.449922304455591e+00
8.012099002436289e+00,-3.631196803081723e+00,-1.262416262048352e+00
7.716681063107458e+00,1.876014289207337e+00,-2.992418711695333e-01
9.195306289128325e+00,4.929034908992644e+00,-2.339439528451913e+00
5.332006643690402e+00,-1.043531788032875e+00,1.900967054600934e+00
1.000646715665333e+00,1.245586359173945e+00,4.117489262411396e-01
5.886889743360161e+00,4.629759423644856e+00,2.523236906176323e+00
7.783956143532116e+00,3.315349724468753e+00,-2.845300841238663e-02
9.332812026982640e-01,-3.644777669731427e-01,2.773559295377980e+00
1.726574010975898e+00,2.374894844599194e+00,2.462180544119595e+00
1.229066115567090e-01,-3.718649597494760e+00,4.804114466937186e-01
5.936525794468103e+00,1.210385546379920e-01,2.726232875464856e+00
8.867343919459044e+00,-2.209397228200634e+00,-1.111566183673604e+00
6.706633160020995e+00,-3.388363121038389e+00,-8.441951892013249e-01
9.820400875909820e+00,-7.371909374546517e-01,-2.855846258143073e+00
6.303365249976156e-01,-3.689854455663856e+00,5.604658267657379e-01
9.030010851514962e+00,1.989851081744856e+00,1.394389427168439e+00
8.140682873866806e+00,-4.375995594666451e-01,1.718571757360841e+00
3.142415204995049e+00,3.114463256466387e-01,-2.200269166328703e+00
9.735265518372518e+00,-3.536240613318430e+00,-3.508588963853758e-01
2.879377481714150e+00,-3.602283389065055e+00,-2.030328317980715e+00
8.893047238282184e+00,8.341543526012405e-01,1.018676176212995e+00
8.807485770741895e+00,4.850097478294463e+00,-2.149186327067024e+00
7.576576166029724e+00,-4.037494167622744e+00,2.539435320728384e+00
5.634704738128518e+00,-2.142685714342187e+00,-1.692472436643431e+00
1.200027496168881e+00,3.694591165378876e+00,-1.310658215568660e+00
5.319717344964983e+00,-4.277279877447631e+00,2.204809447535588e+00
3.567962556549346e+00,3.758857213669513e+00,-2.609557017044426e-01
7.922170331553517e+00,2.428598337475121e-01,-2.990821679506896e+00
7.581292064968449e+00,-9.173322607357415e-01,-3.401558690029738e-02
9.106125073726052e+00,-1.903194356485441e+00,-2.610391210909448e+00
1.483016243170787e-01,-2.028828418721581e+00,3.049510805373320e+00
8.091032168230461e+00,-1.941974175505212e+00,5.536213248791597e-01
9.384620531246687e+00,3.848030809601958e+00,-1.529750679804174e+00
7.893004491081501e+00,2.237952301747855e+00,4.003499879411692e-01
1.301944598703667e+00,1.697230078311506e+00,-2.658622399016097e+00
8.127910484088774e-01,2.987491489520008e+00,1.884272636732754e+00
2.084523980770081e-01,-2.428853369958550e+00,2.672414978770601e+00
6.287452258280711e+00,1.180428120817557e+00,2.352703478332791e+00
6.296726518598873e+00,-3.993376104204902e-01,-9.942663082105390e-01
9.869137142182122e+00,2.824416352001934e+00,-1.094731190699059e+00
3.980431741040957e+00,-1.907438895267145e+00,-2.921130690331507e+00
3.319062848974967e+00,1.431786168698958e+00,9.512765092913193e-01
6.244249271843925e+00,3.822124118173134e+00,2.193132271715936e-01
8.256086725075939e+00,-9.784952380507130e-01,-2.554342823595834e-01
9.367739495230019e+00,-4.333779126325386e+00,2.561220816744239e+00
8.031241661790386e+00,1.605082234179278e-01,-2.086778408920598e+00
4.266739806158047e+00,-1.540275121929740e+00,-3.080857708746760e+00
6.349142353120642e+00,1.722253805471750e+00,-2.680931798850064e+00
8.562993267161170e+00,4.510329247486061e+00,-1.738108517389290e+00
4.906096883117394e+00,-1.439168200315297e-01,-2.932453379516238e+00
2.166866437053927e+00,-3.380976984446615e-01,1.786756093081898e-02
1.697234397478730e+00,1.545848001914603e+00,-1.168104120140828e+00
1.577445780567288e-03,-3.965024964064323e+00,-2.007584469100527e+00
7.182379949812843e+00,-2.464938110749854e+00,1.571324585277033e+00
1.110972088459905e+00,4.189793255003986e+00,-1.856987084572180e+00
2.438390996959404e+00,1.699426133637663e+00,1.178757614116144e+00
2.978763315227933e+00,-4.865559560165837e+00,-9.470965288544466e-01
5.603798601367683e+00,-2.953745274409801e+00,7.431601201179916e-02
3.979572772957693e+00,1.828372660288990e+00,2.726067010063312e+00
6.746739920231618e+00,2.643992025625742e+00,-2.906905410515940e+00
5.563865932870271e-01,3.398595726740419e+00,1.661949496027493e-03
1.239391942644394e+00,-2.078231966179551e+00,2.226905136857584e+00
4.992115035332667e+00,4.310285962775627e+00,5.527585047707415e-01
3.369647878468298e+00,5.294689357789242e-01,-1.401963889403105e+00
2.958133627513597e+00,1.965390223878929e+00,-6.428883883040140e-01
6.702807903752273e-01,9.673886277990800e-01,1.132642349816870e+00
8.957191747480014e+00,-3.772599453253795e+00,2.455543552223508e+00
6.918185861250508e+00,4.631146593848799e+00,-2.883565017445938e+00
1.216181568196494e+00,-3.771244201058473e+00,-2.692100978995243e+00
6.504595773714061e-01,-2.451180435888164e+00,-1.099233696369694e+00
9.748725334312430e+00,3.136278802229802e+00,-1.678994760522325e+00
6.811725504395048e+00,1.185969615011015e+00,-1.476982801859105e+00
4.174560710937415e+00,3.381491653763570e+00,-1.751312249304011e+00
7.017310407557849e+00,1.573618837404487e-01,-1.911187583845341e+00
7.563317864801591e+00,-1.230067646333652e+00,-2.320858064191146e+00
7.799622023887793e+00,4.218454995477849e+00,2.726614224885713e+00
4.778773056530577e+00,-4.637476824852051e+00,-2.235623532524551e+00
4.298827581248480e+00,3.561302203530460e+00,-1.857285859250931e+00
1.102808426890034e-01,-2.691822148122184e+00,-1.594259475011777e+00
9.265571151418380e+00,3.487363277539679e+00,2.720712688643291e+00
6.033078783889430e+00,-3.608033865831144e+00,1.606699287080493e+00
2.031539371899681e+00,8.021896369054051e-01,1.820235204056738e+00
9.196034194214366e+00,3.881079190114720e+00,-2.483377096451797e+00
9.149319017702965e+00,-2.646035310110948e-01,2.113097265357871e+00
9.891841643660959e+00,2.465666738033930e+00,-5.768398794222378e-01
8.740565631389789e+00,3.046716178555585e+00,-1.490226876903637e+00
9.977843878200648e+00,2.364942087167792e+00,4.759518117924415e-01
2.446861881232726e+00,4.253297368745983e+00,2.024334900052127e+00
8.422495851992341e+00,-5.316576948007139e-01,1.750823101447857e+00
8.230283087957645e+00,-3.268745608348442e+00,2.450426452390796e+00
2.309403592207337e+00,-4.521889362975202e+00,2.690033860702915e+00
9.843754900099078e-01,-2.535401303624949e+00,-1.645427553079789e+00
9.794205136775997e+00,-3.568024961197579e+00,-4.784149606133452e-01
2.960245515206104e+00,5.794874143448050e-01,-3.049678830990997e+00
8.708917904678060e+00,-3.150546627882680e+00,2.383348276189206e+00
4.127154674603895e-02,-4.610662927106288e+00,-2.170387182544396e+00
2.102480721960220e-01,-4.640101711313322e+00,2.271213229827115e+00
4.658713086963684e+00,3.315694983648616e+00,-1.071991071712379e+00
2.387146839350636e+00,9.144993144302482e-01,-8.285410899410315e-01
6.898412834359643e+00,-1.419146981066218e+00,-2.895717447179996e+00
5.655643255679543e+00,3.942280427402469e+00,-1.087752644507692e+00
7.748579745049144e-01,-4.298033885922864e+00,2.440160985619056e+00
1.626282963157171e+00,4.803220727278259e+00,-2.981073598225907e+00
3.880492700584143e+00,1.162917902544610e+00,-5.885618450391989e-01
1.856040639554332e+00,-3.165357460311515e+00,-2.944302960899500e+00
7.922223472439286e+00,1.790690989769685e+00,-8.110120388557887e-01
4.160702355532800e+00,2.633812597835626e+00,-2.056859516016999e+00
9.343186684249927e-01,-7.065721662922551e-01,-1.556857750805515e+00
4.843429022721248e+00,3.616326062455474e+00,2.372520550262743e+00
9.083818106141417e-01,-3.492675927035297e+00,-4.018145973712177e-01
1.289373054198172e+00,-2.211624164223917e+00,-1.421269136878016e+00
2.396098320282053e+00,-4.065076384160102e+00,5.613295837061383e-01
8.595277052474898e+00,-2.891221593926478e+00,-2.248708291521752e+00
9.246125323329720e+00,-2.612711880888550e+00,-1.511787117037376e+00
8.262577293320691e+00,4.176331909217101e+00,2.905845505293865e-01
3.340772174178472e+00,-4.218903112488438e+00,-1.649191366933405e+00
2.724464411088316e+00,-7.258487981229056e-01,1.125492767745491e+00
5.491556907902392e+00,3.239868722691295e-01,-5.346172462620036e-02
7.218531605331123e+00,3.986930538021609e+00,1.708957729937710e+00
9.933727881601747e+00,4.976962186612134e+00,2.816403480874950e+00
1.315707118789262e+00,2.533881149198358e+00,-2.413969074342603e+00
4.929199902380443e-01,4.707909905690295e+00,-1.038830380027791e+00
6.943558889952710e+00,2.871011325358737e+00,-1.133806676789183e+00
8.322257835039055e+00,4.632026409714166e+00,-2.191682356113441e+00
8.463487798664232e+00,2.072707259444551e+00,1.949692113265393e+00
6.784635490771606e+00,-4.202365745489289e+00,1.632866054865397e+00
9.540158041191871e+00,-9.807981300732349e-01,-9.785765281954406e-02
5.110047635445869e+00,1.465972838024704e+00,2.373207960798358e-01
9.138147983362124e+00,-1.492814905457490e+00,-2.767465800563835e+00
9.678121369915230e+00,-2.266160818862214e+00,3.487629805817338e-01
8.471574570031077e+00,7.739926713309098e-01,1.830552783091489e+00
3.097585632586206e+00,4.335018767024350e+00,4.638723256068111e-01
1.962156511702953e+00,-4.650181264838464e+00,-1.474623566948028e+00
5.481200649818184e+00,2.692312035414377e+00,1.052736842974432e+00
4.530147503801885e+00,2.227272780446271e+00,-8.702938617167320e-01
8.777583421927330e+00,4.639534253882871e+00,2.819471605090240e-01
1.000316710671537e+00,4.307112223325436e+00,-7.812912674597561e-02
2.577400613115186e+00,2.622325620441929e+00,-7.465994880612090e-01
7.517989445187085e+00,2.040876468259869e-01,1.375250910477571e+00
9.498664497731213e-01,-2.957324467664801e+00,2.411964746606918e+00
3.207644140217002e+00,4.523571832557440e-01,-3.108841434082176e+00
3.871553940539831e+00,2.653519939196539e+00,2.724492942578598e+00
6.225937965626899e+00,3.956692126378931e+00,7.235173384829263e-02
1.581326457193646e+00,2.897120092105490e+00,1.261235601380998e+00
8.606044903497095e+00,-3.047330648089460e+00,2.234455049068385e+00
4.475422354662743e+00,9.968631422805938e-01,-2.066935971114381e-01
9.170217118805565e+00,-1.678265404686430e+00,2.104704176052375e+00
4.678699136339316e+00,-4.907943326093570e+00,-2.025574413724976e+00
2.750402589407334e+00,-2.997790642113340e+00,-2.141513539566223e+00
1.418288286876749e+00,-3.867793500665507e+00,9.894217910984411e-01
3.745094711284813e-02,3.427191235394686e+00,2.325677094037967e+00
5.321574849848356e+00,-2.414937478521880e+00,2.465686392847091e+00
1.071566969269234e+00,-2.153020311124445e+00,9.031479361231742e-01
3.917277636311782e+00,4.599365717988842e+00,1.601535567425016e-01
5.892717612370867e+00,-1.209132769511478e+00,-1.059388474074166e+00
2.756858969027003e+00,-4.904143598556054e+00,3.015931558733814e+00
1.752242923661153e+00,-2.161538516538635e+00,-1.132885412359719e+00
7.747216226093416e+00,-3.807004193981876e+00,1.534266561174925e+00
9.467911722816206e+00,-3.971914382641461e+00,2.009475752602579e-01
1.004404178619660e+00,-4.225127098642504e+00,6.818031562028968e-01
1.555903243850079e+00,9.325947017537732e-01,-6.692814394704030e-01
9.600126572527186e+00,-3.106522763701414e+00,2.920569832404521e+00
3.778422181224628e-01,-1.387572059589895e+00,4.503933381313958e-01
9.776323365504723e+00,3.620177161300168e+00,2.750700807363636e+00
4.644483084988771e-02,-7.566186020372436e-01,-3.093894379025171e+00
8.736686556513312e+00,4.156913500516376e+00,4.566027405706232e-01
3.073251809877495e+00,-2.061946604393761e-02,1.364625474433859e+00
9.385888581772965e+00,-1.011633851602443e+00,1.539884130527507e+00
3.169452886355855e+00,2.503889270907016e+00,2.544544793358065e+00
6.543063215340560e+00,-4.268249012319979e+00,-3.113936528569254e+00
8.003256976593665e-01,-4.105216170175826e+00,-3.139518201781621e+00
2.423298114537390e+00,1.519737139229607e+00,-1.742738156035140e-01
7.736793464792507e+00,-1.305928676075174e-01,-2.957534876707195e+00
5.286858536788197e+00,2.904152503192102e+00,2.981575968949841e+00
9.279690617870447e+00,4.162708373435315e+00,-1.746316011675049e+00
4.287514083413543e+00,-1.116331223284525e+00,-1.717525708225853e-01
8.698123658139231e+00,9.641002658464624e-01,-2.757453594981208e+00
4.489554374782375e+00,6.966277953099009e-03,1.385342845338324e-01
9.792482787019853e+00,4.816106556424328e+00,-7.542579106907077e-01
9.598343813988768e+00,3.310844073565951e+00,-2.860985416330205e+00
3.291367055560803e+00,4.117377082773535e+00,-1.035944785004741e+00
8.859236704168032e+00,-2.456599124223958e+00,-6.821276026246954e-01
8.476113742156492e+00,2.725264231625943e+00,3.078267515650215e+00
2.106803973275628e+00,-2.345267750023511e+00,-1.835407197575756e+00
6.242904007832697e+00,-2.912574665716101e+00,2.813586213545634e-01
7.268231558981486e-01,4.442661596555508e+00,3.061893898684974e+00
8.367107205834616e+00,-4.806955832821334e+00,1.834810796743677e+00
1.745458835034965e+00,4.653887036634297e+00,3.099919432582253e+00
7.081470138576451e-01,-3.507381030111938e+00,2.942405090049738e+00
4.002190955388112e+00,3.194380817932682e+00,-6.572499542038024e-02
5.769221385996435e+00,-2.240774469318969e+00,1.233865854591643e+00
8.549169585597710e+00,-1.492976725692726e+00,-2.447658021114183e+00
9.742425255217364e+00,-2.832422886780150e+00,-3.697728377761900e-01
4.394925125698636e+00,8.551404248107968e-01,1.941620764416167e+00
6.044692298527021e-01,-1.519044524921259e+00,3.352281037267435e-02
7.491155790258706e+00,1.573930394946633e+00,1.273595584776745e+00
5.651732562239374e+00,-4.843526820579340e+00,1.544101145777051e+00
4.478913448444631e+00,-4.356251164849604e+00,-1.548999069509015e+00
3.092688787921896e+00,-4.003388472687513e+00,2.360588779989311e+00
5.023985278435356e+00,-8.100631468976891e-01,-2.524431117896393e-01
3.386796044570310e+00,3.147961726599760e+00,-1.820960698726891e+00
7.570118677473603e+00,3.881779103783828e+00,2.295975699463223e+00
5.438936964926411e+00,-2.551892599390992e+00,-5.163596699996638e-01
8.768477741541119e+00,7.436972423901400e-01,1.572759435031751e+00
5.435439146494421e+00,2.683649926926005e+00,3.018006936414084e-01
2.382624133399300e+00,-2.111705700803913e+00,-7.422216707230569e-01
8.510918822321445e+00,-9.099226326372678e-01,1.947010938011823e+00
5.572190449300439e+00,2.397420268571393e-01,5.307402334078968e-01
2.068410381435613e+00,-3.651251535919523e+00,-6.876185900790990e-01
6.235078099562221e+00,-4.740177062742196e+00,-2.452968925001950e+00
3.577167649424275e+00,-3.471941906817167e+00,2.484656185252001e+00
8.444056122920658e+00,1.268536212535334e+00,-2.918730676119281e+00
4.532997386465428e+00,-4.263817384663183e+00,2.281973411019685e+00
7.264413581074168e+00,-3.103036351498717e+00,-8.798876892939917e-01
9.553620763623716e-01,-1.621461143046963e+00,8.754912715526046e-01
3.960243463023462e+00,-4.221299356936337e+00,2.652759101499656e+00
9.832414364723988e+00,-3.083007288383656e+00,-2.188391876053756e+00
8.084602894771484e+00,4.112697889835111e+00,4.206622448424571e-01
1.599408023669286e+00,-4.807008677730153e+00,1.661480675579832e+00
2.777640494772551e+00,1.534319241743622e+00,1.618446953107386e+00
3.298158088563611e+00,-1.155910690848151e+00,1.610500692064853e-01
6.503655604954456e+00,1.726487394323711e+00,7.837611417097743e-01
7.569947594896556e+00,8.869172036340451e-01,1.618089825737612e+00
7.495266088079098e+00,-2.765012456453557e+00,2.142739842899532e+00
5.098740563064029e+00,3.472094875733886e+00,1.645020203517612e+00
8.108205378381513e+00,-8.059617390643314e-02,-9.173139959244652e-01
4.370780827574751e+00,3.225360189134717e+00,3.121024024814143e+00
1.238805652955619e+00,-9.398746381178080e-01,-4.115317124827080e-01
5.644418416538133e+00,4.846855539152390e+00,-2.987876392670347e+00
9.523013846011066e+00,2.704893585012963e+00,-8.632031512537668e-01
7.929936513925114e+00,4.659502051125735e+00,-2.338708670903425e+00
5.787006476922424e+00,1.432647890985885e-01,-2.378546194779811e+00
6.468056603490969e+00,-2.630886770929948e-01,-1.372655826133939e+00
9.305620270355726e+00,2.554538093252578e+00,-2.806224532811778e+00
4.283427944349604e+00,3.802912630134301e+00,1.184457012439236e+00
3.313941389426374e+00,4.641457958655581e+00,-2.676706783477771e+00
9.772415650004490e+00,-1.754480939675003e+00,-1.864286705771523e+00
8.634431335103335e+00,2.987045738426390e+00,-2.557886532439164e+00
3.230435846186024e+00,-2.893544023644633e+00,-2.744698094891994e+00
4.637805973609228e+00,4.557434674544520e-01,-1.459259322698882e+00
4.150781290077990e+00,-3.201518515908008e+00,4.517545372050167e-01
1.490956786714339e+00,-1.526026382496611e+00,2.919705460725366e+00
9.578193238132592e+00,4.313583672064592e+00,2.359692052622969e+00
4.043124312197587e+00,-3.539093002269139e+00,2.362062516828411e+00
8.753290826379081e+00,1.324008951351965e+00,-2.035330839679324e+00
1.893562276806651e+00,9.295427292740328e-01,-1.477131667638110e+00
5.478708106372197e+00,-3.792616472910135e+00,-2.661599287934813e+00
2.396138512426982e-01,-1.740209562311879e+00,1.749668181869781e+00
7.642204838423085e+00,6.298150451526574e-01,-2.702923893894090e+00
5.809138982462784e+00,-3.128213910115098e+00,3.562294058822757e-01
6.255895834697527e+00,3.006236564128153e+00,-1.584144499555215e+00
5.172088255465346e-01,4.721565095347499e+00,-1.611978622763365e+00
2.110383302086154e+00,-2.852406000375280e+00,3.083316456996643e+00
7.433087235358016e-01,-3.130880352094241e+00,1.613395110387956e+00
2.889143158038117e+00,-4.506492820255534e-01,2.117052425424845e+00
6.274390076821510e+00,2.477652771400321e+00,4.522805509248315e-01
5.661859843173752e+00,-2.183993897647486e+00,2.331151519306109e+00
6.121498216133903e+00,-4.801200913027196e+00,9.141440180236646e-01
5.492512713778943e+00,4.122062803289399e-01,2.803392066426279e+00
2.730287956758594e+00,4.566005677673076e+00,-1.373890183405168e+00
2.445074973444252e+00,-1.087231445930544e+00,5.989103695501181e-01
1.370596835365813e+00,-7.986544581689961e-01,1.194630491791330e+00
8.490708749034921e+00,4.689017171140380e+00,-6.726947519963349e-01
6.164793585412445e+00,1.946076116267283e+00,2.385775616059952e+00
1.865110125040598e+00,2.191719228421252e+00,3.014692184754313e+00
1.772093798212395e+00,6.270200537106767e-01,-3.914744026354855e-02
8.730356015261368e+00,4.746092108632416e+00,-6.871250309361572e-01
7.427308637633193e+00,1.888664844255561e+00,-1.763191949830829e-01
6.593990799053714e+00,3.950327516051695e+00,2.216310338085214e+00
4.068641075392998e+00,1.993788657332212e+00,9.140050738742991e-01
2.619755642785175e+00,2.351158248403959e+00,-2.860279540416527e+00
9.794507631128237e+00,-2.095890778577535e+00,2.649613617175945e-01
7.972395750228002e+00,-1.965213019861810e+00,-3.032892776571328e+00
3.017792231362765e+00,2.829846495760292e+00,1.750089350618412e+00
8.475647962784947e+00,-2.032937108301004e+00,-1.078745800301060e+00
7.589319486146815e+00,6.277007080153165e-01,-1.758821770713581e-01
2.970805498779984e+00,-2.506476890932980e+00,1.876649886615062e+00
4.265528542416397e+00,3.169833808090694e+00,-2.849746127284027e+00
1.859534453910267e+00,-3.894986487723100e+00,-2.145446806582897e+00
1.110524443781093e+00,3.294466397616645e+00,-6.411338634701904e-01
7.227620328396967e+00,1.027298005076018e+00,-1.696930244249463e+00
2.675118573538666e+00,-3.130904651729227e+00,-1.018495379884883e+00
8.200593657462536e+00,4.203538550611814e-01,3.130124193533978e+00
9.956087115144260e+00,-2.175011631526595e+00,2.044639212907876e+00
7.661981392964867e-01,-1.765326652695034e+00,2.412126243156930e+00
4.730351250837002e+00,-1.484719584031197e+00,2.746095252055238e+00
8.020625593108031e+00,-4.366807530276791e+00,-9.994293397093013e-01
7.889508965412335e+00,4.859616844014173e+00,-1.275003077261386e+00
7.599971583309685e+00,-4.684653718687759e+00,-1.670934639299101e+00
3.489949353019109e+00,1.624968731842785e+00,2.074185726782702e+00
4.538532556850523e+00,-1.287723522425694e+00,1.128157622987007e+00
5.949683573414703e+00,1.460102909466990e+00,-1.657680323285904e+00
9.739405835732573e+00,-1.437517469124162e+00,-7.728705649972927e-01
3.275472709384929e+00,1.737506462588588e+00,4.217125652781606e-02
9.231438877168577e+00,2.292355094683608e+00,1.768091944056414e-01
2.693569181804941e+00,1.905526403996448e+00,2.442448352529428e+00
9.890744654737047e+00,-3.860380186418477e+00,-7.504251186456905e-01
6.702636868275917e+00,1.568932346546847e+00,2.566832186070604e+00
4.635114803585509e+00,-2.200124505459027e+00,-3.683984835227911e-01
6.133904280636049e+00,-4.711986294306665e+00,1.548005170345852e+00
2.725311690402068e+00,-8.516932811104603e-01,2.703367621680648e+00
2.741738575114666e+00,-6.645689719619892e-01,2.560873674705372e+00
1.135545438434938e+00,-3.282586664755351e-01,-2.783747234595821e+00
1.140502977053988e+00,2.048241653907162e+00,-1.849114449769274e+00
3.476717414689113e+00,-1.911561908575409e+00,-1.451074909711738e-01
7.628554778963716e+00,-1.847194868960774e+00,-4.300570797061103e-01
6.079711675981625e+00,-4.394477437587394e+00,8.852484384092101e-01
1.025845603310208e+00,1.868212159922960e+00,2.794189374116010e+00
8.522365249759110e+00,6.782609139958398e-01,-2.435333023230422e+00
6.013676269900664e+00,-1.505748873062119e+00,-3.024809278965526e-01
9.608555767847797e+00,2.051889789173547e+00,-1.932638447398145e+00
6.701854674112075e+00,3.735774922687716e-01,2.476251071701816e+00
1.751748637041810e+00,-3.075505412946029e-01,2.919043397435708e+00
4.737833623078222e+00,1.132454366112645e-01,-1.338212794141889e-01
6.484975975472041e+00,1.363481252670566e+00,-2.488076679108965e+00
2.826470104997769e-01,1.600026045745995e+00,1.792559258168597e+00
1.491026415480790e-01,-2.110421808592828e+00,1.238675636851383e+00
1.294030005985679e+00,-3.592566366088468e+00,-9.131301269466516e-01
2.516644350454707e+00,-3.433658188094812e+00,2.434152948333350e+00
4.295491235206756e+00,1.393908859030017e+00,2.989739938570202e+00
4.874404737597883e+00,3.728732857671259e+00,3.635064548186282e-01
1.380276089378968e+00,-9.050372165444820e-01,4.129806468300603e-01
6.733915791158308e+00,-3.304798396705376e+00,-1.272260169571406e+00
5.961380616965348e+00,2.566024982938546e+00,5.309670836583491e-01
2.944640988411602e+00,3.324894744194486e+00,-3.792384848537393e-01
1.365988343529201e-01,3.805824431209665e+00,-1.242870433233947e+00
7.764791535329074e-01,1.068314289137332e+00,-2.719455613930843e+00
3.916947755108394e+00,3.607285593880846e+00,-1.553782342456619e+00
1.539743511656839e+00,-4.845850415515923e+00,-1.898435225777928e+00
3.768196061479708e+00,-3.927641982304765e+00,2.641575796340430e-01
6.281826045103552e+00,-4.074239329479012e+00,6.388115869256419e-01
5.472374278792835e+00,2.126046842547330e+00,6.821762629347154e-01
2.311758831373942e+00,-4.304182164564210e+00,-7.025794912933185e-01
3.438224912587524e+00,-3.635627533692976e-02,-4.949281799499148e-01
6.140311984486506e+00,-2.729310136371090e-01,2.100081990212847e+00
8.608550280434487e+00,-1.892964764417591e+00,-1.493336369019627e-01
7.532134387388773e+00,3.704051699420997e+00,3.064770233717995e+00
5.534000268334149e+00,-3.295667981200040e+00,-3.793961332151046e-01
3.622929983164862e+00,-1.475372156007602e+00,9.398447934568495e-01
3.650512775418054e+00,2.741715000229291e+00,-2.825152598288988e+00
8.794173102643960e+00,-4.695776856067157e+00,9.634631601123003e-01
3.924357604054640e-01,1.729504002463687e+00,2.208077157943465e+00
9.879826444202610e+00,3.163977263615706e+00,2.780044590118845e+00
6.643754108515623e+00,4.322678388381672e+00,3.124757560012571e+00
6.811376990723906e+00,3.762966404914849e+00,-1.368611933246697e+00
3.799783730474215e-01,-1.806158831663148e+00,4.735640839141171e-01
6.055292748912722e+00,8.636414132295256e-01,-3.096480292126236e-01
4.847780600904469e+00,-4.227065068495341e+00,4.009770562911332e-01
1.057789068940670e+00,-2.421299964519914e+00,-2.152286546402572e+00
2.779220107693591e+00,-4.057776212524926e+00,2.237753761693109e+00
8.903144562136513e+00,-1.848127098460361e+00,2.573397567099781e+00
5.499884158659530e+00,3.751872134587289e+00,-3.162850987167412e-01
4.134165751739087e+00,-1.528331603257074e+00,-1.379599867656290e+00
7.268215584081095e-01,6.189810300142637e-01,-2.256710130200647e+00
7.141215274023056e+00,-6.661915188505922e-01,1.154628447020332e+00
7.028508233960325e+00,-4.108347570126467e-01,-1.179782146451137e+00
6.140436069725635e+00,4.695720518365583e+00,2.573206725203144e+00
5.102626462206493e+00,-2.038455317361421e+00,1.074503069289706e+00
4.337844022073726e+00,1.273244695231713e+00,9.153678946064696e-01
5.932710929879923e+00,-7.993733042055293e-01,3.732345018272056e-01
2.333954517284067e+00,-4.388538189523138e+00,-2.853971430274759e+00
9.412590641776477e+00,-1.066916837576404e-01,2.713848701740900e+00
5.887945291802295e+00,3.133433290451084e+00,8.038549781365538e-01
3.111924443543765e+00,-4.012470313183116e+00,3.104282994828764e+00
4.496798508851573e+00,-4.304081526036910e+00,2.347172135980573e-01
8.056847888768923e+00,-3.463684796067334e+00,1.320165668903517e+00
1.616160607302974e+00,2.644001113893061e+00,-2.788417585481685e+00
2.928356224602604e+00,2.239953841447379e+00,8.277228106408669e-01
6.795080227365554e+00,6.501776890611053e-01,1.662842551095317e+00
3.154892064822239e+00,-3.177359590736764e-01,1.749956925257071e+00
7.925016818614660e+00,3.883258147026220e+00,1.697161564591331e+00
1.304534871773608e+00,2.666978238334825e+00,-1.719816974508226e+00
7.626861704546085e+00,3.119422513018051e+00,2.987016729544699e+00
6.835171485056624e-01,3.132623013506542e+00,3.111321024688644e+00
1.259261266749478e-01,1.427171547455580e+00,-2.666609761491038e+00
8.982235188321621e+00,-4.198537568405412e-01,2.742273751181923e+00
5.813392169322986e+00,3.646777525856503e+00,-1.322929728761611e+00
3.518268970868115e+00,4.260074176032507e+00,1.189306961340642e+00
2.325946369638504e+00,-4.761939567416570e+00,-1.017179084223566e+00
6.168857832608161e+00,-4.484451267337487e+00,2.938987091987726e+00
5.090021835367383e+00,4.587432969084373e+00,-2.503825102474980e+00
9.915977755299853e+00,-2.228393861558052e+00,-1.415716659408428e-02
9.832159866537458e+00,3.733694396494187e+00,-4.520890564886852e-01
6.350245661416096e+00,-1.112048810385974e+00,-1.093126888440793e+00
4.428705061058905e+00,-3.808999423906444e+00,9.144170331933577e-01
4.911409691346621e+00,-4.195567997906657e+00,-2.318145132101274e+00
6.824790662368620e+00,-3.434921009195435e+00,1.361330122235644e+00
1.015745442353814e+00,-2.501068051326353e+00,3.019649371036472e+00
3.283520738107182e+00,-1.148164606917383e-01,1.913598839922800e+00
7.527224100360386e-01,2.014979005657835e+00,2.262051972219759e+00
7.336075951691956e-01,4.863985764853000e+00,-8.819283529255664e-01
1.958392418942337e+00,-5.849325671082894e-01,-1.100269901247564e+00
4.852532545932268e+00,1.818494234310988e-01,1.071179717006312e-01
7.847743211627893e+00,2.181570138325561e-01,-2.854283859568420e+00
4.854958911658725e+00,3.943435548793603e-01,2.798267686850196e+00
3.354766105608697e+00,1.774065710446227e-01,-2.238163767104179e+00
8.235299033675814e-01,-4.912252449380822e+00,2.532205606302750e+00
5.502955231831296e+00,-4.982751778901592e+00,-2.616430064375736e+00
2.712685864831768e+00,-4.023336818738771e+00,2.027112205319805e+00
6.149341779171475e+00,-3.984433965708212e+00,-2.186783943749894e+00
9.771877391324184e+00,2.048969089547961e+00,-2.902004656191210e+00
1.113143214775502e+00,-2.950839674840002e+00,1.379092888950841e+00
2.121253987219399e+00,3.947141047556128e+00,-1.380633837421549e+00
4.730945380993747e+00,4.286063295770195e+00,1.347719075621173e+00
9.686138153459295e+00,4.758933378958988e+00,3.461108364131285e-01
7.718097762699956e+00,4.390813048870202e+00,-2.457935657983689e+00
8.982291931628302e+00,-2.281116780814754e+00,2.715153327356309e+00
3.337148484757929e+00,9.776844703512477e-02,-2.996188764868513e-01
9.920384737785945e+00,-3.245450298030590e+00,1.473075691172967e+00
1.028328160641574e+00,3.062096551724331e+00,6.412443093494424e-03
5.297290604610083e-01,3.884317051440961e+00,6.557224861118320e-01
8.556026270540281e+00,3.512888392975150e+00,-1.239210066692242e+00
9.272648702069862e+00,-6.663305130316513e-01,-1.882691735333279e+00
9.058535754610175e-01,2.586738846867810e+00,2.674764765772180e-01
1.134274267458415e+00,-4.024208304237305e+00,-3.756152706767062e-01
3.317415775577381e-01,-4.597552293807493e+00,-6.904390428050906e-01
1.045075626427241e+00,2.532364143087609e+00,1.084271664719728e+00
2.094198168002809e+00,-7.464472567131626e-01,1.196988471172638e+00
9.700766189100010e+00,4.955492647395692e+00,-2.853068431852307e+00
6.678602222396805e+00,-4.027457841444676e+00,-1.013198224469972e+00
7.785530255185421e+00,3.556276815352337e+00,-5.543996815900081e-01
7.761394036915221e+00,-2.001693447100825e-01,-2.532801250182215e+00
5.350737497792146e+00,3.271501955038771e+00,-1.659383794000178e+00
7.974889777130172e+00,3.171272821701448e+00,-2.817117672043421e+00
5.958075323899696e+00,4.159920013620773e+00,3.117981062834427e+00
3.145460976033576e+00,-2.021499887138972e+00,1.486332742007626e+00
5.611101087684007e+00,4.497993534620031e+00,-2.592127115141136e+00
5.335085861345135e+00,-3.483330396423797e+00,-3.014362048013187e+00
8.234530537593207e+00,-4.180312224065094e+00,1.377825883960541e+00
9.817272173816590e+00,-6.838448262765082e-01,-3.820668911440777e-01
4.110425654209306e+00,3.283229686418426e+00,1.801996868542003e+00
7.633906784413597e+00,-2.657886936655443e-01,2.660778418763096e+00
9.976300403813354e-01,3.292866775305141e+00,6.239227452648888e-01
7.768313694482885e+00,2.296868057943052e+00,-1.965955759866565e+00
3.714169119932321e+00,-2.905716138610664e+00,1.773077421060777e+00
3.939016288968666e-01,4.488816248994638e+00,2.863949647553144e+00
3.632461785621772e+00,-4.392188313705966e+00,5.041080440312231e-01
6.106427509216448e+00,3.982797075437949e+00,1.143523686698496e+00
1.192501676814666e+00,-1.955565510096260e+00,-1.021176608190457e+00
9.240344924302546e+00,1.480831643992708e-03,-7.443834482180263e-01
7.767241327283858e-01,-7.764812729926547e-01,1.474377693173975e+00
9.300067198331663e+00,-3.281654430830838e+00,2.687765080345799e+00
7.071375179356865e+00,-1.418531335983069e+00,8.104579394048410e-01
3.297121754142036e+00,-3.070655637072047e+00,1.821168119911868e+00
3.907503477090932e+00,-2.961135245394761e+00,-2.063178033968009e+00
7.408093647327441e+00,-3.129431639736197e+00,-1.809814411957742e+00
6.014711008812074e+00,-1.098261965340575e-01,2.012798736316559e-01
6.716429214549452e+00,2.979313675113156e+00,-2.032269946968618e+00
3.891646165134800e+00,6.897003376124102e-01,8.481990417537837e-01
4.878134818075990e+00,3.932065885508418e+00,-1.309081644325697e+00
9.898674840378934e+00,1.365444885767242e+00,1.831753466171405e+00
2.139228704997177e+00,1.893401156326044e+00,1.935914402837252e+00
4.178561865221314e+00,1.676072297270031e+00,-2.275301259335563e-01
2.918231875739673e+00,-5.054080681625885e-01,-2.005525928139512e+00
7.651115104398498e+00,1.893388222000828e+00,9.222142789318539e-01
7.640126256657207e+00,-4.302922535310389e+00,3.096272152722604e+00
2.924454609973959e+00,3.598514719156631e+00,7.702613287464146e-01
8.139031663298291e-01,2.778121434439173e+00,-2.916813642526645e+00
1.143267667220405e-01,-2.547700417683212e+00,-3.032931399147340e+00
4.274505332424855e+00,2.680324542540824e+00,-1.128699027613435e+00
4.103375943357709e+00,-4.873573985999816e+00,-1.911446714940811e+00
9.883898786398630e+00,-2.827534275191196e+00,1.966958745117667e+00
4.698020756976796e+00,-4.348627613291041e+00,2.166477900952855e+00
2.564183695754206e+00,2.802269166178947e+00,-1.516642989530972e+00
8.912294410314674e+00,2.558741511783872e+00,-1.095506175698454e+00
4.910679496535785e+00,3.136360238018307e+00,-1.657209177176455e+00
5.991756352105778e+00,-4.955183066744712e+00,2.565943221351698e+00
9.566871042821268e-01,1.232726678408014e-02,1.664626037252592e-02
3.829164073297741e+00,2.048361975173365e+00,9.810379812825989e-01
9.442236744737867e+00,-3.445988712609846e+00,-5.310417110425307e-01
5.895053841754255e+00,1.497907275126247e+00,8.231864556596533e-01
3.445018551424617e+00,-4.158899006903143e+00,-7.171918198755369e-01
6.256671806315931e+00,-3.186741438956868e+00,-1.007330084483808e+00
9.104110895781162e+00,-2.420318500539897e-01,8.449632198720463e-01
2.739906004725901e+00,1.535651526811020e+00,5.721599108386499e-01
5.051167184706744e+00,-3.541308730461039e+00,-1.297302124715249e+00
9.586906539117553e+00,-3.147766691690621e+00,-2.203208664892437e+00
1.723961432984527e+00,-2.955536329343370e+00,-8.257569862971779e-01
7.196639255967115e+00,-2.612991953010215e+00,-5.328289477576971e-01
6.144810082029823e+00,-2.734461514737088e+00,8.085475130376762e-01
6.796751311406348e+00,-1.048508915023633e+00,2.604561037086462e+00
3.512196306675697e+00,1.537896508367229e+00,-2.914236865387650e+00
3.138793734837649e+00,-6.196821686553031e-01,-1.610625359654372e+00
6.842096705883705e+00,2.759739087498882e+00,-1.924439491292411e+00
2.155432851045453e+00,2.192685059486148e+00,1.441619499344649e-02
4.196547448590051e+00,-3.734730859509243e+00,-4.417028562930008e-01
1.881746460529180e+00,-4.511583766792561e+00,1.439085832778333e+00
8.304841123329743e-02,3.779415639996062e+00,-1.618448553661373e+00
9.700573600380695e+00,-4.201689334371266e+00,5.937507432313658e-01
4.317029786564190e+00,-3.516608192802869e+00,2.411846318705425e+00
9.693496144198253e+00,-4.778667244418820e+00,2.580364341440411e+00
1.403235197678261e+00,1.283363652986537e+00,2.882628687568510e+00
5.873667794574860e+00,8.237056315834854e-01,1.716950455771951e+00
2.009740327912396e+00,4.869036664352556e+00,2.550897247498618e+00
7.900741269632747e+00,3.869323963171720e+00,-1.667991724651902e+00
7.837029887609752e+00,-8.915682251909027e-01,-1.900154967068209e+00
1.126071490393118e+00,-1.284141590874650e+00,-3.100826820908239e+00
9.120644528763892e+00,-2.031479657200149e+00,1.299641427471514e+00
1.946296472032246e+00,-3.475930799621186e+00,2.748687406844491e+00
6.129773415893603e+00,-3.619163433979909e+00,-1.967043240231386e+00
9.856336200877040e+00,-3.677162919903946e+00,8.604418610348050e-01
8.823965347663638e+00,-3.858852428132215e+00,1.548552337953291e+00
9.565639285611690e+00,-2.594879575944631e+00,2.686779479423105e+00
3.425987712181194e+00,-1.933313696868836e+00,9.227500017541095e-01
1.055756422194634e+00,4.615789710389159e+00,2.954942671665603e+00
1.883468732894501e+00,7.847325100188574e-01,-9.759474382003153e-01
5.004948950766138e+00,4.875957745132810e+00,-9.429268316343888e-01
7.932296782733221e+00,-1.275330521743268e+00,2.702555709470511e-01
1.501536441838752e+00,-4.237336741055895e-01,-7.319792688865934e-01
6.597315322607571e+00,-1.754213408347209e+00,-3.132634538561538e+00
3.235776040395119e+00,-3.171123491034473e+00,1.456266582641818e+00
3.412020723921535e+00,-3.568352922224208e+00,1.581584816584321e+00
6.619177301579263e+00,4.450791978078319e+00,1.551787207414403e+00
4.669994195332202e+00,4.868106817987558e+00,-9.737638704696030e-01
8.120332930259940e+00,-4.550905034912684e+00,1.400488912135271e-01
1.559185096628271e+00,-3.496541252682335e+00,-8.798123332083998e-01
7.899482697670384e+00,-7.647590769897743e-01,-3.040832980537185e+00
6.423524805742087e-01,-3.136665236555927e+00,3.923782702454992e-01
1.940538802456050e+00,-1.361196063731167e+00,-2.363981454843976e+00
6.561497145031653e+00,-3.709036501403666e+00,-2.638678182091254e+00
8.549256565110712e+00,-4.348824327820981e-01,1.605347994433721e+00
2.526796277393490e+00,-2.283053838307407e+00,-3.081863422229277e+00
3.271916058289129e+00,-1.480949442413392e+00,2.884035108753718e+00
5.371207482867399e+00,-4.056873485372524e+00,9.585227964781762e-02
2.115728064893023e+00,-7.187194928985825e-01,3.034881740539198e+00
8.111562615875057e+00,4.832576109615697e+00,-2.777183158377188e+00
7.736366450057607e+00,-1.711669531188097e+00,5.248316341496455e-01
1.452917119657816e+00,3.764292748424351e+00,-9.467061537453532e-01
4.638297318166321e+00,3.431991416236851e+00,2.158164152124138e+00
7.748277666546214e+00,4.520584182972106e+00,-8.719632709465039e-01
3.373295311034148e+00,2.901095122670945e+00,-1.504900924153876e+00
6.331068227177317e+00,1.595968270588149e+00,2.246572554730291e+00
5.021312145757273e-01,3.565844442274576e+00,-7.875778528246169e-01
6.086887605293180e+00,-4.243553193426504e+00,-3.035825785570859e+00
1.526529800006070e+00,-3.716934280119224e-01,-6.893339096437594e-01
8.305833251144513e+00,4.892562386150589e+00,9.708920502816021e-01
3.554494635804785e+00,2.696001512947323e+00,-1.543404536620559e+00
2.815538627281957e+00,4.620753780372231e+00,-4.273345599801615e-01
8.408889767114850e+00,2.796343561334790e+00,-2.785240930040255e+00
5.014402307181021e-01,3.748819674421442e+00,5.535033333089303e-01
3.966087993343448e+00,2.065296323031910e+00,1.610348499904337e+00
3.700035405750314e+00,2.605020044172398e+00,-5.446732405215764e-01
2.848003742495508e+00,2.317800983950065e-01,-5.011931495742652e-01
9.117543320014770e+00,4.242377008141329e+00,-2.586897355599944e+00
7.509283935167223e+00,3.250389106233616e+00,-1.872760780768961e+00
6.392316419193877e-01,3.438849656656322e+00,-2.169739061592943e+00
7.146874494349541e+00,1.730091009630524e+00,-1.150591428874983e-01
5.272991331287940e+00,-1.954200529127510e+00,1.838179850553439e-01
9.008678944015792e+00,-4.643702046098607e+00,2.820774036688537e+00
3.129456173483585e+00,4.356551294095446e+00,-2.681465541892418e+00
5.741619996095829e+00,8.612034880549686e-01,6.274889815855977e-01
5.007552747409861e+00,-2.018570288518597e+00,1.664951575707025e-01
4.895609062276058e+00,-3.508648921524622e+00,1.019955624404090e-01
4.561053995172126e+00,3.295231655007546e+00,2.344628951721380e+00
2.056294755322813e+00,3.365201944475789e+00,-1.850156354455750e+00
7.557099224923927e+00,3.145079681305315e+00,-2.885406615322486e+00
4.513360327392887e+00,1.450826919667863e+00,1.082413805612834e+00
9.585162750026058e+00,-1.339846124081241e+00,-9.729043462672378e-01
2.608084271927763e+00,-1.959297152197430e+00,-3.031071950488739e+00
6.827438396270411e+00,-4.914452298818298e+00,-1.562163184375811e+00
9.407170796391085e+00,3.336075586882403e+00,-1.198035210713464e+00
6.634583230160925e+00,-4.125673025063575e+00,7.341171723254618e-01
8.712729076173947e+00,1.307549980407677e+00,-2.057204128191485e+00
8.274809597570060e+00,4.074946840088334e-02,-5.462956434623583e-01
3.601177154890038e+00,2.668935892635114e-01,-1.101100301487268e-01
6.001239399394965e+00,4.267128453077733e+00,-2.561190236634556e-01
1.562613398113556e+00,-4.683849887287579e+00,2.977857661594152e+00
5.355258826955995e+00,2.733922246287723e+00,-2.855681095291398e+00
2.304219718143372e+00,-4.479476016326929e+00,2.833516683123140e+00
7.437368149524456e+00,-4.618463940646228e+00,5.148266990785397e-01
5.280584218921246e+00,-7.018230185861807e-01,1.858112033624280e+00
4.112273626316605e+00,-4.369248256570333e+00,-4.373560797526319e-01
2.687970961669776e+00,2.891439512929121e+00,-2.900451462344198e-01
9.986984818412868e+00,2.956309364833718e-01,2.383378685240094e+00
7.171052088493268e-01,-4.709612173402256e+00,2.487729809706829e+00
4.356068057242002e-01,-4.594993135180805e+00,-1.641866180793534e+00
2.172574004938645e+00,1.126685297394793e+00,-1.889719009492061e+00
9.710724586278197e+00,3.061118176584049e+00,-2.365510022440898e-02
9.792381683199844e+00,-6.220046872522644e-01,2.515014735650237e+00
6.549277347721359e+00,5.458067153562443e-01,-1.116175867005603e+00
8.801066672064048e+00,2.998294540499016e+00,9.551359975753861e-01
2.139617308407954e+00,1.105061740418192e+00,1.307855626076378e+00
9.720420941766236e+00,-2.752397623411805e+00,1.750964559946155e+00
1.427848501395647e+00,1.130520258694786e+00,4.016492147784159e-01
1.011251881816583e+00,1.282794590652135e+00,-6.128921906290303e-01
1.122115392472729e+00,2.341069808811267e+00,2.934347999039653e+00
5.731279232725647e+00,1.208741875568013e+00,6.995117533897193e-01
7.809744007180523e+00,4.692421304580380e+00,1.436117579466559e+00
3.666671778746331e+00,-3.027116912829315e+00,-9.740015062844480e-01
9.778959877861265e+00,4.510906795670763e+00,1.067822197045757e+00
4.344201381183295e+00,3.833949035001627e-01,-1.521802170454911e+00
1.504485507732163e+00,1.719561404949120e+00,-1.601603302538860e+00
4.659667481861367e+00,-4.005384025478102e+00,1.349139383534237e+00
6.790371654224399e+00,-1.194240586218930e+00,1.344270925382562e-01
8.322257805043787e+00,2.693791464631726e+00,1.151560905755637e+00
4.587682899565929e+00,2.069110150989903e+00,-1.448660687332741e+00
5.936068260491675e+00,-4.598606118345899e+00,6.202970460033277e-01
2.673447121588533e+00,4.659426349724463e-01,-3.522752684125869e-01
6.459165264055140e+00,-4.117218070315905e+00,6.092194496877390e-01
9.859719439503436e+00,4.958564291781624e+00,-1.313941393796582e+00
4.905357258779386e-01,3.972965885332947e+00,1.353718329217858e+00
8.865306707051678e+00,-4.789193395714630e+00,1.922210898487918e+00
5.622825027675228e+00,3.586495789026309e+00,-1.508489283953017e+00
2.520986595623000e+00,4.194296005584077e+00,-1.252737968868721e+00
9.548897100092580e+00,-1.464517774365449e+00,1.012562139688261e+00
4.833543030588990e+00,2.195016550477659e+00,1.228897893486187e+00
3.316902516733856e+00,-5.789625379222105e-01,1.282396138206049e+00
1.814976282708411e+00,1.552324845763441e+00,1.147928560851217e+00
2.444522102566621e+00,-1.596825957018085e+00,-6.735089778868435e-01
8.328490415914425e+00,-1.774407633667316e+00,-6.606538480907291e-01
6.144100093171659e+00,-7.556611114242093e-01,-1.540526304696998e+00
9.132456194883162e+00,-3.544322413474989e+00,-2.156177454730352e+00
2.319684521577858e+00,3.311389644353826e+00,1.209999360721786e+00
1.211385738489015e+00,-1.513021046383634e+00,-2.556070242774654e+00
6.087530975590005e-02,-9.985044609415485e-01,2.750730063935258e+00
5.078620376159938e+00,3.940546127021445e+00,2.052630583285271e+00
9.983069303819882e+00,-3.376185936828691e-02,2.246274812531797e+00
6.949652688186390e+00,4.425390935086293e-01,2.555175520878302e+00
3.083945919651461e+00,4.564981247770985e+00,-5.742519051009860e-01
8.768585830261717e+00,3.867263831449891e+00,2.178384890943774e+00
7.817222659879597e+00,-3.305332911115605e+00,-2.148464213963602e+00
1.541516607653926e-01,-2.678497008189495e-01,-3.005613247686328e+00
8.168604805410224e+00,4.712962274285456e+00,1.790025425093804e+00
3.005267572384960e+00,-1.276337017713973e+00,-2.671631453869141e+00
1.496734645836011e+00,-1.284268914837999e+00,3.069491011937026e+00
2.263308397370746e+00,-3.049697682108456e+00,1.098278358219948e+00
4.685798043751390e+00,-3.856768858808748e+00,1.592471495502121e+00
4.248679270680110e+00,2.403047907559817e+00,-1.597161475376623e+00
2.888872993742267e+00,2.700304687015165e+00,1.092428488503176e+00
1.722183222070327e+00,4.690129635029999e+00,-2.870033778852223e+00
7.622307896421693e+00,2.734182109053630e+00,2.122621599811335e+00
9.901097837349171e+00,-2.566475059664013e+00,-2.075813044510154e+00
7.777915804196905e+00,-4.598834217114845e+00,1.240037305783314e+00
2.959369676715412e+00,4.854373843696603e+00,-1.731140066496005e+00
2.448089614121334e+00,-1.595493044563943e+00,-2.711488705222207e+00
2.176658760659382e+00,-1.880284575675792e+00,-1.162786470283881e-01
1.366950744890363e+00,4.059552097493825e+00,-2.077936024495688e+00
5.513305496923012e+00,8.509989854498610e-01,1.441639096274062e+00
6.054003719533442e+00,-2.851288261508654e+00,-1.648922436954954e+00
7.055026606631372e+00,3.890962427162396e+00,-9.897741201365986e-01
6.802133709336680e+00,4.933608550547433e+00,4.237333126721285e-01
2.923333112833824e+00,-4.133214388491693e+00,-1.351084158903755e+00
3.303110053968465e+00,3.622516283024872e+00,-7.666232755308720e-01
6.815145354423379e+00,-1.094843023156060e+00,1.983110074426957e+00
3.494476407836284e+00,2.407244650670437e-01,-2.015583959926092e+00
2.126231896193130e+00,4.148159757649807e+00,-2.625104834330100e+00
3.743361536967396e+00,4.733791957751173e+00,-1.078459842543975e+00
2.720841575779777e+00,-2.378360895912006e+00,-4.751547863798193e-01
8.831272121857781e-01,-2.871492290400862e+00,2.680361747353106e-01
8.301389022766536e+00,-4.194834414084881e+00,-8.015855577374746e-01
8.531113891570364e+00,6.179785266213802e-01,1.821568935219382e+00
2.197503001668795e+00,-4.863956045493318e+00,-2.894541026385413e+00
6.477219952520175e-01,-8.810170239006343e-01,-4.287172014635132e-01
7.388274373511795e+00,-4.266159833479914e+00,-7.398079070381778e-01
2.115286258634137e+00,-9.477421707066602e-01,9.272630050933941e-01
3.934354894368602e+00,-4.600678107343907e+00,2.929700095008486e+00
6.413525223738326e-01,3.352172606087688e+00,6.519060248648056e-02
2.262695847584352e+00,-2.902610060614341e+00,3.059137451110143e+00
7.929022783296357e+00,-1.716912896420880e+00,-1.242503696367270e+00
8.043964469152019e+00,3.700479966063918e+00,-2.947642456738930e+00
2.070848248877104e+00,2.462660613322051e+00,-2.100700273761166e+00
3.359138451066896e+00,-2.809616383579415e+00,-6.589497830732047e-01
1.342384190937436e+00,-4.281005813425040e+00,-1.154008083213600e+00
7.417263028492238e-01,2.156737768553395e+00,-2.531783563793951e+00
9.921717144484095e+00,-1.092974493118906e+00,-4.231090219447435e-01
6.555939512448392e+00,2.660799991182213e+00,-1.017148604972741e+00
5.420965091983188e+00,-5.470522762478955e-01,-2.371153369233801e+00
7.654985004052995e+00,-1.539975870277236e+00,-1.281033849324869e+00
8.400771596877242e+00,-4.879459178760346e-01,2.428049345173426e+00
8.067147680447276e+00,2.485589856706767e+00,-1.243763659896908e+00
1.653944928987661e-01,4.022202865403742e+00,1.344321571705849e+00
1.868078981904985e+00,-4.502328034114244e+00,7.040125646179907e-01
6.549053021178310e+00,2.411154122695516e-01,-4.575342504416149e-01
3.757593478039629e+00,-4.671645709161224e+00,-1.639750284385735e+00
9.824826510611070e+00,-3.159045497564126e-01,-8.230049165260565e-01
6.654047926382541e+00,3.852828290969004e+00,5.787266903665098e-01
9.565489087292065e+00,-1.384097335796903e+00,-9.377452082306399e-01
2.014464816457938e+00,4.324504210806433e+00,-1.791358539590886e+00
8.639570281150231e+00,1.306084716506094e+00,-2.409835620920145e+00
3.213523058152253e+00,4.341553437930063e+00,2.386146044425963e+00
9.895648082378068e+00,2.571666254125197e+00,-3.750246337848981e-01
1.576886720731473e+00,-3.965648333512377e+00,7.867070875117923e-01
5.163398188383265e+00,-2.688486324373229e+00,-6.025347800638370e-02
7.928445338371219e+00,-1.058295454164938e+00,2.340904474093809e+00
4.326424806040359e+00,-3.298931179879240e+00,2.949003752972401e-01
4.680840601876467e+00,-5.088395223339504e-02,-1.207539123669563e-01
9.863557955057411e+00,-2.863184429850936e-01,2.667846704431605e+00
4.253081503011533e+00,4.562591980273812e+00,1.380350442012390e+00
6.040721005990636e+00,-6.627211710402223e-01,-2.440703914730775e+00
5.453966067515070e-01,2.856268042879978e+00,-2.025042593977706e+00
8.422100802102600e+00,4.419105448514799e+00,1.804046153776439e+00
6.481680489795435e+00,3.769888309739855e+00,2.110216086634741e+00
4.040201028628135e+00,-2.913323754884082e+00,2.839423533594148e-01
1.616953995451975e-01,-3.970105746455754e-02,3.421522876307841e-01
5.916688205935039e+00,-1.522602177040743e+00,8.289592537208663e-01
1.265782848416219e-01,-1.001413048627845e+00,-3.825468724663250e-01
1.203613909017909e-02,-1.391931737542488e+00,1.132224485040705e+00
6.160985621493547e+00,3.263592101750042e+00,-2.459984809944125e+00
1.890170673345543e+00,-4.786094487755257e-01,2.898302958149693e+00
1.918875497180953e+00,2.369433224468818e-01,1.571769113388350e+00
6.532715658327437e+00,4.824473570470747e+00,8.241918313103698e-01
5.369718793937428e-01,-4.400207278084835e+00,-1.154082552651001e+00
3.134055614745563e+00,-1.204236020925116e-01,-2.130279499691744e+00
1.494319021420191e+00,2.740617069461161e+00,-5.696149576624232e-01
5.801763697965338e+00,-3.488380418117734e+00,1.015216602356892e+00
6.617651547273958e+00,1.115315946147739e+00,8.401230953028427e-01
7.211358535990435e+00,-2.605352204655333e+00,-7.373873701595683e-01
2.552312169185655e+00,3.674041132245677e+00,7.117994052356811e-01
8.924975163658400e-01,-1.729003345999207e+00,1.971338680862653e+00
7.868365694189783e-01,-1.709371830990905e+00,-2.976440558235580e+00
4.261515484507238e+00,9.819387851789347e-01,-3.102571061284167e-01
9.458444090627150e+00,-3.164370918800913e+00,1.624550412597002e+00
2.177290342470246e+00,-2.151113610969389e+00,2.899342588230742e-01
2.567416013415493e+00,-8.336814988058849e-01,9.517523300649753e-01
1.008888021058589e+00,-1.463621368598896e+00,1.047808649946433e-01
6.055702738939303e+00,2.487721800558242e-01,3.090538912123545e+00
6.798728739471748e+00,9.964014406896631e-01,-2.798395418066295e+00
6.429312081607600e+00,6.666745375016454e-01,-5.626704426297335e-02
8.611302430447813e+00,1.541683119919322e+00,-2.567205535360395e+00
4.864258350260718e+00,-1.922504833921797e+00,-2.137630357418376e+00
1.344570407670644e+00,-3.735737728449720e+00,-7.348917181554646e-01
2.894051307044126e+00,2.608075414310771e+00,-2.164305435996563e+00
6.624299734213518e+00,3.507803826306819e+00,2.913432388266572e+00
6.131219737415599e+00,-2.429937677775678e+00,2.807262960517567e+00
5.310031297429624e+00,-9.290804384198026e-01,-1.029753462855167e+00
6.829644186886872e+00,-1.430783036444705e-02,8.780607709871120e-01
6.373908503732993e+00,3.332684275293643e-01,2.120783680233989e-01
8.813248894649517e+00,1.594901710876519e+00,1.982891479113848e+00
5.860163774782966e+00,-4.583967666446787e+00,8.007643830663538e-01
7.786013587005565e+00,2.214770827340170e+00,-3.140006435243962e+00
2.487071559664678e+00,-4.380289930205898e+00,1.653573432889126e+00
6.781825845890680e+00,-3.171143232713209e-01,1.550992488832653e+00
9.021941183826756e+00,3.276711355691940e+00,6.108956076134664e-02
3.857323278998332e+00,-4.878468672160370e-01,2.531614572601809e+00
7.791041873386466e+00,-3.509102512317522e+00,2.566343198367182e+00
7.247893011954353e+00,4.850338450059597e+00,1.502414957390967e-01
5.952619687182248e-01,3.892854620742632e+00,6.785100676023976e-01
5.815083096240723e+00,2.713136332250140e+00,3.119740187007467e+00
1.301893492008024e+00,-8.848839710078957e-01,-1.264049744734741e+00
9.673191722305912e+00,-3.161542731107022e+00,-1.101962366241163e+00
8.114075027006562e+00,4.414111814185013e+00,-1.993190353838641e+00
1.097238012471201e+00,3.235112651713905e-01,2.487305335714871e+00
1.217519976476784e+00,3.523554603874851e+00,1.536165859505223e+00
5.944738549126189e+00,-1.579049942405742e+00,-2.477819057759696e+00
3.448891741731833e+00,-1.647116829205294e+00,3.027033542525886e+00
3.490585907310928e-01,4.855404806740392e+00,1.451175211239024e+00
5.416415078330531e+00,2.183304849484982e-01,2.202395368911569e+00
3.878450996858469e+00,-3.593045761392537e+00,-2.839052322527635e+00
1.010764923717427e+00,-2.803253220052926e+00,3.117037300753678e-02
8.019203922559827e+00,-1.805572060727920e-01,1.247829837194372e+00
9.150767652788060e+00,-4.575290895115886e+00,2.698413491753389e-01
7.565939340141300e+00,-3.746601462169954e-01,1.047076907960414e+00
8.224223100162773e+00,-8.105915791987242e-01,1.997261645885127e+00
2.164905672661174e+00,2.793362653194870e+00,-7.895635196655286e-01
2.635729509186010e+00,-1.450580355107582e+00,2.190749899721242e+00
2.085275402991877e+00,4.825487615395993e+00,-2.117960577825588e+00
7.650634313655640e+00,-3.192300806990969e+00,-1.439565372728234e+00
9.479170789344970e+00,9.098668496813485e-01,-2.869244091331829e+00
7.168372067339027e+00,-4.103007029917453e+00,-8.518314670658360e-01
8.814667648795560e+00,2.338639839939820e+00,-7.545505834935957e-01
6.386990948831725e+00,4.947536880619715e+00,1.918071731086537e+00
3.876599005587991e+00,3.191386377516322e+00,9.621483776425279e-01
4.257616149303052e+00,5.570354072030126e-01,-3.975838928722260e-01
7.532143216740483e-01,-1.525864260030794e-01,9.557603155053647e-01
3.145719524602608e-01,3.350299612668469e+00,-2.809945081165893e+00
6.954756041890774e+00,4.359740847107243e+00,-2.008913187176437e+00
4.384288920111806e+00,4.892065257980930e+00,7.976368988329559e-01
5.522150680546295e+00,-1.034607724355159e+00,8.882339214791317e-01
5.576612476224163e+00,4.909174747945123e+00,1.722438859779197e+00
2.773758133333014e+00,-3.440737478261685e+00,-6.094704887072866e-01
4.758925108294907e+00,-2.464502240680908e+00,1.398348629911259e+00
4.707602216677023e+00,-4.109838752661038e+00,1.155982522352196e+00
3.884272212278570e+00,-2.282614835155183e+00,2.911586466417746e+00
8.206753834010705e+00,2.679375516180111e+00,-1.789889575788032e+00
4.511640036875959e+00,3.529243581784497e+00,3.247122756520353e-01
6.036445245059879e+00,2.788926451025717e+00,6.394048474618281e-01
8.955201203808262e+00,1.310657781676962e+00,3.133097064074873e+00
8.662336228589226e+00,1.396651252264558e-01,-1.877515407490758e+00
8.904222037791651e+00,2.087042892136465e+00,1.458831219202930e-01
2.700049964650140e+00,-1.091664507327782e+00,-9.664462146020134e-01
3.498248830806283e-01,3.413083514997018e+00,1.626903197348342e-01
2.610667998953292e+00,1.771900939767854e+00,-1.683085631479422e+00
2.787073456207087e+00,1.978046984944085e+00,-2.842435257014325e+00
9.093603267249680e+00,3.593599312907125e-01,4.559421937387764e-01
6.492427328379707e+00,3.852289842111725e+00,-1.031357750820161e+00
8.170395960222876e-01,-2.479852663209475e+00,-1.998421111356377e+00
1.353785960111011e+00,-1.188523466389493e+00,-1.106245464335390e+00
1.556761255419754e+00,2.776425696776891e+00,-2.831956015918472e+00
6.304217481689232e+00,-7.251103870662323e-02,2.830212026968085e+00
7.354140255070031e+00,3.892140134241908e+00,5.098673870682484e-01
8.596439105653960e+00,-1.536006802371477e+00,1.977749953799919e+00
9.406365508062430e+00,-1.306698311803553e+00,-4.830626115575840e-01
2.017045573864418e+00,3.887357893866254e+00,2.534100793421877e+00
3.097724847240491e+00,-3.562967981795895e-01,-1.048147052405071e-01
2.403228807448307e+00,1.612458420248677e-01,4.646121619859063e-01
3.587615674661377e+00,-1.672362846643206e+00,-5.155994390073726e-02
9.146651074237495e+00,-2.233300578209181e+00,1.465730761079521e+00
5.751125669393615e+00,1.559487108383920e+00,4.188124874235006e-01
7.381918973244991e+00,-3.801593384587961e+00,-1.435086287503647e+00
4.901192361267820e+00,3.792726411829094e+00,-2.227140808769539e+00
2.885791333612453e-01,2.792031367651079e+00,6.667992009629380e-01
6.419548599781433e-01,-3.092517362941972e+00,-6.798430663077992e-02
5.379230312678858e+00,1.940199458245654e+00,-2.538559566262452e+00
7.187890348200257e+00,1.026329212856348e+00,-6.558548052539064e-01
2.153305275287315e+00,-3.154649492633559e+00,9.284299760593528e-02
7.219095739923040e+00,-2.267964939497675e+00,2.053930763789368e+00
8.106657734835125e+00,-9.101349626616564e-01,-2.663435617716758e+00
4.118974783621113e+00,1.992427352454738e+00,-9.519318018700744e-01
7.464192328441049e+00,1.387234088170059e+00,2.027308209485427e+00
4.040299503284599e+00,3.223484767669795e-01,9.325750673410091e-01
6.783506294550200e+00,2.684105431140342e+00,-1.319730786337790e+00
7.639970493195430e+00,2.579377396061659e+00,2.169804564745736e+00
9.919266183081108e+00,1.178591540622559e+00,-4.213767607227492e-02
3.453966620635961e+00,2.869900833848252e+00,-1.035537230274919e-02
4.110407805746115e+00,-1.657366252207908e+00,2.994486567251668e+00
1.656200594101713e+00,3.812495283226056e+00,2.809315843732326e+00
2.040730584018069e+00,1.149100858019407e+00,-8.888653652967191e-01
6.933950025983777e+00,3.223635138124305e+00,-2.258307937877806e+00
9.170455901544761e+00,4.627910479028401e-01,-1.095368226302885e+00
3.946049516612406e+00,-2.815617550113196e+00,-2.950060680286349e+00
1.798444468355412e+00,4.241012867830865e-01,-3.011104172949893e+00
2.850994993829941e+00,-1.288883362234119e+00,-6.564537784305937e-01
4.550517048081386e+00,1.974990360370946e+00,2.771009270146208e+00
2.906503293653684e+00,-2.420620826526418e-01,2.333306990143484e+00
2.335790831218663e+00,3.361128049276877e+00,7.189744594370540e-02
7.359844887570795e+00,1.780725123219167e+00,4.098294398130586e-01
7.844921240623193e-02,1.845444330313240e+00,-3.104311394014773e+00
5.392305273364832e+00,-2.828446665089350e+00,-1.787558957574859e+00
7.937668070297539e+00,4.842497664912903e+00,-2.985932223237471e+00
2.662282863174682e+00,3.416752092714887e+00,1.599319051928017e+00
6.032915106120173e+00,2.890048845606946e+00,-2.226473127943628e+00
6.689001056186178e+00,-1.697847748399726e+00,2.318791331939535e+00
6.550246964050900e+00,3.563165284723189e-01,9.005332218493107e-01
4.458496341987177e+00,-3.628968119256713e+00,-1.700112596113677e+00
3.465779878757792e+00,3.847597666270595e-01,-2.150606674648613e+00
8.359240730278135e+00,-3.541107535167127e+00,8.018896456729161e-01
7.584459569998643e+00,5.303784398960119e-01,2.518533025084128e+00
3.212551734139125e+00,1.487218801549056e+00,1.371997719155361e+00
1.030191944422061e+00,-1.098040327500977e+00,-9.516094533688086e-01
7.180754544546919e-01,-1.455121668706738e-02,5.490473218804914e-01
9.427597789893605e-01,3.756533876745859e+00,-1.189019335191577e+00
5.828693611920428e+00,-3.914368552971906e+00,3.136249224068725e+00
5.166217582898969e-01,2.917328929996529e+00,1.563502732793995e+00
3.369268749640384e+00,-3.292454490038036e+00,7.186810383307427e-01
7.531997019142294e+00,-4.632920171953716e+00,-4.821770266341083e-01
2.943481665153781e+00,-3.144253972549522e+00,7.423727341684683e-01
7.633080771801298e+00,2.650431899704897e+00,-9.951556291984915e-01
7.454670382070553e+00,-9.487392666313994e-01,-2.960229518412997e+00
2.458271326332163e+00,3.725205168461819e+00,-6.591782548833041e-01
7.288221800927454e+00,2.470754118226584e-01,2.704790760606846e+00
7.477766382721008e+00,-4.777496480736691e+00,7.935731829638506e-01
3.974539256670269e+00,2.167136096019267e+00,-2.614083413600772e+00
2.104204837415182e+00,-3.897670912787673e+00,2.418986215041604e+00
5.212708068918691e+00,2.893796334619244e+00,-1.452202150737062e+00
9.213975880001964e+00,-3.318974501948200e+00,-1.609943756313784e+00
6.396167324320619e+00,-1.545536141944865e+00,-1.274915043653532e+00
1.729224976272612e+00,2.612714296253603e+00,4.850759557080249e-01
6.827569247335199e+00,4.542313574764217e+00,2.807835720702303e-01
4.272030272818346e+00,-1.285660493532677e+00,-5.394897079734839e-02
5.915287973553730e+00,3.294002201989358e+00,1.366824424592469e+00
7.340640350231079e+00,-3.092077345241613e+00,-1.152727430898020e+00
5.149473515144448e+00,3.071797702024911e+00,1.772263657620539e+00
8.139839745733086e+00,1.574940592562511e+00,-2.040014059971314e+00
7.221555793166278e+00,-3.072564927876316e+00,1.775758789432166e+00
6.150733400185107e+00,-1.974960396485884e+00,1.029249246476119e+00
1.507928158323515e+00,-3.682291114029640e+00,1.151131758702605e+00
8.359491109115684e+00,-1.170329889356867e+00,-1.159034241373771e-01
9.359055853198161e+00,-2.963513588767226e+00,1.049301576416880e+00
1.369651238092948e+00,1.439979536304735e+00,-2.640213023091085e+00
4.882411294334306e+00,4.945051042205588e+00,2.208860813367155e+00
2.588887419705045e+00,-4.879908369157358e+00,-2.792579092285742e+00
7.545233074255647e+00,4.091981328729863e-01,-2.207022184197493e+00
7.216296360047000e+00,7.366659754900970e-01,4.824839681724389e-01
1.408851205703987e+00,4.142087896808119e+00,1.504266539295964e+00
8.770272712616372e+00,6.005334766937587e-02,-2.662489944839955e+00
1.809730639780023e+00,4.370141964491747e-01,2.643743297871509e+00
7.972590256481075e+00,-2.834719867161137e-01,2.975764620312419e+00
4.569803596280049e+00,-2.310956954385186e+00,6.657045703351852e-01
3.282722935581512e+00,-4.439708667510863e+00,-1.178508455897189e-01
1.582392626742135e+00,-9.134231779016391e-01,1.516729343055147e+00
1.676142561466294e+00,-4.474085287593215e+00,-1.078462561943105e+00
6.618905547009003e+00,5.049246946591781e-01,-4.232080866633492e-02
5.504303879471205e+00,-1.927063567577068e+00,2.614754017247944e+00
1.220854216512327e+00,3.360240152542779e-01,2.862967473014270e+00
1.126978604383252e+00,-3.657030356048133e+00,2.683354395122979e+00
7.231057477279146e-01,4.326299657393596e+00,-1.492582815344909e+00
7.437673473735441e+00,3.945212435499348e+00,-1.680946595725685e+00
7.118820852292892e+00,-3.100034907977155e+00,-1.271311403465855e+00
5.843099085457515e-01,-1.565557167059901e+00,-3.687531563355408e-01
5.602700755969730e+00,1.134927718519796e+00,-1.167620581540703e+00
8.467615524268990e-01,-4.043137926940937e+00,-7.903443136435486e-01
9.037457706089416e+00,-1.454321788838492e+00,7.579843250680836e-01
9.071174191801324e+00,-2.488877131809939e+00,1.649497477074242e+00
6.982329898131301e+00,4.155167287166966e+00,1.480055810342672e+00
9.261889214394500e+00,3.525106362892052e+00,1.975581536902722e+00
8.114530304136906e+00,7.983274126686375e-01,-2.939372084186435e+00
8.285385759270493e+00,2.034633687157417e-01,-2.841672407624232e+00
5.697078505699332e+00,4.307257945453971e+00,1.818246766746924e+00
3.060591982161759e+00,4.324277829788153e+00,2.078403704089311e-01
2.177991151164216e+00,4.693301253516605e+00,4.909723332752676e-01
3.272000220389292e+00,-3.746211158918124e+00,-2.811179666140112e+00
6.284954300890621e+00,-3.394421892368298e+00,-1.537408729350294e+00
1.726565358323989e+00,1.767366986798866e+00,8.693057356414782e-01
2.586402366373216e+00,4.143447660984485e-01,2.256806374548393e+00
4.680608627954644e+00,-4.815340951067641e+00,2.619983954508018e+00
2.330500985246156e+00,-4.380249640104807e+00,2.635770067408671e-03
5.886436697160616e+00,3.880803822588051e+00,2.857230309959080e-01
9.231760284563299e+00,3.688707955393863e+00,2.092612548494265e+00
7.480893657031265e+00,-1.427290780039549e+00,2.364023386042766e-01
6.664266141489130e+00,3.910506169305346e+00,1.059252399567843e-01
5.827214759837788e+00,9.367507439790179e-01,2.545218074232605e+00
4.879479092570649e+00,3.059056470189018e+00,1.821701013008903e+00
1.865638596346597e+00,-7.256892883978576e-01,2.570278487204120e+00
8.947104554268655e+00,-3.866016726550913e+00,-1.770305965653629e+00
2.485360020128363e+00,-6.627293735398379e-01,1.531556996082895e-01
9.130887757816075e-01,-4.270020200310212e-01,2.151815846496304e+00
7.500151792286952e+00,5.094419384060300e-01,-2.443230257123523e+00
1.756155343311664e+00,-3.944172870955720e+00,1.851416918441705e+00
3.718959995411760e+00,4.914018630496114e+00,-1.991936979312548e+00
2.828492829097973e-01,-2.558631791930936e+00,1.935967234190237e+00
1.370679425404481e+00,-3.014475964629071e+00,7.037226452476522e-01
1.732036307599121e+00,2.680291885593657e-01,-1.927455111073796e+00
5.441012775017795e-01,3.720817939488867e-01,-1.674206289138862e-01
6.566569566228452e+00,-6.017926216675571e-01,1.142943869206377e+00
8.370077958031173e+00,2.718921463252545e+00,8.410225801548390e-01
3.733154063659410e+00,1.665440072860269e-01,-4.571193476930748e-01
8.745764767182006e+00,1.096954551449842e+00,2.509293906695279e+00
2.133465745601265e+00,2.237463854077856e+00,1.210356028761335e-01
3.253904235612395e+00,-4.749748984361334e+00,3.686532390829145e-02
1.507369930311684e+00,7.064418254504474e-01,-2.750460661506386e+00
6.205591954189986e+00,3.841944712283693e+00,2.652260631037433e+00
4.198695908703068e+00,-4.826112570745661e+00,-2.028736431611776e+00
6.132833468418987e+00,-9.481789619903891e-01,1.780949613370670e-01
7.616749053941836e+00,4.262274502058300e+00,1.907371492854178e+00
5.457030160329484e+00,-1.468455977174622e+00,-1.787859789438401e+00
6.276303549017879e+00,-4.127117579975916e-01,1.719914533539550e-01
9.352503143943329e+00,4.815413930443128e+00,-1.629324768297845e+00
2.990643096088431e+00,-3.006761410494262e+00,1.631711794524441e+00
3.591639386339531e+00,-4.347448108749941e+00,4.042674806273556e-01
7.177033617093369e+00,3.594225908613044e+00,2.236662295745377e+00
6.113055170553867e+00,3.684653412123685e+00,2.479081046509293e+00
1.785329045397148e+00,-2.792216531998681e-01,9.345200315865778e-01
3.761473100104902e+00,1.420717447728626e-01,1.416174966232777e+00
4.678380131247150e+00,3.358063696178361e+00,3.092590084270537e-01
4.193898379683894e+00,2.385594981157952e+00,-7.261556863231498e-01
1.782748083220408e+00,-2.348509977829893e+00,9.306523576544645e-01
9.244300917842622e+00,-4.831066449284815e+00,2.565353080184162e+00
7.623187616939759e+00,-2.029983746645421e-01,-5.235126094729816e-01
4.813558321078522e+00,3.589123260956415e+00,-1.166096195448016e+00
6.800610283068366e+00,3.958346766901622e+00,-7.009713885104398e-01
8.972826721355219e+00,4.562261970761538e+00,-4.059086606634597e-01
1.361741423615712e+00,3.795632376127813e+00,-2.679395077135995e+00
2.503730507069777e+00,8.004355529809839e-01,-9.790205285084674e-03
5.427012472566450e+00,-5.539440076389912e-01,-3.572463311213303e-02
7.990103713523586e+00,2.748498465340990e+00,5.557089583416590e-01
3.625489544152738e-01,2.398216343655965e+00,-8.619271689818735e-01
9.840181501963606e+00,3.814343008145435e-01,7.106759850385664e-01
4.549066028823971e+00,-4.126726274415309e+00,2.376403163650548e+00
3.592311406217230e+00,4.260813467869188e+00,2.861808635325749e+00
2.927244378397718e+00,-4.439746249833787e-01,5.253510479581669e-01
1.743567076508716e+00,-1.366662180837357e+00,-2.873985797384760e+00
7.915739089300279e+00,1.295673951687717e+00,2.948296723628459e+00
9.554141647460966e+00,1.738379611669769e+00,1.293469476329067e+00
4.136447548453982e+00,-2.893120829696985e+00,-1.030670793251040e+00
9.524206947534562e+00,3.369388448099562e+00,-2.216973549056199e+00
8.237976154350342e+00,-2.100629063376221e+00,-2.240466936410744e+00
4.810511274763183e+00,-3.133160740856833e+00,-2.087623465571876e+00
6.740261791261327e+00,-9.360014714550253e-01,-2.855252055374713e+00
4.349841791704629e+00,2.305600808974653e+00,2.526809289364701e+00
5.587234082125524e+00,4.654581784398035e+00,2.561543615003963e-01
5.804633701850381e-01,3.092812643714332e+00,1.256382043995841e+00
6.962634753005331e+00,4.403483776701918e+00,2.061566564595227e+00
5.282464448413671e-01,-3.593941959234732e+00,1.831806167433115e+00
8.170849469196495e+00,-4.288232011363232e+00,2.403982033457338e+00
8.249469294605575e+00,5.770476190667120e-01,2.935847378960522e+00
2.370772875562146e+00,-2.097025169559656e+00,-3.828306182289301e-01
3.236627810358002e+00,3.280549729692728e+00,2.829541187472693e+00
4.813103785582933e+00,1.719878714023261e+00,1.402972122668473e+00
5.966629069324815e+00,4.707281639857944e+00,-2.697571318561104e+00
2.873536617419967e+00,-2.452076442686958e+00,1.142177036294655e+00
5.924864046319250e+00,-1.421588564476757e-01,1.173175372234837e+00
2.977870732292989e+00,1.240477425353248e-02,2.550097131184829e+00
5.549072107106068e-01,-2.608232051426238e+00,-7.983909582785595e-01
2.527549831908948e-02,9.009339948800772e-01,5.335146909184614e-01
1.011510579184286e+00,-5.671401392076048e-01,-3.065016012142311e+00
7.922507001640183e+00,-5.327844401012634e-01,-1.055102371037920e+00
9.614313123833371e+00,-1.372633520275164e+00,-2.750503787924831e+00
4.269661992812193e+00,-4.830706475744649e+00,1.374319411007399e-01
5.126839534499428e+00,2.209523691478896e-01,1.994582413463969e+00
1.468481690734261e+00,-1.647521642996689e+00,-1.844474963629828e+00
5.510313526801570e+00,-4.986801310156704e+00,1.724171742622795e-01
1.446549020069768e+00,-1.920562923380680e+00,-1.859768586127601e+00
6.112143311988301e+00,-2.213716669102430e+00,-2.383284645672279e+00
9.332586675808539e+00,-1.065518467763642e+00,6.909488150797127e-02
1.956985393030396e+00,-3.681480103566031e+00,-2.644287201354938e+00
7.645637180571020e+00,7.683824635084413e-02,5.488653348803072e-01
2.350242281832404e-01,1.924403525181299e+00,-2.944693581101469e+00
3.754972413216210e+00,1.301855690545724e+00,-2.471082710290333e+00
1.107485078305090e+00,3.037549475691906e+00,3.141434662100915e-01
3.524754415956994e+00,-4.799171201291887e-01,5.743297136937535e-01
1.735369196388835e+00,1.909173033972822e-01,-2.959462400324451e+00
3.733049901228874e+00,3.104019408589833e+00,4.610399562594232e-01
4.175228061075304e+00,-7.229882918076145e-01,2.126874093556662e+00
3.005911227809184e+00,2.015993498995970e+00,1.396853738721703e+00
6.566219494731291e+00,-6.539763128200811e-01,-2.317332336113804e+00
9.188520512589097e+00,-8.226380548843739e-01,5.810353468583158e-01
4.005953741052723e+00,2.602056245291603e+00,1.082294377591248e+00
1.923431564750214e+00,-3.251630845337888e+00,-2.907662113771154e+00
2.707227581959834e+00,-1.614140280584264e+00,2.232715250813458e+00
8.540008234963690e+00,-2.758277232530983e+00,2.552653341437552e+00
5.716397232701479e+00,-1.408900570324029e+00,2.201956574857427e+00
4.550110323069573e+00,-2.696251776339760e+00,2.039719669917337e+00
1.496367215089267e+00,7.940563108665462e-01,1.539161735739816e+00
4.497273083237819e+00,2.981708026178453e+00,8.383781784579387e-01
2.784920033573867e+00,2.866130612179019e+00,1.122346573207679e+00
9.431631278533493e+00,-1.354990354512076e+00,1.925138405271345e+00
8.840701094157312e+00,4.887604058942618e+00,1.021007926015083e+00
8.390254182819801e-01,9.385436470580082e-01,-1.082423454598324e+00
5.166534892612429e+00,-1.005996982217052e+00,-7.793593804185308e-01
2.250583455146721e+00,3.355392792414255e+00,2.494785651382710e+00
4.107770895242906e+00,2.298740126426408e+00,-3.034011415680797e+00
8.768479982514565e+00,2.492753368241044e+00,1.249226554838978e+00
5.275145198885448e+00,-3.038606502661284e+00,2.857451635433208e+00
3.342152933707598e+00,-3.167569263144490e-01,1.295769807406475e+00
2.078883541049970e+00,3.618281308246027e+00,3.103340547497790e+00
8.003248594064893e+00,4.038007628757256e-02,1.178379394851992e+00
6.245180153643472e+00,1.834527434210504e+00,-2.925683373304229e+00
4.680654604262312e+00,8.793373303426453e-01,2.054663683666486e+00
2.174843538629780e+00,3.423567877183821e+00,-1.353210172908844e+00
3.342463741571313e+00,-2.154391602383974e+00,-3.389324471336885e-01
9.598434267385185e+00,7.547527788636490e-01,-1.180661313072888e+00
5.200899376058343e+00,-3.767653319901960e+00,-1.454217439270389e+00
4.006992812432530e+00,1.902107766994678e+00,-4.309906748583270e-01
5.214220423483239e+00,2.319678383527121e+00,-7.618271176743652e-01
7.789885058996086e+00,-4.571626788110016e+00,8.377910183135207e-01
3.401089365028688e+00,1.757909636279851e+00,1.967587024970368e+00
1.787061209326088e+00,-8.530984583421368e-01,-1.274929592953950e+00
5.849361183390478e+00,-3.759031238903177e+00,-1.798743046345010e+00
6.652041034810672e+00,-8.009245230153237e-01,1.048633913770292e+00
7.127180029585496e+00,-3.057670703044183e+00,1.070152535145827e+00
8.819875907661297e+00,-8.444046787668347e-01,2.520381908933613e+00
3.711741206891130e+00,-1.156609720414723e+00,-3.041402950753458e+00
7.535489622889180e-01,2.383916369360575e+00,2.218219901047409e+00
9.583485836309421e+00,2.742155581663588e+00,1.319605444879608e-01
4.350119274374752e+00,1.070286543845467e+00,7.621635044163195e-01
6.232575096731313e+00,-4.773131578175525e+00,-2.567488960758479e+00
6.663053231282923e+00,4.310222790709940e+00,-4.233928637016726e-01
5.465137087012035e+00,1.862332800964477e+00,-1.713409508142150e+00
2.052575297362701e+00,-4.658045500788112e+00,-1.544249679858084e+00
7.551430501161414e+00,3.188328992141178e+00,2.573036436363108e-02
8.037519743040816e+00,-2.997338452820038e+00,1.963218636713669e+00
5.529755860174398e+00,7.922118957110680e-01,1.531720758456733e+00
4.885611605848416e+00,-3.336563004981290e-01,5.717696058828086e-01
1.139381831279853e+00,-8.016121764492334e-01,2.476718095441570e-01
8.395166149978384e-01,3.897137201243975e+00,-4.567496010698009e-01
3.395648455635287e+00,-6.263870843738530e-01,2.970124360438153e+00
3.108461555173933e+00,-4.246558824268493e+00,3.782009723661450e-01
9.536564509632711e+00,4.466387272149525e+00,-1.545874711197121e+00
7.836227424434298e+00,4.205352312396275e+00,-1.695889569726503e+00
6.599242952590600e+00,1.844326895815987e+00,6.996517268762874e-01
5.176480890176051e+00,-3.210747186797498e-01,1.434295841992683e-01
1.673675307266513e+00,-4.071405270564787e+00,-3.093225931167178e+00
9.784566721842840e+00,2.907481185774762e+00,2.073861896989283e+00
3.750406982402100e+00,-4.245220855759710e+00,1.282538576980140e+00
1.069256024472448e+00,-4.313990151048543e+00,1.016803415176769e+00
4.937988957157461e+00,3.738384243936812e-01,-2.709431035725714e+00
8.739980116130832e+00,-3.398717598153598e+00,-8.667286554075813e-01
8.872910017773295e+00,-4.922697326596510e+00,2.735587423642873e+00
1.096591605644726e-01,-7.688656900421371e-01,2.278215393737449e+00
8.862957447513997e+00,-3.627827683899341e+00,-1.347473461799047e+00
2.714842174998585e+00,-3.394845847193087e+00,-2.154762580656064e+00
3.897236396842307e-01,-4.230893612646653e+00,-3.198897994768943e-01
8.477902703628743e+00,-2.949062462763901e+00,-9.058444464969977e-01
8.638667559882084e+00,2.154841797743893e+00,1.144962092699656e+00
5.962310798423500e+00,3.089273072177914e+00,2.930696345478898e+00
5.744337572963584e+00,-4.746635597069933e-01,-8.607872765744777e-01
8.131202726214195e+00,6.553815881417702e-02,-2.750626646229820e+00
7.863095527102798e+00,-4.673449654057974e+00,2.498282495145657e+00
8.901054734427040e+00,-4.306837386286832e+00,-2.903147466135208e+00
5.527474475967034e+00,-2.424322743504831e+00,2.844812032585806e+00
9.676470927328086e+00,4.389842071314751e-01,1.034083043930419e+00
9.961468309333384e+00,2.395511487349929e+00,2.775215144822236e+00
1.165446099986326e+00,1.050030613380331e+00,-1.887093844000853e+00
8.495437595541221e+00,-1.078721450132117e+00,-2.885868298045851e+00
4.998222577485890e+00,-3.816759269968618e+00,-7.407889126447476e-02
3.875663382998321e+00,2.807732348871895e+00,-3.102422360916868e-01
6.130723098827150e+00,-1.362139484009429e+00,-1.058765272831153e+00
5.596555726200703e-01,2.360540144827896e+00,2.875540435614675e+00
5.064611187670799e+00,1.297884191434182e-01,2.026853366251866e+00
8.708905700266667e+00,2.386620535618253e+00,1.015249782611505e+00
2.134615161389688e+00,4.072895614525718e+00,-2.118323828418626e+00
4.263898947694251e+00,4.210295160538021e+00,1.472297395646879e+00
9.394808877148755e+00,3.510678000060343e-01,1.426361319916077e+00
4.285638378056973e+00,1.150836476563875e-01,-4.708105505760334e-01
3.583676323323983e+00,-2.343215344971628e+00,2.669008586612005e+00
4.405366481233782e+00,4.357998315292914e+00,-2.092439677344511e+00
5.194527665175563e+00,-4.208083280037913e-01,-1.461861209387618e+00
6.319913441314688e+00,-3.724087607126228e+00,-2.744342414154074e+00
8.006928009167311e+00,-6.729508537345010e-01,1.856373119413548e+00
4.521022057643142e+00,-3.729467497619960e+00,7.650367857258065e-01
8.174809350901404e+00,2.531684257075106e-02,-1.162764352294718e+00
5.337206613520806e+00,6.127551485621217e-01,-2.112321049378731e+00
3.384805103679777e+00,-1.622442385064147e+00,-2.889336774829187e+00
6.579508281194142e+00,-4.283493857685153e+00,-2.093899346762003e+00
7.177222547434914e+00,4.435035356332390e+00,-2.935212237509242e-01
5.580489756294876e+00,2.733531134834296e+00,-1.588533953629169e+00
5.661497313472341e-01,3.388810805051211e+00,-1.514359641527883e+00
1.698828751608249e+00,-1.331316057137706e+00,2.359815908770475e+00
2.852977208902282e+00,2.608310300194505e+00,9.511280747566975e-02
2.826256059514931e+00,-1.462710483080576e-01,1.440432629202384e+00
6.734208002468706e+00,-2.989165115939540e+00,-2.917214143350725e+00
1.834866167363258e-01,-3.755766230927867e+00,-8.472036224732098e-01
7.556817770495199e+00,-1.549491306779431e+00,-1.308828503839221e-01
2.653424748069332e+00,-3.624478885248603e+00,-1.970301007922536e+00
3.100218462161024e+00,4.982689762040685e+00,-2.386406926331918e+00
5.279098279439243e+00,-4.508110097679779e+00,2.326687260263294e+00
2.159256009389575e+00,-5.885640063092348e-01,2.761030342903460e+00
8.844713135755276e+00,-4.790647760961591e-01,-2.646435566323551e+00
8.536877932656528e-01,-1.993680714183244e+00,-9.486434070123790e-01
4.443823623010648e+00,7.135156570694532e-01,2.879493525248924e+00
8.494222694548899e+00,-3.500229758484553e+00,-2.619072073852300e+00
6.158438944212357e+00,2.839123805872337e+00,9.025253635747168e-01
2.923295158426335e+00,-1.675522817523617e+00,2.967054379796090e+00
4.207602077764607e+00,9.134258979864178e-01,3.004767927976013e+00
7.066943803425146e+00,2.156392360669593e+00,-1.808091444551692e-01
9.732607433638993e+00,3.890421176901611e+00,-2.119009850814952e+00
8.931387183794335e+00,3.357874364522001e+00,-1.871859454912098e+00
3.424328083823768e+00,1.083090281035596e+00,2.447937761502264e+00
9.981978792878575e+00,-1.116068196161131e+00,2.586680604020147e+00
3.504663531058272e-02,3.204670074963900e-02,6.778277933300854e-01
2.762975580841509e-01,2.687347933788026e+00,1.672435642267311e+00
8.238405151711937e+00,3.775455425594730e+00,1.507532513972079e+00
1.994626868330520e+00,-3.962180718233281e+00,1.016755086869479e+00
6.076926839624086e-01,-1.151437375069465e+00,2.056341754229845e+00
2.371480732365022e+00,2.761165984135006e+00,1.164944169740729e+00
4.261001539808602e+00,-6.834823740603904e-01,2.136427878829155e-01
7.305662704334049e+00,-1.677722359337162e+00,-1.652751917733168e+00
6.243355265512055e+00,-8.867730317673042e-01,1.532394403721405e+00
2.376212175604204e+00,1.028447467863508e+00,-1.668947985259162e-01
5.032704481005844e+00,4.998051441338015e+00,-1.289361875955083e+00
9.262141053985687e+00,-7.007570895468263e-02,1.897184403298319e+00
8.150077769837576e+00,-2.915055250457395e+00,1.235988003460545e+00
3.231897848317934e+00,-3.371534247209053e+00,2.747885517273454e+00
9.822645613556963e+00,-4.576502525235857e+00,-2.102092171827486e+00
7.086204004351310e+00,5.881723491832149e-01,9.373839212166475e-01
6.244935566678178e-01,4.457209148883425e-01,-1.606990816264808e+00
3.516071328863868e-01,-2.947660732196908e+00,2.535786683474950e+00
1.684079490100300e+00,1.953294064525670e+00,-2.516419395859650e+00
7.278558680501468e+00,2.411070416296807e+00,9.811935677970745e-01
1.837389258424279e+00,-2.409017946178888e+00,1.828945528634686e+00
5.114867692088335e+00,-1.559002359702635e+00,-9.115780937543549e-01
9.326012018083174e-01,4.904716723472566e+00,2.853433707815107e+00
9.208861578301951e+00,-1.257355321492658e+00,2.203705884168027e+00
3.439606135835676e+00,2.608016717561018e+00,-1.290451281783376e+00
9.081320565606308e+00,-4.727457337006005e-01,-3.094210570636551e+00
9.448756419105443e+00,2.933448278609760e+00,-1.277640643335406e+00
6.128647313680791e-02,2.690232387826478e+00,-1.374066838772247e+00
4.641351871987320e+00,1.677560251985356e+00,2.450219892169765e+00
2.465605570689289e-01,3.547783462955792e+00,2.935008923882646e+00
9.086927663029059e+00,4.392184948776851e+00,-2.699005168703517e+00
5.184075447345759e+00,7.998332045208389e-01,-1.803599115995351e-01
7.494401269849682e-01,-2.625310927772543e+00,3.036789030290379e-01
1.102767282765669e+00,-1.013710383559250e+00,-2.557811468257356e+00
3.835090244927390e+00,2.583057135132933e+00,-7.697045940429583e-01
9.402341928728895e+00,1.508834851238695e+00,-1.149305067461421e+00
6.929091515680809e+00,-3.222016614347512e+00,2.265487557384160e-01
8.676188661891324e+00,-4.487604588535753e+00,1.012792292846771e+00
3.664566463399797e+00,1.829615935420649e+00,1.278534656501842e+00
4.321369954999832e-01,-2.489209759706546e+00,-2.282335498539159e+00
9.743176372044141e+00,-3.297562709465574e-03,1.966308402774062e+00
1.717299066236955e-01,2.467467725125942e+00,1.121812658295316e+00
9.476516530810891e+00,6.266678065633311e-01,2.444629800295109e+00
3.686774238491447e+00,-4.166974168882036e+00,-3.183309269591006e-01
1.009040502188152e-01,-3.144197632164446e+00,2.474882369784527e+00
6.891572317245083e+00,-2.806718159690809e+00,2.298226591334202e+00
9.805403040313541e+00,-2.421357463551551e+00,-3.869855779796185e-01
9.656257228375924e+00,6.540339195050429e-01,-7.467985750112334e-01
1.609370112024184e+00,3.965779825393501e-02,2.719438093231909e+00
1.812478060661550e+00,-2.968399616357911e+00,1.351919898675107e+00
5.655389146196601e+00,-4.324451565443129e+00,2.690744868607749e+00
6.373048264283244e+00,-3.285677955252819e+00,1.865947567361078e+00
7.394179136658656e+00,4.843813126186033e+00,6.867360646681675e-01
1.810503604721475e+00,-3.145305020852778e-01,-2.413668187323787e+00
9.590070867644345e+00,3.673455047021125e+00,-1.310165574313978e+00
6.387392562892379e+00,3.487524666688433e+00,2.945823723663324e+00
8.470469188705549e+00,1.151955746287374e-01,-1.134604416160236e+00
5.400657152841718e+00,2.066877084605435e+00,-2.555655025931406e+00
4.142768475898826e+00,-3.072479895872877e+00,1.304096196368085e+00
9.771829065949959e+00,1.883967049269083e+00,1.470292093966389e+00
5.821213708198361e+00,-2.276154207367105e+00,-1.348008899660587e+00
8.668735827991789e+00,3.320620967541508e+00,-1.271264446602032e+00
9.532923963662899e+00,-4.162758668910901e+00,-1.954511364014317e-01
6.753546270086592e+00,2.731386728852775e+00,-3.004688644584715e+00
5.489386785186749e+00,-4.000630934313804e+00,1.817870087730230e+00
3.510850910650620e-02,3.811892368943090e+00,-1.149265044317614e+00
4.001964073900599e-01,-1.957954818649963e+00,2.222759124721099e+00
2.008512160511163e+00,1.543933648305748e+00,1.901483018502896e+00
1.860084318559952e+00,-1.249772137972016e-01,1.014118883040851e+00
2.547587951998453e+00,-1.336968547376610e+00,-1.100343661959621e+00
3.049346376976608e+00,1.454418331834964e+00,1.025199804931534e-01
3.600654935507283e+00,4.475229805512379e+00,-3.466479980466937e-01
4.205376900688766e+00,-4.587302526253781e+00,-1.012334965042820e+00
9.886633845601467e-01,4.188528558831043e+00,2.187404817845751e+00
4.236193195278204e-01,1.090816550210135e+00,-1.036281066860223e-01
6.739444490730234e+00,3.073143007690524e+00,2.090560879438307e+00
5.373348248430777e+00,-1.161250465657224e+00,-2.480485482818028e+00
4.441442022201196e+00,-2.815702516238625e-01,-2.255507773908056e+00
6.344399411683524e+00,3.688507518011640e+00,2.999091927904333e+00
8.276794072035404e+00,-8.515203019017692e-01,5.514655146803231e-01
4.276929091162046e+00,3.465956674908499e-01,6.138466898516626e-02
6.411194650519794e+00,-4.798050769156671e+00,1.454938357192050e-01
9.535722238351587e+00,-3.414019941619577e+00,-1.789019055491966e+00
8.396244958615608e+00,1.416865079747998e+00,1.374157442132943e+00
4.260008105024094e+00,2.169769010638771e+00,-2.608900284237480e+00
6.447168378147429e+00,8.260093678449945e-01,4.607064768367666e-01
1.770709219159398e+00,-3.566899637243893e+00,4.446534629153165e-01
5.605221848950899e+00,-5.459457142216522e-01,2.602422620919543e+00
9.813282911384428e+00,-1.449052336368102e+00,1.645114477515319e-01
5.183151152025223e+00,-4.338655964911631e-02,-2.280402336082406e+00
9.276382991901473e+00,3.703290345540942e+00,4.571222095574825e-01
4.073349205032607e+00,2.758614386586519e+00,-2.567764140374214e+00
9.988448271846313e+00,-4.160104986108411e+00,-1.861118221939549e+00
5.792200352275579e+00,3.903091977745643e+00,-2.946131654496261e+00
4.226899423593455e-01,-2.823284885017641e-01,8.352604198930003e-02
5.867547966913881e+00,2.438621448859984e+00,-2.610458567199755e+00
2.745726956795966e+00,-3.599607687356479e+00,-1.923007911290533e-01
3.248132203589471e-01,1.707195257070481e+00,2.720273884765009e+00
8.208533046946634e+00,-2.636739823905421e+00,1.380801681368092e+00
2.757296369807559e+00,-6.161910285906842e-01,-2.655200759493259e+00
7.965485540464985e+00,-4.831371299178956e+00,-1.732840855793695e+00
2.882175829558670e+00,-3.483893620695240e+00,1.091153165083678e+00
1.943263538737743e+00,-4.079195068763802e+00,2.479984933903590e+00
9.739355741044275e+00,-2.602558270617416e+00,-2.934759072901402e+00
3.616453277550196e+00,-3.999819099756778e+00,1.963188360038470e+00
6.013762114431604e+00,1.919100266195619e+00,3.883880647214184e-01
6.099814928144715e+00,-4.709600977907806e+00,2.896003378907288e-01
5.604734821735018e+00,1.177405006249979e+00,2.876525063309021e+00
9.146957435212146e+00,-3.592921691744257e+00,1.555996991270225e+00
6.744410713668685e+00,4.451614571778968e+00,2.199861727536510e+00
4.037330041049302e+00,4.330940731098543e+00,-9.173728922200737e-01
8.623803845242740e+00,-2.744968974790374e+00,3.415793425719760e-01
1.810628991159644e+00,1.144212982230295e+00,7.251152567792758e-01
5.442367576104175e+00,-4.719946805275415e+00,-1.121021164479436e+00
9.505503719437563e+00,4.317885430511740e+00,4.413819865264164e-01
6.253976298804127e+00,2.298730819170967e-01,-1.654643050377846e+00
8.169684504748762e+00,-4.567768485822210e+00,-2.240736743726817e+00
6.535607255451929e+00,-1.575000069918626e+00,-7.918682151763163e-01
8.393708635378903e+00,-4.231505381387658e+00,1.503501079500071e+00
9.444878798452436e+00,-1.070555606266401e+00,2.614980973814825e+00
2.729217275327368e+00,1.699263421613231e+00,-2.656904503264581e-01
1.696610812567189e+00,-3.011009195856040e-01,8.973876996893893e-01
4.839907503325399e+00,-1.162778252805455e+00,-2.494191266153103e+00
7.018624268242158e+00,-3.808429544595352e+00,2.541320745022624e+00
2.271912531822161e+00,-2.550609543063437e+00,4.310529867132220e-01
4.101450430167075e-02,-3.998567122616489e+00,1.761417158518859e+00
3.429351158367053e+00,3.074987316566608e+00,1.850028627457614e+00
9.688593354677884e+00,-3.647601720152775e+00,-1.530077978736023e+00
6.949674606058467e+00,9.537336654889348e-01,1.833084955771955e-01
4.013254439412240e+00,-1.572595864111541e+00,2.893279609261639e+00
1.925760973468403e+00,-2.740216153448165e+00,-2.578402198555838e+00
3.560896737547470e+00,1.394684394921038e+00,1.150136429780074e+00
1.698394333012480e+00,-4.299769062305936e-01,2.904490863147511e+00
1.063058213129514e+00,-9.985453271544085e-01,-1.253010984590230e+00
9.067423725725538e+00,9.285200489222154e-01,2.271044269078402e+00
9.976503383754736e+00,-8.732371509999304e-02,2.724750717656817e+00
1.641144395957903e+00,-1.965157914484392e+00,1.552488440476264e+00
5.452255887827973e-01,5.906128776525161e-01,-1.688114000568062e+00
3.297311071462123e+00,1.694985765506946e+00,-1.043004244471118e+00
4.616591807614153e+00,-4.733068414131457e+00,-2.916596221043839e+00
2.048212470758545e+00,-3.412827109232461e-01,2.082582091427570e+00
3.014249117985584e+00,-4.423167154164562e+00,2.196671870312040e+00
2.008707356916577e+00,-3.135945859318889e+00,8.338434696908306e-01
7.742605684324513e+00,6.050873407797308e-01,-9.265948381571718e-01
7.125779432472608e+00,3.661889152655807e+00,-2.658974733293279e+00
6.349515157609817e+00,3.828056791884848e+00,1.590007856487342e+00
3.872178570792047e+00,-4.300559898613687e+00,1.423306051381186e+00
9.090409413142361e+00,-8.089491371329336e-01,2.592458102295109e+00
9.695325415350201e+00,8.300648300455125e-01,1.448475407215308e+00
1.736393126254120e+00,-3.529300954496566e+00,2.065251231651756e+00
2.230126414118780e+00,2.654322167447717e+00,1.545378441447379e+00
5.256310280003697e+00,2.442352584372388e+00,8.211318214405581e-01
9.125056928224529e-01,4.033410137067946e+00,-4.588836789493964e-01
4.364483988231128e+00,-4.915139879165570e+00,2.526577565423759e+00
5.817912647777101e+00,-2.833157560109973e+00,9.485635128548990e-01
5.220735711373331e+00,3.271867142453218e+00,-6.386523475767998e-01
3.309085830780261e+00,1.705800508269354e+00,-2.617139604501884e+00
5.424458060772068e+00,3.943898536984907e+00,-1.315040174245621e+00
9.588009542588479e+00,-4.428203454697335e+00,2.747431778158291e-01
2.060174042913760e+00,9.696396571644286e-01,-1.409724546565031e+00
6.548313583940036e+00,6.904657489367416e-01,-1.751529966123267e+00
4.339669415605185e-01,-4.643255836394676e+00,1.721185252287785e-01
6.641640448143493e-01,1.352207691248353e-01,-2.074579951397558e+00
5.518282242235850e+00,1.095203113099243e+00,1.887532096013179e+00
1.049391803279495e+00,-3.087068257978927e+00,-9.821780180786632e-02
2.234678842685733e-01,-2.266704168753371e+00,4.640934961096503e-01
1.715129976480222e+00,1.403473462977370e+00,-2.215556272098016e+00
5.648491709995744e+00,-3.169905240004169e-01,-1.102219390505162e+00
7.033409545189324e+00,3.580136575683268e+00,-5.649231810973867e-01
2.024785641413800e+00,-1.576182339908117e+00,1.936558328185523e+00
6.682594372081745e+00,-2.333403416117989e+00,1.697462346049558e+00
1.824763310992293e+00,4.848659403448428e+00,-1.740583860171827e+00
6.134574266312571e+00,4.111357701300834e+00,7.299746985547690e-01
4.119596798957988e+00,-4.710072550010201e+00,-1.611911243497321e+00
6.537995093336168e+00,2.707286153065659e+00,3.067747354905173e+00
9.950527524792474e+00,-3.896652261747970e+00,2.840778108096941e+00
9.378169652325619e+00,-4.725148051706291e+00,3.975039624379857e-01
4.281757836103628e-02,-2.263044840336511e+00,1.249741717285510e+00
8.854387643623058e+00,-2.306541209388957e+00,1.893942948630886e+00
6.649079517476653e-01,3.193187623469647e+00,1.388574025736043e+00
9.530465861598449e+00,2.106672459428351e+00,1.255560695761995e+00
2.818256790996847e+00,4.816094273320143e+00,2.881179805296786e+00
3.820348304112709e+00,2.115129003118184e+00,6.060515899376746e-01
9.163820517572785e-01,-8.174444674395209e-01,8.564149449028116e-01
1.122727583289096e+00,1.989276609452169e+00,2.194520281010154e+00
7.267405652293196e+00,4.994590671864021e+00,1.067455804751930e+00
9.443322357482916e+00,2.101418825625281e+00,1.463558828223314e+00
6.107484949543095e+00,2.616813559803183e+00,-1.670267405077502e+00
7.158500155268110e+00,4.383650151902593e+00,-8.088537709482213e-01
7.619697445971535e+00,-3.863487386883167e+00,-2.216071002485046e+00
2.628142745529417e+00,2.047842934477268e+00,3.622534256744103e-02
4.522963092021492e-01,3.508059579674489e+00,-2.781729455565252e-01
1.872743919168585e-02,4.543786002208931e+00,3.123766089956737e+00
3.506492829540186e+00,-2.890307102883006e+00,6.987445734018523e-01
2.414642281992161e+00,3.929007724244205e-02,1.799785904412855e+00
6.231772504918565e-01,1.805548476444818e+00,-1.042916581902873e+00
1.795282924936668e+00,-2.525322704986626e+00,2.083160754557047e+00
1.244988982679478e+00,1.004728632502740e+00,7.231001705126676e-01
9.148783806173704e+00,-2.424212175020006e+00,1.237739323526357e+00
1.402672134591689e+00,-1.665429794683527e+00,-1.291629515596326e+00
5.376484639876792e+00,-5.848130348913489e-01,3.056040280664960e-01
5.931059551121646e+00,2.919009874656702e-01,8.421791419712066e-01
5.434894577086338e+00,-5.063412837484940e-01,5.597983580386705e-01
9.905643421598798e-01,-6.804480212070807e-02,2.608739027256197e+00
3.187983617505512e+00,-2.014112437117074e+00,2.502420953790877e+00
5.127033246315327e-01,-3.410349059773694e+00,2.959280112367773e+00
3.956699140963160e+00,-4.526500226731605e+00,1.051981187353491e+00
1.885989312715920e+00,-3.040212775083323e+00,2.965123928656137e+00
5.616325332843798e+00,8.194364150578304e-01,2.089020884760944e+00
6.928083938491005e+00,2.861154478031324e+00,-1.439904128693761e+00
5.321198602047065e+00,-3.307524025571055e+00,-4.559351349006144e-01
4.342366966113957e+00,-3.914446422273516e+00,-1.643728763485148e+00
