4.197160830565205e-02,-2.635960410468854e+00,-2.363055536301499e+00
1.880487531469086e+00,-4.370411687220113e-01,-2.067982054264482e+00
4.060586286875667e-02,-3.155121228356022e+00,3.072942422438354e+00
7.198384613504900e+00,-1.287650655258805e+00,1.417267933680373e+00
4.255342977211996e+00,2.224325156688405e-01,-2.831965135450841e+00
3.125747270778583e+00,-4.466692101614110e+00,1.280393816716095e+00
7.617208910951879e+00,2.148704106773852e+00,-5.518330218601974e-01
8.324867746196450e+00,4.329336037107527e-01,-1.211345431259980e+00
9.752995386498799e+00,3.289590172106733e+00,-2.173600138009675e+00
6.420135846752411e+00,-2.282194988088028e+00,2.135679533122051e+00
4.615289585400517e+00,4.033211052692545e+00,-2.740465439135392e+00
3.052643016074359e+00,4.986942530304434e+00,-1.320502734866435e+00
2.223182092142263e+00,4.192984383776745e+00,-1.216532156732964e+00
2.129259504826012e+00,2.778924758331542e+00,-2.130594937542769e+00
4.091893747197988e+00,3.123688028737808e+00,5.142713840904323e-02
9.917863552879298e+00,7.374424254458649e-01,-3.068062880756186e+00
8.536974374032669e-03,-3.098461370873895e+00,-1.250507717342307e+00
1.972058972310008e+00,1.770406851477173e+00,2.724574151509001e+00
1.883929824035738e+00,2.127530020599315e+00,-1.190477826055298e+00
7.171194855322923e+00,4.853851402679057e+00,-8.767595286856924e-01
3.524847275980618e+00,4.130131625632183e-01,-1.686089746545543e-01
4.572608045918206e+00,-2.286309849749436e+00,3.876309064171086e-01
1.486241304699050e+00,1.836725217395068e+00,1.939673621337020e+00
4.049970388769477e+00,4.793758196664546e+00,-1.945769140611456e+00
1.031998119058360e+00,-3.227860917309060e+00,2.335751375173515e+00
5.330432878885832e+00,-1.740020814643973e+00,1.618230336680034e+00
9.793836538285594e-01,4.188095377268111e-01,1.398953311384102e+00
7.905083811731562e+00,-3.297853651179952e+00,-2.596183431430010e+00
5.666017175404895e+00,-4.777793604800617e+00,-3.005620188304254e+00
7.239678737735169e+00,-1.630168775587494e+00,5.906992210339421e-01
4.185163866526839e+00,3.653708015010581e+00,2.281637977863429e+00
3.814912932422273e+00,-4.565316006762852e+00,5.305613668051756e-01
9.820888904886360e-01,-7.107094098308249e-01,-1.801798480044018e+00
5.238556070428226e+00,2.622007729260824e+00,-2.572839360787901e+00
5.145021648570919e+00,4.531825969108853e+00,1.254101499709556e+00
4.681020444496053e+00,4.854753990044323e+00,1.393423748012403e+00
7.405183646824493e+00,-7.803061939125833e-01,-2.057544006809846e+00
8.325044000323544e+00,4.503842943791176e+00,-2.964467677457199e+00
7.507896749485081e+00,-4.645810267191362e+00,-5.762716821421394e-01
1.438657428068438e+00,2.459169379985563e+00,5.197369338711693e-01
6.220595092821081e+00,1.427460346336130e+00,1.294351313036167e+00
8.032310568953338e-01,-2.504781424138477e+00,1.947441927543161e+00
6.946222874404765e+00,7.318500679648920e-02,6.945271391470920e-01
3.818390965611267e+00,-3.704462622395044e+00,-2.444909242792662e+00
1.324989562662866e+00,3.715971509515610e+00,1.147194479765501e+00
8.620508569761277e+00,-1.421019144543521e+00,3.042171568716660e+00
6.140083390389374e+00,1.260444704657165e+00,2.548363102760944e+00
3.547249679475275e+00,-3.412237137127377e+00,2.335264629857665e+00
3.072717965049954e-01,-2.938351553687929e+00,-1.243001585740463e+00
5.373102590036105e+00,4.919563708031520e+00,1.575748585510138e+00
9.232258784862326e+00,2.530863944413293e+00,2.206048012988324e+00
5.963798327023657e+00,4.619718697740709e+00,1.120456588824253e+00
9.716506046194931e+00,-2.041488347879559e+00,-1.567266706180750e+00
1.364511182704585e+00,-3.354371233801796e+00,2.851522943983691e+00
5.683051045948369e+00,3.068463478830985e-02,-3.090107513212925e-01
7.981250480064295e+00,-5.331717772656575e-02,-2.326000274590102e+00
5.255407311257162e+00,-3.250534862420121e+00,-2.451837796312085e+00
9.106635598747259e-01,2.332195695814102e+00,9.268891335273768e-01
5.828860015472177e+00,-1.382224655612659e+00,-3.913818344133659e-01
6.117379058424717e+00,-3.136347690694827e+00,-2.547932957299939e+00
7.287092484753526e+00,-1.680166054567116e+00,1.510255148137682e+00
7.612115151654740e+00,6.365869963501511e-01,1.880715492988432e+00
7.707726882106072e+00,2.264709321804432e+00,1.416328179366049e+00
6.634443936389660e+00,-1.810911394251544e-01,-1.870750078708356e+00
2.158111864186582e+00,2.559498982837347e-01,1.192394356777809e+00
4.042357558394793e+00,-3.610540640572516e+00,-3.074219295992010e+00
7.761299726143987e+00,4.146909247082322e+00,-1.224516540520287e+00
9.534269834008132e+00,4.287241979920445e+00,-6.357230672630525e-01
7.894696483662200e-01,1.834265904180037e+00,2.106418703514169e+00
5.355366777971948e+00,-4.823685910659753e+00,-6.886724647145264e-01
3.125222713243065e+00,3.707421590332602e-01,-3.070784634872515e+00
2.253938943168298e+00,1.292189720886135e+00,-9.277348557545970e-01
5.058106835197150e+00,4.946542229581100e+00,-6.760089380897227e-03
6.060893405565367e+00,4.960669551947968e+00,2.821180278475675e+00
9.772231419481248e-02,3.576112353255574e+00,2.771100257532646e+00
7.802065722011910e+00,-4.361690079738865e+00,-2.005127554186781e+00
8.198821312594477e+00,4.532763907787299e+00,-1.978282622857359e+00
9.655108245679330e+00,1.126612471519991e+00,-2.115036686866128e+00
1.806437332246950e+00,3.008867704791795e+00,1.815350040666227e+00
5.945525623609480e+00,-9.280715031414646e-01,-3.103755058027780e+00
4.266253734763945e+00,-1.803305287654102e+00,-2.342514750502323e+00
3.348278515553507e+00,-3.675585451619199e-01,2.385073998121521e-01
5.656334514375047e+00,-3.531254870311731e+00,-1.586114312311858e+00
7.823830932235502e+00,-1.429338612466939e+00,-2.561299912157716e+00
2.305278344521011e-01,3.576174997682786e+00,-8.804124141168512e-01
9.694001125661867e+00,-4.620495137391185e+00,-1.418695458358360e+00
8.098815857057108e+00,-3.491219531753955e+00,6.977041553697116e-02
7.511537036455785e+00,-3.748838403505145e+00,3.011113475460756e+00
7.603873821805035e+00,-9.692445729977193e-01,-2.360563585940003e+00
3.890607096186526e+00,4.969869008908617e+00,-7.996816981827495e-01
7.516205508448137e+00,-3.266420697886173e+00,2.714241917218044e+00
3.867702086029576e+00,-3.545173504007399e+00,2.367963169552439e+00
8.987068295747932e+00,4.150557297761544e+00,-6.643146807867097e-01
1.772223833064697e+00,3.820505169659658e+00,1.250060228445822e+00
2.923474242151515e+00,-4.677596300034455e+00,-2.589570756722805e+00
5.513375426990761e+00,2.517059601793150e+00,1.335434837364083e+00
3.192110358872725e+00,1.554657014764295e+00,2.971052738284827e+00
4.242372452952734e+00,2.677408098527090e+00,2.355450110810953e-01
4.924226893985947e+00,-5.497545204077880e-02,-9.486183314545205e-03
8.563533488135086e+00,4.913792184482956e+00,-1.964635054517590e+00
5.231922536086929e+00,-4.561529812890369e+00,8.406160456483165e-01
3.624598486145605e+00,-2.656284135961942e+00,5.682341938113527e-01
2.477361640351158e+00,-1.034540130263849e+00,9.546235669728782e-01
4.086759787921972e+00,-5.022205843429681e-01,-2.977706529929396e+00
5.157361044143699e+00,4.213674026995186e+00,3.061387061094347e-01
7.461148572032363e+00,6.000436407725882e-01,5.964932138020878e-01
1.210487761723387e+00,-4.548890044796061e+00,-1.837642355967084e+00
2.216091882391509e+00,-9.213703657433818e-01,-1.832598704415085e+00
3.796540158686732e+00,-8.350958763093006e-01,-1.406062715625738e+00
3.603984051195146e+00,4.654909384377849e+00,1.330285994353254e+00
3.917480876052117e+00,9.919709102110819e-01,6.676893690384103e-01
7.935212646403246e+00,1.356510711589388e+00,2.172490777858925e+00
3.241544029621731e+00,2.132530312512708e+00,-1.283915059043538e+00
5.018981804026646e+00,2.700393156821232e+00,2.589099979448279e+00
6.239070328578965e+00,1.350510702024891e+00,1.531250976242966e+00
2.321785501836051e+00,-2.628056488660645e+00,-6.596611323952613e-01
7.186953871475389e+00,3.740459143411641e+00,-2.543043442520351e+00
5.471113197382810e+00,2.321198004106302e+00,-1.526916681263245e+00
4.467811630313781e+00,2.418704850969559e+00,2.869959351190961e+00
8.097840267383138e+00,4.965567392347491e+00,-1.191522050348291e+00
2.434952591851820e+00,3.025265348633159e+00,-1.068763787956753e+00
8.831759706143231e+00,3.291514031551532e+00,-1.950370267312735e+00
5.610487353667038e+00,4.514055157101584e+00,1.927999188574314e+00
6.091748793796582e+00,-3.488660001511061e+00,-1.409668876122689e+00
8.750589641689428e+00,-2.272623521932182e-02,-1.066518879863733e+00
8.175826878493361e+00,8.056702359078756e-01,-5.381667066345428e-01
6.015620688219004e+00,-1.707242707775424e+00,-4.163974988016883e-01
7.531877038481741e+00,3.394033438945055e+00,-5.570622430104910e-01
4.333194902328969e+00,2.624196216457234e+00,2.352233177305108e-02
5.473777534997462e+00,2.208830745081240e+00,1.976142704124527e+00
6.207013670851114e-01,4.971494397581669e+00,2.006127076792509e+00
8.985791800004683e-01,-2.406186265916095e+00,1.874356699000559e+00
8.294254041863320e+00,2.354572516754213e+00,-2.506206550262180e+00
5.967165568249666e-01,5.140447490590061e-01,1.882937453609474e+00
1.693991256326073e+00,-1.870108175061239e+00,-2.386028477256646e+00
7.958326589504416e+00,-3.394131292768741e+00,-2.357930094141401e+00
1.145950628256287e-02,3.958838370675471e+00,2.814004786369512e+00
2.824043288458643e+00,9.545548270784536e-01,2.006835844998685e+00
5.840386578266218e+00,3.249338376407946e+00,3.293046753674944e-01
5.954499314692966e+00,4.534498400154483e-01,2.356007279405429e+00
7.771529082294736e+00,-2.800229193459804e+00,3.074768731935055e+00
5.059262544921705e+00,-1.624511868996747e+00,6.951846074167696e-01
5.094018695309703e+00,-1.184611575264535e+00,7.093618004458144e-01
7.253105755407004e+00,4.729348125037022e+00,1.598612171367011e+00
4.986244632662835e+00,-4.943667216186175e+00,-1.683020598863872e+00
6.084910865636168e+00,4.856660230245071e+00,-2.091516179230450e+00
8.977740682550511e+00,4.804616351098307e+00,1.630993954521361e+00
4.014510076123719e+00,4.961507905301366e+00,-9.744919133070620e-01
3.851250709192222e+00,-2.341182108036532e-01,-2.292920575412837e+00
3.548991864771311e-02,4.638089696209995e+00,-1.163157552545267e+00
6.134262615212319e+00,-1.044008181501726e+00,-8.882107547473543e-01
2.977190740713198e-01,-4.737055593316133e+00,2.923111594699703e+00
5.041484897283163e+00,-2.756528136282355e+00,1.243817548121155e+00
8.042337890322266e+00,4.452962449373846e+00,1.938759601196782e-01
5.499210705196631e+00,-4.862353066646000e+00,2.946016815901720e+00
2.696361652166760e+00,4.599413542297501e-01,2.533001694087564e+00
7.861684214493713e+00,-4.243984111053209e+00,7.540360595165740e-02
2.697170040825388e+00,-2.136034215724215e+00,2.548960324422617e+00
7.330317809458987e+00,-4.119071492881133e+00,-6.012715664262425e-01
6.102584551902313e+00,3.595286211130563e+00,-1.693816914550505e+00
1.699962967480012e+00,9.107070964770578e-01,-1.679632551679934e+00
9.051338748441857e+00,4.021064657183128e+00,1.019858518301920e+00
2.006436829571957e+00,1.883531995402283e+00,6.725023341933589e-03
9.895870741406698e+00,4.710291312450996e+00,9.987176264683733e-01
7.310488654940772e-02,9.877654760406607e-02,1.169149764671340e+00
2.634833771429030e+00,1.387105817628745e+00,-3.001333906584816e+00
1.998602972741989e+00,7.630881988905660e-01,-2.802051880943479e+00
1.399341017046263e-01,-1.573957055338724e-01,2.053202115901729e-01
7.323679001473156e+00,3.459593654230126e+00,-1.941281346577645e+00
6.934258020995962e+00,1.445251356703602e+00,8.327342288571917e-01
7.923509643549305e+00,3.013122648554727e+00,3.278926696013222e-01
2.566985464645652e+00,2.863639366024132e+00,5.388482236544396e-01
4.443351670829699e+00,-3.089548393447047e+00,-1.241209454958166e+00
6.591135216215474e+00,1.501635325176437e+00,8.786626639497568e-01
4.397685038881436e+00,-3.003519808186659e+00,2.070263292386561e+00
6.973257703179158e+00,8.332047824377087e-01,3.129473982499262e+00
6.339734084404421e+00,1.774346844463005e+00,2.126508794494670e+00
1.146478030221765e+00,4.972350715875869e+00,3.612753620020959e-01
7.810431210769680e+00,-4.694580218502616e+00,-1.926238685172543e+00
7.206763590925183e+00,-4.087576058862791e+00,1.140058062884385e+00
6.558343876174053e+00,-4.229733036287685e+00,2.749859835049414e+00
1.550936062710023e+00,-1.016387137332599e+00,-1.810395924060811e+00
2.679964487953637e+00,3.215883614858138e+00,-1.533124731994883e+00
3.931770315876004e+00,3.440563327871356e+00,-2.205344362981475e+00
2.799296216564434e+00,2.369795957211517e+00,1.487365953124809e+00
2.278102906761315e+00,3.968782418299476e+00,-5.870913888134144e-01
8.053576701617757e+00,-1.771400558305475e+00,-2.747664336514628e+00
6.382322463602024e+00,-4.118453557477009e+00,2.355880277458839e+00
5.654721315502504e+00,-4.418469720101498e+00,3.623632642642280e-01
2.259527108532539e+00,3.521327196193862e+00,-1.061265862802130e+00
9.180765622686414e+00,2.304362943536913e+00,-9.802838724828016e-01
1.911830390973163e+00,1.986153060111208e+00,-1.317890451495341e+00
7.949509328246771e+00,-1.603236614543312e+00,-2.797263267007208e-01
9.666726667052931e+00,-1.200948113817738e+00,-1.023897268574081e+00
7.270927292242360e+00,4.581135288993192e+00,3.012555132700179e-01
9.928587751846297e+00,-4.361952559020650e+00,1.718559580731128e+00
6.510511169779467e+00,2.737317369377926e+00,1.096172572809381e+00
2.174603436038950e+00,-1.903666762916068e+00,-1.291465431439369e+00
2.038194937165113e+00,-4.609453815874439e+00,1.805851014202200e-01
3.245642842554763e+00,2.425701107424560e+00,2.137075690548069e+00
7.130020221006061e-02,-1.690881143216254e+00,-2.713040241596258e+00
6.816984700828346e+00,2.221475187427966e+00,-2.649636416065356e+00
2.686677846278276e+00,2.076543831181201e+00,3.529269462734885e-01
8.151832322927529e+00,3.478687543311505e-01,8.740861307052130e-01
3.591726505593003e+00,2.773731292105488e+00,-1.813245499120106e+00
4.799564934633127e+00,8.103832417124348e-01,1.540763497052863e+00
9.656889165603692e+00,-2.133631471517393e+00,9.189999016007668e-01
2.421721230472771e+00,2.341153010644190e+00,2.659604910869033e+00
7.212540974297395e+00,8.913981587772355e-01,-2.080022094885981e+00
7.551177893054172e+00,-4.872727183100794e+00,1.579431090700515e+00
2.209981575236352e+00,4.016441777703093e+00,-2.616047615789919e+00
5.009968366121957e+00,4.564361832431345e-01,4.102443081532061e-01
3.502019253129683e+00,3.686272654795317e+00,3.260667780150679e-01
7.719062434000891e+00,3.827368389822446e+00,-7.012974475371050e-01
6.224833190290374e+00,-5.503334326491149e-01,2.165004372309149e+00
4.759830548605470e+00,7.659996451230988e-02,-3.114131082487420e+00
7.793632650477182e+00,-8.424561232439807e-01,1.267909215164575e-01
2.351555700084170e+00,-5.056322469195447e-01,-1.777176659863454e+00
7.536218805843591e+00,3.951471589717277e+00,1.529946945950890e+00
8.653743120928244e+00,2.881440139679111e+00,-2.870992033405284e+00
8.786215968075725e+00,-3.734743236844220e+00,2.083219545308998e+00
7.836735930196038e+00,1.103077815400959e+00,2.124296111316747e+00
4.080141669982687e+00,4.959066403863423e+00,2.091458838393147e+00
9.818080227178269e+00,9.555070123248575e-01,-2.182976328085046e+00
3.795936438224399e+00,2.858716255931055e+00,8.193683213831995e-01
6.386253991024256e+00,2.690614733811709e+00,-3.051319873465748e+00
1.610741780694687e+00,-1.496824741276714e+00,2.186313441036436e+00
9.804488986363927e+00,-1.281506972960411e+00,1.400994459718889e+00
7.039859218646632e+00,2.240764217904032e+00,1.957446642500109e-01
7.533775452463684e+00,-1.646839516489251e-04,1.448848704394149e+00
6.577670341114461e-01,7.057070913038803e-01,-2.548936875394391e+00
7.634178142206718e+00,2.129057903648376e+00,1.800499036986274e-01
7.747234292206013e+00,2.775750270390502e+00,-1.311448479881888e+00
6.717727263622298e+00,-2.284834222669287e+00,2.969555667209686e+00
2.919096137903436e+00,-3.532062405630371e+00,2.243838260290184e+00
4.896900421608815e+00,-2.082053532762748e+00,1.465714424586138e+00
1.104343713087165e+00,7.538325092075482e-02,2.725316768825006e+00
4.715870664591526e+00,-1.578586827029609e+00,-9.623118984503942e-01
2.438238526004048e+00,6.836275884759377e-01,2.518802691266177e+00
3.490969864940821e+00,-4.465342758743716e+00,-1.098060572283847e+00
1.626004084036986e+00,9.750411613767263e-02,1.462704928723057e+00
2.300543677468970e+00,-1.320150930622921e+00,1.485451266442557e+00
7.656864182011625e-01,3.466675489288242e-01,-3.026296979464872e+00
9.199013664369213e+00,-7.746664511502317e-01,-8.729876623535429e-01
5.304106879754034e+00,-2.157741493624576e+00,-3.019493571833485e+00
3.967419712627397e+00,4.041079054576358e+00,3.123321261364970e+00
5.350292127687839e+00,-3.152350115786431e+00,-2.373807755079402e+00
6.282932284815526e+00,1.813655755805597e+00,2.689887905233994e-01
9.218787933693491e+00,4.246447125824140e+00,1.825618690302766e+00
1.786929522863133e+00,3.866995968543305e-01,-1.877016144994117e+00
2.955524986352176e+00,3.764084885794821e+00,-9.391685620406287e-02
9.757893363441147e+00,-3.751485215667156e+00,6.749948121882836e-01
3.711929866485244e+00,-6.211229743591851e-02,-2.134996494631388e+00
2.256165075732763e-01,-4.297471951906058e-01,1.750215572950831e+00
1.476434926371588e+00,-4.918811929630051e+00,-1.260806223874382e+00
2.633870174855202e-01,-5.674265864066550e-01,-1.815695560861755e+00
9.899231424207285e+00,-1.309702436174022e+00,3.662389951894944e-01
2.788708489912231e+00,1.697987277746154e+00,-5.635160970481299e-01
9.235427569362260e+00,4.383297785765185e+00,2.640734472153633e+00
9.958862757597158e+00,-4.142089117379635e+00,2.388004361125670e+00
5.998412211431142e+00,-1.725236132853769e+00,-1.046108671692560e-01
3.319631506556175e-01,-5.593526260574810e-01,-8.842717828320419e-01
8.159163038692696e-01,-4.481462196561665e-01,-1.096302854181473e+00
4.815890551078778e+00,2.748097208422537e+00,-1.460440828308329e+00
4.061720129114859e+00,-5.660433416655923e-01,2.799024199126228e-01
6.061773057817677e+00,-4.728386985463466e+00,1.916237088272214e+00
4.388478097113639e+00,2.101040945928313e+00,-1.189051298816236e+00
9.340768492714844e+00,3.848296951456717e+00,-1.947196262279961e+00
5.347397154135111e+00,1.390471254967283e-01,-1.540397887771396e-01
6.937260614624422e+00,8.110852169850533e-01,-2.707836620276983e+00
8.964852726424965e+00,-3.370635610309539e+00,1.264673293957884e+00
1.468718758332074e+00,-2.793540553210430e+00,1.153483890935991e-01
2.297346541185286e+00,-2.648297608753882e+00,-2.277775328066722e-02
1.073186604740151e+00,-6.925802511870476e-01,-1.253838659191098e+00
1.396383992299123e+00,4.281452208956422e+00,2.542638196905264e+00
5.125839669342332e+00,2.178476671488605e-01,-2.573050514139520e+00
3.211792589674640e+00,-3.079023547986473e+00,2.323672778881249e+00
4.231728395267549e+00,-2.339122641310504e+00,-7.746840606319561e-01
9.824898317940619e+00,-1.159849702728157e+00,2.391528083141295e+00
1.567043477959481e+00,1.232589756927994e+00,1.437350633843008e+00
5.408120707980756e+00,-5.996684699599459e-01,-2.487068674388653e+00
9.887115505365096e-01,-1.075551558230750e+00,2.083103924192453e+00
3.184963132638786e+00,6.472860039899473e-01,1.144650804809229e+00
5.275259236745987e+00,-2.581650050455345e+00,-2.938633748966281e+00
9.466317459653377e+00,-4.210967274154179e+00,-2.301513925827812e+00
3.912282212834830e+00,-4.755856851777779e+00,8.521762076681725e-01
6.490669621466982e-01,-2.487408365328729e+00,1.021649090637418e+00
3.881614479603170e+00,-4.084079658555313e+00,1.549756658799970e+00
1.457411758739777e+00,-1.636593614792332e+00,1.383842666123246e+00
2.299896132914453e+00,2.729335403597556e+00,1.002293435384215e+00
6.180906231649904e+00,2.162943304868383e+00,1.672828355652752e+00
6.742386620368168e-01,1.109276227880288e+00,4.717774040421649e-01
4.647237562500374e+00,3.525002438794788e+00,-1.502992051823531e+00
6.094615860107644e+00,-2.179323754557233e+00,2.591038680417320e+00
4.218583923674969e+00,3.850537530299658e+00,-3.027150522053475e+00
1.912635062373036e-01,-1.007608303308208e+00,-8.384174411187666e-01
9.855193569028653e+00,-9.910668173337349e-01,1.438034462837982e+00
3.671157673405353e+00,-9.464838637447848e-01,-4.576920919651606e-01
7.785771869332669e+00,-4.019056337590186e+00,-2.985553469398857e+00
3.256464921874533e+00,4.754904983310556e+00,-2.727022412575563e+00
4.750167569934188e+00,-3.614932221748408e+00,9.339161338675233e-01
3.884636426109966e+00,-1.591142755308155e+00,2.920830420811303e+00
3.425392295096077e+00,-1.806996796732428e+00,3.258688346522365e-01
2.185137720777874e-01,-4.253205671832903e+00,4.246062291553931e-02
3.600209378545035e+00,-3.477398698881233e+00,-1.141496352009843e+00
8.894899903995301e+00,-4.551416638146142e+00,-1.528757583064518e+00
6.903933385936837e+00,-2.075955064394865e+00,-3.009740124547273e+00
1.454228590954398e+00,3.666569240289064e+00,-1.426566639708036e+00
5.911550046227392e+00,-1.605577942626155e+00,-3.197485302442926e-01
8.922308599488716e+00,-3.763081679326208e+00,-1.897837485177243e+00
7.000340409648555e+00,1.456938683839180e+00,-2.592769055751585e+00
1.486843923566967e+00,4.966009120549105e+00,1.368024536497666e+00
8.678324967344967e+00,-2.676762104680725e+00,2.479472276523734e+00
3.015440132888654e+00,-2.204289946294305e+00,2.744319850844315e+00
4.540761443123418e+00,4.718470542807886e+00,7.414078771581565e-01
5.261427596891464e+00,-3.212237124495129e+00,-2.810000171609450e+00
8.505066043781952e+00,1.121406745916387e-01,1.513384537624448e+00
9.316074951476610e+00,-2.603478669839051e+00,-2.449843449178857e+00
9.296528777905561e+00,4.323518979012439e+00,1.066558878977527e+00
7.954181278540640e-02,4.815210145762940e+00,1.755307314498999e+00
9.218884855854572e+00,3.146978461200154e+00,1.419149832475259e+00
5.438696600157233e-01,-1.852161841871895e+00,2.839269688910730e+00
2.657736568174354e+00,-9.651252471949503e-01,1.496317235524913e+00
5.149878547278329e+00,-2.576943163335787e+00,1.213972838218729e+00
4.799256890043941e+00,3.907579670089914e+00,-1.497011799874348e+00
6.047097938873920e+00,4.145582776881581e+00,2.668900369564031e+00
4.794462287370058e+00,-8.112933775395277e-01,-2.013485242621734e+00
9.343756796404207e+00,1.565330699030019e+00,2.544040440134749e+00
2.405488482145870e+00,-3.344468202253061e+00,-1.177075955133368e+00
2.740246940384858e+00,-6.506409963659099e-01,-2.323750673007934e+00
9.207379356930561e+00,1.314991066734976e+00,2.052609997055168e+00
7.673951374525623e-01,-1.145968814819804e+00,-3.125913256190315e+00
6.095608219048099e+00,-1.424004743135401e+00,2.086572438338182e+00
6.817359520656108e+00,-4.990010077330574e+00,-1.493438741747305e+00
5.055417234297394e+00,3.042934637771141e+00,2.417275048337550e+00
6.942318788231372e+00,3.893376120214482e+00,1.203099184491053e+00
1.727546460119670e+00,4.694635295458321e+00,1.044160675264962e+00
8.526322327715398e+00,2.192713850692155e+00,-8.462221418871843e-01
1.400256894698856e+00,4.879231236988453e-01,-2.768352760836528e+00
4.008124443157497e+00,-2.307154801912906e+00,2.073910440940528e+00
7.525760130820580e-01,4.992994759634984e+00,-2.067772438795403e+00
5.452110788174002e+00,8.975285453210553e-01,-8.026226243660588e-01
6.697458074256391e+00,1.811540723304462e+00,6.305470854972905e-01
9.412216350952905e+00,1.824061619553177e+00,-1.115030491332694e-01
7.393361958960009e+00,3.452517957571814e+00,-1.893371069566403e+00
5.411029164541511e+00,-4.903274611530808e+00,-2.258074026077906e+00
9.326170171703337e+00,-2.797530595686282e+00,-2.367213486622112e+00
4.784368380408766e+00,1.655340001700139e+00,2.280845787426168e+00
5.612056530988694e+00,3.951457368245677e+00,-2.943298158626408e+00
5.960985276700957e+00,1.853387819213562e+00,2.997168987233205e+00
4.099797258865668e+00,-8.650870850631982e-01,-1.894200103106554e+00
8.384826905658242e+00,-1.384445041297384e+00,-2.448417218784865e+00
1.851759388450591e+00,2.379480082833204e+00,4.836271703628587e-01
5.548421903716080e+00,2.412376971371934e+00,-2.639026057876124e+00
7.222332561871941e+00,1.070579925056903e+00,6.437328377821032e-01
9.039761718765773e+00,-2.085329759026630e+00,2.203052182998570e+00
8.839183964342784e+00,4.251548183905436e+00,-2.840640508862697e+00
5.087402894301420e+00,5.187994211863911e-01,1.884130010058194e+00
6.431614511633416e+00,2.904923562483306e+00,-6.630177923971425e-01
3.942377361293010e+00,-2.856917378381683e+00,-2.139483446468775e+00
4.681777628802003e+00,-1.559592113852721e+00,-2.035145836127255e+00
9.062657925730495e+00,3.745795163873424e+00,2.631175228107326e+00
9.307039931924740e+00,-4.498929700600316e+00,-2.446636218106660e+00
8.954140580670197e+00,1.231531125666212e-01,2.304564218931475e+00
1.383708618136382e+00,-1.829452015599102e-01,2.779971524859768e-01
8.500840213306361e+00,2.512301889080821e+00,-2.896195444695764e+00
9.483637310214803e+00,-2.181062294006676e+00,-2.232029592832085e-01
3.612496945736047e+00,-2.809331781404005e+00,1.994594125128786e+00
5.186462894216692e+00,4.261328387732338e+00,1.421274031737060e+00
7.790952558129959e+00,7.170965195846479e-01,-7.048214838545830e-02
5.620781375656487e+00,-3.953104317163455e+00,2.262260113959049e+00
9.934835217062494e+00,-3.069638377856789e+00,-2.385318550870083e+00
4.557133651568284e+00,4.988260595142483e+00,2.575735603484654e+00
7.139427112073776e+00,-3.043910037478076e+00,2.176754310944117e+00
7.925911401965442e+00,1.104755113536787e+00,1.308641890795550e+00
4.941004157584395e+00,-7.987192100438190e-01,1.997347590675851e+00
8.569838057113758e+00,3.855990948498354e+00,2.753009488204654e-01
5.461545912071965e+00,2.551685922953277e+00,1.100578000876347e+00
4.116507968016315e+00,9.695139626181586e-01,3.807489075145458e-01
1.078236738519470e+00,-4.892610182020175e+00,-9.083693329498148e-01
3.934135763504242e+00,3.797952074934596e+00,4.326651502204215e-01
7.339364547332842e+00,-5.533252916128371e-01,-1.523890259117091e+00
9.212864116801073e+00,4.315776530185765e+00,-3.752370363057600e-01
2.516794038603103e+00,-4.460987145798789e-02,-1.377428740074869e+00
3.552355173305026e+00,1.942244891827255e+00,-2.369465900414215e+00
1.539609941044262e+00,-4.307073505333578e+00,-1.119274966579189e+00
6.907228942289688e+00,2.451516535267858e+00,2.211600917613566e+00
9.601884300099252e+00,-1.620039686880771e+00,-7.471915546413839e-01
6.409522198481755e+00,-1.486409856682191e+00,1.558252883328122e+00
6.170765300062263e+00,-3.813441552906101e+00,-2.040792069991188e+00
5.534899305004339e+00,-3.531428513597977e+00,-4.748884286221533e-01
8.845574068553652e-01,-3.142409437937899e+00,-2.419930686302612e+00
7.295038264293837e+00,-1.717938314285776e+00,-2.270610824973572e+00
6.020495435493508e+00,3.919699127756054e+00,7.378745366536430e-01
6.614767688562870e+00,-1.317397617699196e+00,6.753281761845851e-01
8.988110930274216e+00,2.243627065632184e+00,-1.800937420332839e+00
7.839607870610179e+00,-4.172524961101286e+00,-1.607038098492071e-01
7.809152521545260e+00,9.109879927199263e-01,2.282719970363575e+00
9.271837688793475e+00,-1.810876872956051e-01,-2.047052293785199e+00
9.899349514629996e+00,4.779579469545045e+00,-3.020889314439197e+00
5.812827319610596e+00,3.462077698789630e+00,9.550136345800517e-01
1.088816160311658e+00,-4.517022756135027e-01,-2.805453498566532e+00
4.591299077754364e+00,2.751427640453388e+00,3.015553455322658e+00
7.876011464616443e+00,-3.069612587062225e+00,6.887645565339855e-01
2.772532476184919e-01,6.233632739177803e-01,-1.860052008496820e-01
5.688743835614907e-01,-4.253809444312918e+00,-4.398698439122386e-01
6.715778238282133e-01,-1.519109677483169e+00,4.591164879795202e-01
7.310357583283108e+00,-2.741378183778297e+00,-2.572182524317912e+00
5.011666285631721e+00,2.189098153252109e+00,2.701889432181850e+00
3.688979435205936e+00,-9.909308785638515e-02,7.894323990888088e-01
1.056170452617360e+00,2.510704788480105e+00,-1.985621660563957e+00
7.322402502058891e+00,1.529543763144563e-01,3.932083575219454e-01
3.210198105508997e+00,-4.135155578483615e+00,-2.304317334053724e+00
2.653240700646672e+00,2.353676497325267e+00,-3.031305676526333e+00
6.523192015535510e+00,3.332292639878055e+00,8.200624038339677e-01
5.590108925968417e+00,4.035312259127926e+00,9.329483519993103e-01
3.624106418133016e+00,7.199194530670816e-01,5.258811393315601e-01
6.414874708055881e+00,2.535853589994951e+00,-1.988733679840667e+00
2.712215203841182e+00,2.520443368826271e+00,6.498689672179840e-01
7.948302616043268e+00,-3.442502402010557e+00,-2.786523939877957e+00
2.293189503076539e+00,-3.357793125404292e+00,6.863648307099615e-01
1.588376953820156e+00,-4.291144941908739e+00,3.393989407946294e-01
7.824394094988749e+00,-1.800863648596986e+00,9.754948719968821e-01
7.078920306979332e+00,-2.649141225893548e-01,2.484846515411387e+00
1.826389757017984e+00,4.978978527542170e+00,2.201364899092336e+00
1.162457526899380e+00,-6.900665793183052e-01,3.020039354260025e+00
8.383990884866922e+00,2.262425885073709e+00,2.992310660823118e+00
7.765984821966880e+00,1.933970262725346e+00,1.711035096261613e+00
3.272573736996642e+00,-2.955180497494204e+00,2.867769063975559e+00
6.581974082133667e+00,-4.414928485505635e+00,2.307712715382293e+00
1.241601865478108e+00,4.600675153358749e-01,1.429942705352028e+00
5.070476590476781e+00,2.003055923144760e+00,-2.667939412419466e+00
1.873029206041987e-01,4.982517901862559e+00,-2.833403116293634e+00
3.916018809215554e+00,-1.413889477188293e+00,2.121200642262439e+00
7.484282147140509e-01,3.963645620810967e+00,-6.499416183592244e-02
4.751471801568825e+00,-1.180675441308136e+00,1.976732096804988e+00
4.216816468528943e+00,1.894117084305128e+00,-1.175469173060874e+00
4.443850266380560e+00,9.825293051705195e-01,-6.430849063725947e-01
4.533130204799407e-01,-4.470212066974031e+00,1.257810264154630e+00
3.616163412818324e+00,-4.216115730297415e+00,2.609574851170569e+00
7.564838490999165e+00,-4.792359102755390e+00,-2.590171046607641e+00
3.689143733536201e+00,-1.291659154060105e+00,2.271234167234695e+00
7.151719526095807e+00,2.458010487660108e+00,1.841053247778683e+00
3.694787236337333e+00,-3.272446060092773e+00,-1.159000943901809e+00
4.232394414901864e+00,1.058529683838958e+00,-9.097008428122972e-01
5.638921128292661e+00,-2.111722199689221e+00,-2.849666582559232e+00
9.506819368070826e+00,2.969926239790722e+00,-3.042691477095203e+00
1.088604466466552e+00,2.983961490029909e+00,-1.444747690242605e-01
3.291376866117368e-01,2.754145149664236e+00,-2.541299356747945e+00
6.079571838100452e+00,2.483351380137675e-01,-1.922643303689946e+00
9.490970889284263e+00,-2.154332899201483e+00,2.178802573077744e+00
9.897231325547150e+00,3.094440438786346e+00,4.462845442974461e-01
4.841642473920018e+00,-3.138994380607585e+00,8.396373663930414e-01
4.680816210850985e+00,-2.102403979713440e+00,-1.963625276706812e+00
6.449637707451962e+00,-3.160522938393784e+00,2.065043020779139e+00
5.556347572049698e+00,1.742101603876477e+00,2.312085099532710e+00
6.340880576141181e+00,1.862360281158181e+00,1.465715940696493e-01
8.739994255378942e+00,1.525099927867530e+00,2.592176930630743e+00
7.463061694876093e+00,-8.439853313533217e-01,2.166622149809568e+00
4.968773916867955e+00,-3.998289927985668e+00,1.453452668076244e+00
4.618644590001696e+00,4.111695845150212e+00,1.470742354250815e+00
6.396017485131161e+00,7.730964012238140e-02,-2.479385926589114e+00
4.557062844202974e+00,-9.302780508890853e-01,-1.439879640885649e+00
4.577793512656399e+00,8.882489324829326e-01,-2.721579184205567e+00
1.630590178650482e-01,-3.072095641808942e+00,-3.087047007330499e+00
1.740641374073084e+00,-3.674512208951256e+00,-2.146904532011924e+00
4.885136399957530e+00,-9.447477854205646e-01,2.390671475577410e+00
8.226534590503691e+00,-2.727793059000895e+00,-1.634419490280945e+00
2.787270067271241e+00,-2.557097054628354e+00,2.954064469868567e+00
5.226434331311490e+00,3.925114877785294e+00,6.112973789637861e-01
3.449620847592322e+00,3.075917718582488e-01,-1.650853610079857e+00
1.048039895395890e+00,-1.653093567664889e-01,-1.802769339140520e-02
9.582984830713006e+00,1.894795937285974e+00,-1.764979282721312e+00
8.546738702503017e+00,4.515481136767397e+00,3.040895549834916e+00
7.849242446690641e-01,-3.878014355294359e+00,2.181930244569624e+00
7.197872624682846e+00,3.335345671092572e+00,-2.976729481434474e+00
3.475799043575002e+00,8.401917986784593e-01,2.813459781823599e+00
9.948498070617926e+00,-3.538346461881627e+00,1.388993034135580e+00
3.023985198289777e+00,-2.028506813110083e+00,-2.623975981302638e+00
2.387384453625999e+00,-1.763858353526047e-01,1.072148580568561e+00
5.678905483054052e+00,1.911771445774230e+00,9.231676698904074e-01
8.351261633432042e+00,-2.573929830465478e+00,-1.766902420555335e+00
1.925188718197980e+00,3.487881546758986e-01,1.623868508176649e+00
7.094027697193312e+00,1.846716274158617e+00,-2.594548988959808e+00
6.140658314112168e-01,-5.125924915249378e-01,-6.631788220776702e-02
9.189347431104974e+00,3.630259611201758e+00,-3.079243304142580e+00
8.107491614729878e-01,3.694591028404044e+00,2.945164503147725e+00
9.142313763441624e+00,-2.930878235955428e-01,1.580620915001412e+00
4.908072494527028e+00,4.729257104088996e+00,-2.143495622648470e+00
4.480911127959199e+00,-4.244149075945527e+00,-9.947913459232010e-01
9.733070795003766e+00,-4.966376216770634e+00,-2.132749480459642e+00
9.903841776982190e+00,-1.193317361960809e+00,1.675206933254790e+00
6.501781259610119e+00,1.010970613725092e+00,-2.771536127015506e+00
1.271192918570485e+00,1.292001574496608e+00,2.138838096704071e+00
5.061700856552025e+00,-2.355426370617142e-01,2.778401539061264e+00
5.291631009556625e+00,-3.751166867593538e+00,1.109786095077900e+00
5.144464281353097e+00,-3.295024782121057e+00,-1.803491267203893e+00
5.694918385200097e+00,3.521479838520092e+00,-8.790798543132015e-01
1.872471379439067e-01,3.679111317392612e+00,-1.430060841900911e-01
7.112272814705024e+00,1.738985378607202e+00,6.573768314682118e-01
7.123943019529881e+00,1.642179722788823e+00,1.059741447768306e+00
1.154697751778879e+00,9.768212802780756e-01,3.406411027245282e-01
5.702394424458007e+00,-2.970741142980118e+00,-9.342221880742567e-01
5.683611824357746e+00,-7.174929974009681e-01,2.456205713567999e+00
6.824504201904001e+00,1.958946514633787e+00,-2.630191270530250e+00
8.539769213508108e-01,3.725227200333867e-01,-2.120194641835371e-01
6.265033072660964e+00,-4.814196659449008e+00,1.731424944234191e+00
2.807519507463412e+00,4.535568067200984e+00,-2.759118417422002e+00
5.070029904961720e+00,3.448160525721434e+00,1.290159217315303e+00
7.733235527040767e+00,-2.394549858902622e+00,2.008807370618234e+00
7.056459363630133e+00,1.164589351662961e+00,1.010532851839788e+00
1.189030176779934e+00,4.232393837281878e+00,-3.060307762124711e+00
5.911847871160733e+00,-4.039889878863486e+00,-2.009758331433704e+00
9.691165309407385e+00,3.029480796700668e-02,-9.920327829019175e-01
1.567694373350023e+00,-4.375697415370547e-01,-1.673274855234549e+00
8.529070877254149e+00,-8.979499471646770e-01,2.906929129812162e+00
7.025480805537770e+00,3.355886088929250e+00,9.524926538176324e-01
7.740033129097597e+00,-1.193538533025427e+00,-1.275669097699351e+00
2.819583271426454e+00,-4.363366667589924e+00,2.699869010146547e+00
2.878889293798425e+00,-4.341622578356975e+00,1.511697939141412e+00
9.060194557764881e+00,-4.572553934753910e+00,-1.353352801920775e+00
3.598320320925587e+00,-9.085457812596278e-01,-7.610095435622841e-01
6.301539069281048e-01,2.184062776983600e+00,-1.888544181266772e+00
6.005967035794501e+00,-2.962775380694845e+00,2.959845224498154e+00
1.248176690418427e+00,1.464685204315495e+00,1.086770888422000e-01
7.965962414079081e+00,1.870884721037042e+00,2.488497559697554e+00
6.417464425010574e+00,-2.447978759844021e+00,-9.644703833956445e-01
8.747265052212082e+00,1.005576560606293e+00,2.267234658801187e+00
7.848372497826352e+00,1.848683400268474e+00,-2.803011599302023e+00
1.121136483381961e+00,-3.338637719787432e-01,3.029062799802148e+00
3.810706764344223e+00,-1.632834027199049e+00,2.588888280996688e+00
7.745602499145873e+00,1.191515515743273e+00,-8.595212474447562e-01
4.173414732663257e+00,4.778470873280568e+00,1.726130272661114e+00
9.723654847799782e+00,-7.315859063102188e-01,1.584983297239932e+00
7.357404498934493e+00,-1.082649037148790e+00,2.521158245592466e+00
1.549991669032103e-01,-3.573309757388667e-01,-1.211052670603506e+00
8.799856915608364e+00,-4.237816065549518e+00,-2.166441960017660e-01
1.008047848685576e+00,5.316327967139003e-01,2.293360203052593e+00
1.405237241800859e+00,-1.713026127827364e+00,1.750366333104498e+00
7.344924006110509e+00,-3.785778776687375e+00,-6.693683475367083e-01
8.649685594304803e+00,-3.374325888262666e-01,2.172255703754685e+00
5.363496278995560e+00,-4.966160134260226e+00,-2.846571724172034e+00
2.890497329457792e+00,-9.821475483724109e-01,1.772149186721382e+00
3.513155452531755e+00,-3.942647320735495e+00,-1.842444443569606e+00
3.428893295960560e+00,-4.757072966002197e+00,-1.343841969474489e+00
3.266781038095123e+00,3.244750462445021e+00,-4.263239502708149e-02
2.429096718216498e+00,4.162488032826348e+00,-3.158274443351909e-01
6.088670946292330e+00,-2.923253516408933e+00,1.292457932519495e-01
9.004053185650672e+00,3.929826383426125e-01,2.813333648466738e-01
3.070824130833412e+00,-2.220418428690150e+00,-1.058542736377518e+00
1.866942974614121e+00,-6.422561327817800e-02,-2.040605718387571e+00
8.385776663714248e+00,-6.336867910583974e-01,1.686917315111515e+00
7.417833308897032e+00,-2.309489449195143e+00,-6.284683904231905e-01
9.308370315599104e+00,2.003935796352977e+00,3.669922118401647e-02
1.655197356049096e+00,-3.735090406797458e+00,9.091562947408480e-01
1.442513141165915e+00,-4.469272178286329e+00,2.573830974700754e+00
5.414293943049967e+00,2.676754330372791e+00,1.304092899083756e+00
6.144336548350953e+00,1.659300312206798e+00,-2.855963915284527e+00
4.801734418595895e+00,-1.473875853602014e-02,2.127237500895806e+00
5.989666363238754e+00,-3.221022952745844e-01,3.074708241043872e+00
1.803797688750713e+00,-2.588620508573758e-02,-1.728816843139507e-01
4.796137541640833e+00,-6.297592390132714e-01,2.950523102405065e+00
6.580925609396679e+00,-1.071077041688209e+00,2.973752584977647e-01
4.327064492487037e+00,-3.093971138796725e-03,-2.537401813824447e-01
6.794473358165979e+00,2.851517115976048e-01,-1.059315105124940e+00
4.511912805538396e+00,1.919023140836210e+00,9.899464809105387e-01
3.335995808422773e+00,2.112071607340225e+00,-1.697588364056999e+00
3.036050470870924e+00,-1.223709198598554e+00,-2.482271513599716e+00
4.109020589885880e+00,-8.645947725651126e-01,-2.970456890822516e+00
2.308962268220083e-01,-1.263028302637770e+00,-1.304514225265736e+00
6.685251384461138e+00,3.653577362571037e-01,-6.548911759076206e-01
8.451056409802618e+00,-4.664646208580470e-01,3.272075329207897e-01
3.546270944431186e+00,3.895964631361936e+00,-1.302191253295402e+00
4.603313614171856e-01,1.963612669164726e+00,3.041435993011649e+00
9.867755973855576e+00,3.986563837544455e+00,-1.308503699056252e+00
2.636982554510670e+00,2.091369915594256e+00,-3.708625720755072e-01
1.266211216907730e+00,4.709921485238141e+00,-2.492689367737910e+00
3.697525079730279e+00,1.357367782552691e+00,-1.504027974328835e+00
7.385570406335566e+00,4.635501381630547e+00,-2.837912863003055e+00
2.939165968905657e+00,-3.418301095905739e+00,3.739037712637554e-01
5.747032039194878e+00,-4.475223191705961e+00,1.577485928209393e+00
4.155599944371422e+00,7.912518520385925e-01,-1.911911623682566e+00
1.177639922766185e+00,4.834932057997749e+00,-8.299400547531950e-01
3.302870124921102e+00,-8.239475269760321e-01,-3.037189821956933e+00
7.248705057140667e+00,-2.879566378070404e+00,2.133279991977211e+00
6.120038973314457e+00,2.154144919351397e-01,1.759062706396872e+00
1.197783798835610e+00,1.487986245788885e+00,-2.744155856180555e+00
1.633224097143086e+00,-1.848213044841111e+00,-8.490618516420434e-01
6.407333593074455e+00,2.147693584992595e+00,2.860650162694696e+00
8.134154143208688e+00,4.751145070457257e+00,-6.784140148174971e-01
3.494744959581693e+00,3.969631217106169e+00,1.646739725129573e-01
5.953107518434502e+00,-2.084146264878047e+00,-9.095359288090896e-01
1.706435887521053e+00,-1.732763168554017e+00,6.040113254462729e-01
3.113763369053238e+00,-1.284587755504114e+00,3.004348255528178e+00
2.027020567305260e-01,-1.054472216063547e+00,3.125900420158119e+00
7.682759477995226e+00,-3.996805008067206e+00,1.726085113502079e+00
4.010098197729668e+00,2.619628388892893e+00,-6.012311029781237e-01
8.161255736539539e+00,-1.346607363892995e+00,-3.498351394462729e-02
7.083729960227263e+00,3.798199767054522e+00,-9.001836141838955e-01
8.287442657284769e+00,4.269406231201087e+00,3.050955380154154e+00
2.856586695828828e+00,-4.755686906923119e+00,1.305396500977314e+00
1.851087304278453e+00,4.885030699282062e+00,-3.208731917110610e-01
9.719056826516706e+00,2.100227315001845e+00,-3.065470166444628e+00
7.173277870408695e+00,2.039222599296231e-01,1.287010883395645e-01
8.340422679266704e+00,-1.104723916274467e+00,3.040610566661445e+00
1.313337370993373e-01,1.851813260971289e-01,1.448959644296854e-01
3.544616202958866e+00,-1.753752760215556e+00,-1.995371983687123e+00
7.428166905773317e+00,1.226878136965483e+00,-3.002773546400530e+00
7.798283298998332e-01,-4.070197235552087e+00,-9.129232121423807e-01
5.673399295689356e+00,1.211226029118102e+00,2.627804374603206e+00
4.290727674550032e+00,-2.246551498615559e+00,3.119941476710358e+00
1.761650714110730e-01,-4.823651709476536e+00,2.798329515627103e+00
2.359755771194514e+00,5.270576616287759e-01,1.441488330788386e+00
2.847919890667142e+00,7.844775585269641e-01,3.653215370576577e-01
1.118599463463225e+00,-7.343099528846402e-01,5.697978625137030e-01
6.315369097426604e+00,-4.277137674496831e+00,2.449940186240216e-01
2.423978762518890e+00,3.933429528041914e+00,1.300929150553866e+00
2.776194996193884e+00,1.114308072278889e+00,-5.097345500466508e-01
8.982385982001475e+00,-3.842867004310304e+00,1.063140117854007e+00
4.671230926931394e+00,1.093057659414765e-01,-2.377481199715673e+00
3.921281469692723e+00,-2.745684051528485e-02,-1.472179807216102e+00
7.238710383147172e+00,-4.395981312070730e+00,2.111169356610073e+00
9.096137968829121e+00,1.068597036029475e+00,2.536829349436344e+00
2.503633623744383e-01,3.083263989215645e+00,2.450959850978460e-01
4.482388465553965e+00,2.490080542484781e+00,-2.942820208333939e+00
6.107813560779473e+00,-2.970305858358167e+00,2.682754066552841e+00
3.185630981259896e+00,3.622925295542114e+00,1.269607177143191e+00
7.724077221232417e+00,-1.574578343406491e+00,-5.401784862880401e-01
9.714770702702738e+00,4.465083782919413e+00,6.181331304469304e-01
9.434273662502832e+00,-4.282520357742863e+00,-4.412377284322626e-01
2.659825393799419e+00,-1.379131148015738e-01,-2.177800613326601e-01
2.263382784374860e+00,9.712437717754918e-01,2.430398064583263e+00
9.574905310212211e+00,-2.523499015253953e+00,-2.129470480142110e+00
4.586284874314659e+00,2.713801887202277e+00,-2.490220264719793e+00
2.082977230846917e+00,1.268956798107171e+00,-3.124447446158566e+00
7.069969636304182e+00,-4.818905627120444e+00,-1.168670107094808e+00
2.844203239037916e+00,1.083685906962359e+00,-2.215364641938836e+00
2.672469750710524e+00,-8.521765581553620e-02,-1.759383022745387e+00
8.792490430777848e+00,-3.039707982964923e+00,-3.070976042839051e+00
1.624791533769034e+00,4.957482270595296e+00,-1.714081762165443e+00
6.439294646623639e-01,3.971621948276150e+00,-1.051104130463824e+00
2.691864401716872e+00,-2.074923049709365e+00,-2.943248223962783e+00
6.069454128382038e+00,4.107092079861632e-01,6.779816083679182e-01
1.230878534032706e+00,-1.834978600897093e+00,4.322853412352576e-01
4.715946722767938e+00,2.754957516360781e+00,-2.531898875785499e+00
6.273371104253198e+00,4.303314331964550e+00,5.969640381420187e-01
8.487369925931739e+00,-1.411713930856164e+00,3.133134974770825e+00
2.298695912022544e+00,3.055842491436275e+00,2.792680793802969e+00
8.173463233827894e+00,-1.592457286795135e-02,-3.124810307306517e+00
2.349062611312386e+00,-1.034214386884227e+00,1.855916665810433e+00
6.767665412396405e+00,4.384218520987698e+00,-9.198251773995256e-01
4.306735714824551e+00,1.040468871903144e-01,-2.741659298721415e+00
1.146812423786702e+00,-3.258949974253511e-01,-1.281875273996319e+00
7.142634628218487e+00,1.724344019623430e+00,-1.120062501509043e+00
2.177626185490178e+00,-2.387657989817156e+00,1.460478629032322e-01
1.766234260245915e+00,-1.752071292116843e+00,1.012119159728804e+00
3.583229285893832e+00,4.320458362386226e+00,1.564862563298486e+00
6.532902447594835e+00,1.785298454369424e+00,-1.596538269565519e+00
2.339964787906278e+00,3.266371477710056e+00,-1.119848534321640e+00
1.836615387818857e+00,-2.288882380645703e+00,-1.203973244045743e+00
9.953625713364334e-02,4.379018992987209e-01,-8.624496934403627e-01
4.716430971017235e+00,4.713962669894983e+00,3.139433179074051e+00
4.286455693151828e+00,-1.812961009717824e+00,1.746369276554248e+00
2.338677436373763e+00,-3.395235236829581e+00,2.984453112426673e+00
5.365216400969075e-01,1.088600822466397e-01,1.213352571999952e+00
4.292558745958369e+00,-1.121789112751238e+00,-5.889185502620351e-01
7.882051110716313e+00,-3.404227672132865e+00,-6.927577254660817e-01
7.152821313271770e+00,3.885513827033680e+00,-7.174678211761032e-02
8.607948898601702e+00,4.907239105537778e+00,-5.223225557472233e-01
9.582687713155624e-02,6.858218068999777e-01,2.062934645411369e+00
9.664193168045985e+00,2.746767683734540e+00,-2.198988375315460e-01
3.414122526274483e+00,3.590383695462995e+00,-1.284192848921712e+00
9.903977960919647e+00,2.009820060218269e+00,1.726998001802236e+00
2.526194606017746e+00,-4.558439508882688e+00,2.226889108789753e+00
4.715363875782447e+00,-3.423657682831822e+00,-4.999596136552582e-01
3.539276765753037e+00,-4.290108088486136e+00,1.054372353415628e+00
3.557607149943026e+00,-4.901203933579435e+00,-2.772112870267253e+00
8.422820987482158e+00,-1.940035912427635e+00,1.851331249853407e-01
7.464189397373388e+00,-1.076440395184402e+00,-2.858967829806996e+00
9.921514352300481e+00,-2.589702676640742e+00,-2.958181193490728e+00
6.135146827175125e+00,-4.353953519136791e+00,7.095277616199249e-01
4.632566043945027e+00,2.986309083667757e-01,-1.235680235777909e+00
9.007386294689113e-01,-2.266806800428584e+00,1.523905935585208e+00
9.965614195138567e+00,2.960371548635623e+00,2.488660125396771e+00
5.515306529322829e+00,-4.919473783747188e+00,-2.265772078856736e+00
7.004774696901418e+00,3.425270512876104e+00,1.410718600485349e+00
4.067423871913114e+00,4.547536789459571e+00,9.123183990559136e-02
5.477157081792359e+00,2.161350631535695e+00,-2.437126628315531e+00
9.425777318928873e+00,2.336440652625665e+00,9.524844377167465e-01
1.664194379316027e+00,4.335623116027332e+00,6.878002089025106e-01
2.923725843302546e+00,-2.909287146996509e+00,9.828075142944837e-02
1.520597277780323e+00,4.945655682085766e+00,2.679597606424423e+00
7.922159038047747e+00,2.734812033785419e+00,1.324476368405674e-01
6.204526042182956e-01,2.265707083277936e+00,3.081997366346274e+00
8.163164985133831e-01,-1.389094210047073e+00,5.798634757314680e-02
2.984941127873687e+00,4.577748540561055e-01,-2.413672828727834e+00
5.141881809210113e+00,1.539177882733470e+00,-1.855346013847639e-01
4.062748005595865e+00,1.203428613172159e+00,-1.995987251627534e+00
4.481631067080727e-01,2.049846384775807e+00,6.103076871532847e-01
9.574915578709515e+00,-4.176182609215894e+00,1.213485245520069e+00
9.528695203580837e+00,-1.443515671683032e+00,-1.983269930528078e-01
2.793563232407599e+00,-6.599998340452284e-01,-2.527706802575194e+00
7.315256152685815e+00,-2.393707021250335e+00,-1.970319036735213e-01
5.785754113832238e+00,-3.273727297307762e+00,-2.629800728362758e+00
2.374766950056241e+00,-3.610725200871372e+00,1.144331127694698e+00
2.621715517416154e+00,-1.336166077434149e+00,1.824437364144136e+00
4.911531743104504e+00,-6.558299437434112e-02,2.905221278361821e+00
4.192369414973601e+00,-4.370235598533393e+00,-2.206641440402913e+00
2.912293282312643e+00,4.464580945905496e+00,2.037029758766891e-01
8.075115963051489e+00,2.652433228607584e+00,4.243497953841300e-01
4.814629176373849e+00,2.308517731854666e+00,2.654498349680812e+00
6.548480623891279e+00,-3.271394750112731e+00,7.997027181431950e-01
1.892735001678755e+00,1.038007680121890e+00,-2.227328586018204e+00
5.335076625164867e+00,2.972494680866742e-01,-3.999164260959231e-01
3.179760494466215e+00,4.824688457866937e+00,9.724016452124351e-01
5.264136103948783e+00,2.476717700801579e+00,1.258424200834617e+00
7.808258334109281e+00,7.576188371623118e-01,2.281261213363234e+00
7.689132100912617e+00,3.508126664701223e+00,-2.007432970342172e+00
3.542206780342759e+00,-3.449057291392905e+00,2.837122982066476e+00
6.942771170796391e+00,-4.847834703090228e+00,-2.770008768938184e+00
9.412899503942770e+00,1.902333334145232e+00,3.039567136093159e+00
6.256693299249064e+00,-4.016885397627625e+00,2.247916941290573e+00
1.484101233826371e+00,-3.845663600164908e+00,1.007023593792060e+00
6.797086292790952e+00,2.446807264245305e+00,1.476520274514731e+00
1.049043863493113e+00,-2.294651558660109e+00,-2.684855310051400e+00
8.721104087930271e+00,1.286312155688929e+00,-2.880966988507546e+00
5.166604958019403e+00,4.174069260927485e+00,-2.502179295924826e+00
3.851407363115795e+00,-1.835254683621417e+00,-2.592694749654151e+00
5.700659464969238e-01,-2.828558421600812e+00,2.977050699712005e-01
3.807837345921097e+00,-3.934371162589483e+00,-1.787918159248811e+00
9.032066679157895e+00,-3.695376385802739e+00,2.263238767260565e+00
2.098299628630318e-01,-4.377773046211573e+00,-3.408714544329503e-01
4.746481577818049e+00,-4.123576211702598e+00,1.228428553082313e+00
9.311580911106223e+00,-6.799541119084607e-01,9.605299716132070e-01
3.948409997650211e+00,-1.791349549760302e+00,-1.131896738929899e+00
4.281756874621504e+00,2.065608143229980e+00,-1.613725728430421e+00
5.785600551991199e+00,3.702416582470018e+00,-9.898763534626744e-01
4.629373335771835e+00,2.847732031423843e+00,1.863959535825088e+00
1.686016912375524e+00,3.063725666565222e-01,5.420934263399069e-01
1.855553906986041e-01,-3.975578837673466e+00,-1.548562254447347e+00
6.098116579787016e+00,2.097672839415536e+00,1.997088100976588e+00
9.208065870078121e+00,-1.371712752731264e+00,-2.797529283351340e+00
1.063641330271656e+00,-4.143496060845898e+00,1.251506055173466e+00
2.109527192527534e+00,3.424664072126257e+00,-3.826409225350056e-01
3.702294858249735e+00,-1.617834828174944e+00,1.453240355421083e+00
8.087422290211197e+00,-2.817511674884287e+00,2.685818435413674e+00
2.692603164709776e+00,3.714520646188431e+00,1.571010570513888e+00
8.820544042787684e+00,4.021338684470049e+00,-3.646424268149100e-01
5.495787465006641e-01,-1.610291628084402e+00,-2.192984469760353e+00
9.409566212589349e+00,-1.451985807186266e+00,1.924859950020830e+00
5.607470778737649e+00,7.962852758314405e-01,-2.468944559010020e-01
6.587776784877045e+00,2.334414938106582e+00,-2.668391369394399e+00
3.676895225363531e+00,-4.368507980931366e+00,1.376365656769984e+00
7.819942855110603e+00,9.334365718847168e-01,-1.307832669471199e+00
1.665662500844061e+00,4.528200617835816e+00,-2.834418848268790e+00
4.891182527848703e-01,-2.379061028200463e+00,2.530559259736791e+00
3.955169431075571e+00,4.088272140969337e+00,-1.061789698629254e-01
8.536957139810395e+00,4.501683407630937e+00,-1.376262292403362e+00
7.549268366376946e+00,-2.308463590289103e+00,1.359596841173642e+00
5.171559704889580e+00,2.542018658853506e+00,2.424696149460752e+00
5.721377471653534e+00,-2.612249916804400e+00,-3.139663244249499e+00
1.298928262987554e+00,2.376111617321327e+00,1.180310088978441e+00
8.406815086175822e+00,2.974199712888259e+00,1.677683952701677e+00
7.869596829641969e+00,-2.527942962893506e+00,-1.822579726933272e+00
6.564703938869427e+00,2.158695435832350e+00,-6.519539002841057e-02
4.661910363289384e+00,3.121045388640898e+00,-2.580592805370297e+00
9.644592682795125e+00,-1.414211278930883e+00,1.550375236368721e+00
8.790319718764710e+00,-3.322972240102731e+00,2.183130550728374e+00
6.444304935146185e+00,-4.080354326824864e+00,-2.461835837854613e+00
3.718009977172879e+00,7.538170360994192e-01,1.988378414675515e+00
6.180222786815124e+00,4.780981193157132e+00,1.706325705056677e+00
5.754409265306654e+00,3.229503200222162e+00,-9.618719761704866e-01
3.942419878349164e+00,-6.416036106544718e-01,1.195624378588801e+00
3.066739716880761e+00,3.662090285495854e-01,-3.141290282244129e+00
4.070107922373224e+00,-2.204721145881811e+00,2.713064678215370e+00
5.739114060333979e+00,-3.369341326399364e+00,3.165672038177401e-01
4.281348447110944e+00,-1.791884176772669e-01,7.561113825570365e-01
2.635744882013839e+00,-3.649843383281484e-01,1.034585607837672e+00
7.609633177608087e+00,2.192995280376024e-01,3.855929073024931e-01
5.314674959574130e+00,4.528045855639407e+00,2.241613616320225e+00
6.767516322559997e-01,1.038953001447722e+00,6.892769399452621e-01
3.683165056261255e+00,1.057718366223738e+00,2.562031585817814e+00
8.849134572119935e+00,-3.719752371389232e+00,5.173048391369850e-01
7.552365311999520e+00,4.964888661768205e+00,-2.066398766072512e+00
3.232467839440071e+00,2.728449442346685e+00,2.598490174449145e+00
9.381831520445091e+00,3.772033440940048e+00,1.141199229073933e+00
7.660290835821015e-01,-8.569958816900591e-01,1.251855522454722e+00
9.612347038921889e+00,2.128095785624851e-02,3.050371802095312e+00
2.457050924846756e+00,2.208380916227650e-01,-2.669118769029632e+00
9.094180302419264e-02,-3.059054607103948e+00,-4.486658819236191e-01
4.338080365183268e+00,1.894891563269572e+00,-1.639311993361964e+00
3.589704296870087e+00,4.029767236174566e+00,8.194936467562273e-01
5.390890052067938e+00,-3.362941818615810e+00,1.927754663396915e+00
7.967728605698454e+00,-4.136817265138355e+00,2.929916594693305e+00
8.424308021504471e+00,2.382189055403422e+00,-2.852810736708560e-01
4.012299996116918e+00,-2.267981683270179e+00,1.798362181420549e+00
4.298457437063502e+00,1.238625416173294e+00,2.620412435443968e+00
1.481777303294737e+00,1.957583379921807e+00,1.151867664141814e+00
4.754760888116349e-01,-1.780892364181782e+00,-1.616459046463192e+00
6.412149902350247e+00,3.151445974257843e+00,6.776676175588019e-01
6.443762555269228e-01,4.998898211421690e-01,2.952795801923905e+00
7.338301194214560e+00,3.689994079518028e+00,3.063391053962138e+00
5.390901450222475e+00,2.632935525589475e+00,8.944731527099368e-01
1.985829782260834e+00,3.685756320374537e+00,2.431515794319654e+00
5.395229435126496e+00,-4.798386178821059e+00,-1.882760474353475e+00
1.829977166020988e+00,-2.564937392614053e+00,-1.595435178542775e+00
4.387372075104120e+00,-4.099920595540613e+00,2.845576795081787e+00
7.995603162422289e+00,-5.791698281065081e-01,-2.291883729269902e+00
4.619192934106374e+00,3.899601216153183e+00,-1.940835489653421e+00
1.486993182975482e+00,-3.245973773313082e-01,-4.992078746437265e-01
7.238286818229451e+00,3.497130445803942e+00,5.628746805659990e-01
1.867684162700088e+00,-1.728217619806821e+00,6.523028248536904e-01
7.385498743701095e+00,-1.604299271947476e+00,-1.307053285893379e+00
4.793522892158332e+00,3.955617303268776e+00,2.642795063597162e+00
4.537417590943016e+00,-7.418285348829841e-01,2.608149640493327e+00
8.514350378574747e+00,2.897654877946664e+00,-6.781564232366200e-01
7.086035243406688e+00,-2.633564521180987e+00,-4.128569888763258e-01
3.291079695493926e-01,4.488008296776355e+00,1.272326909174231e+00
2.961743146016024e+00,7.457824653057106e-01,1.024133421384139e+00
8.709206608498986e+00,2.593235685784019e+00,-7.395496662084602e-01
1.832616854519864e-01,-4.104843002051145e+00,-5.388192588494194e-01
5.452534462619703e+00,-7.335774169471243e-02,-9.547994779572724e-01
7.278256691739439e+00,4.010384977340232e+00,-1.662625036370404e+00
6.218560854845759e+00,3.770386290433045e+00,-2.630244230095298e-01
7.605322021044364e+00,-4.531860427657724e+00,1.171400198326823e+00
7.256918489147458e+00,-1.963015308710533e+00,1.520321647657418e+00
6.920306951531133e+00,-5.667999352091986e-01,1.752214809281432e+00
8.215398609256521e+00,-3.277351856442118e+00,-7.870819725313174e-01
6.456906684495384e+00,2.299983109899704e+00,1.662756991042207e+00
4.024184942569820e+00,-3.154880044012884e+00,-3.100649434577659e+00
4.719091099145876e+00,-1.533603056301138e+00,-1.441994941361422e-01
7.167247826814505e+00,1.632806368578183e+00,1.846655808629153e+00
8.763060296667939e+00,-1.791065547552009e-01,8.170950780100248e-01
2.722188008397757e+00,2.385710386348938e+00,-1.629661972265386e-01
3.420767959710708e+00,4.612079012228596e+00,9.088125307099855e-01
9.307393963624126e+00,-3.834533122848025e+00,2.556917147799143e+00
5.785117924094454e+00,2.095677163980609e+00,4.170891542581798e-01
1.789618171350010e+00,-2.696558443678855e+00,1.883612193477465e+00
6.636951389123827e+00,-8.552327259243073e-01,3.020595627668435e+00
9.907621555393796e+00,-4.671372742048602e+00,1.291623106904525e+00
8.234535644704001e+00,-3.640926177073011e+00,4.607193623054835e-01
7.457411365514028e+00,-1.802227109511003e+00,-2.906061501386144e+00
2.080466542662692e+00,-1.580141947120151e+00,-7.886786254130764e-01
8.761397846840072e+00,3.995852164620958e+00,4.111888216838606e-01
5.257888435355465e+00,2.418129092665151e+00,1.867403964540560e+00
8.892900220719556e+00,4.721829681870410e+00,-3.888990762711386e-01
3.298278294248793e+00,9.907151033524055e-01,2.890631398731599e+00
6.205105263543276e-01,-2.582862679086820e+00,-1.433862140521516e+00
4.759759686597461e+00,-1.723449700783571e+00,1.536661007563582e+00
2.698376048178777e+00,-1.801640767080329e+00,-5.087406105201620e-01
7.152292897762981e+00,-1.735056723367484e+00,-8.803688507496732e-02
9.571065528560323e+00,1.729641731118157e+00,1.900676334575276e+00
6.909741511515639e+00,3.080792809041624e-01,-1.280417273817440e+00
8.869339297092035e+00,-1.145758219133557e+00,-2.533304562033351e+00
4.530240136012064e+00,-3.509102312712834e+00,1.272695916314182e-01
7.716407371953017e+00,-4.778608370578540e+00,1.809218818112539e-01
8.430434366717034e+00,-2.811653224123074e+00,1.867160180213758e+00
7.108756275835423e+00,-3.925285960313187e+00,2.942536355667548e+00
5.077772860695646e+00,2.854450308522393e+00,-2.794128193774568e+00
6.258661096153681e+00,-3.875020421861146e+00,5.761019542457300e-01
7.005069956788804e+00,2.242282373068361e+00,1.139006598181060e+00
2.530844032214269e+00,-1.143413102239173e+00,3.052379909231108e+00
8.095792609149848e+00,-4.266216102562240e+00,2.780876331446156e+00
9.503245389672733e+00,3.127300494315858e+00,1.334867523337365e+00
4.652393151799360e+00,7.963057023661335e-01,1.369069085833217e-01
7.010671831098774e+00,-2.642384871364269e+00,-2.126707918241058e+00
7.370259057903540e+00,3.946811743326679e+00,-7.277401665665306e-01
6.622475475214803e+00,-4.547416861294486e+00,5.348393421120767e-01
5.471151083286355e+00,-2.981803918022371e+00,1.414975823061456e+00
8.816479545748106e+00,2.520469278058610e+00,8.507405101513759e-01
4.489267092688944e+00,2.093779303098891e+00,1.345373242376190e+00
6.110295648660358e-01,-2.107283062755219e+00,-4.451479424499891e-01
8.445563757121603e+00,-4.379751246472169e+00,1.430224447628863e+00
6.739812723165507e+00,3.580780722249438e+00,-2.238439705731154e+00
8.492586264996465e+00,-1.863023619300974e+00,-2.120032728371279e+00
1.385474424446943e+00,-3.042865850717348e+00,-2.118488107377589e+00
3.075294050971633e-01,1.606182236097711e-01,2.455876955138568e+00
9.343745403825013e+00,4.102271992824473e+00,-2.663856544163818e+00
1.477283058505743e+00,-4.564534221566246e+00,1.894432977550601e+00
8.096523320704518e+00,2.658040880308877e+00,-1.674023418797793e+00
8.232099421806359e+00,7.247322793870890e-01,-1.983605340270262e-01
7.087052005490030e+00,-7.455088344818304e-01,2.613532369054391e+00
1.312622110928710e+00,2.440804441050600e+00,5.399595389122598e-01
6.673986245608075e+00,4.658244244416323e+00,-1.821384294676067e+00
8.890865833268656e+00,-2.707937888373090e+00,-1.356602160678902e+00
4.255316448008832e+00,-3.563526349278804e+00,2.641744049715262e+00
4.135168543785989e+00,4.128817452226970e+00,-4.577682192877597e-01
4.428583095794191e+00,1.689530774573037e+00,5.465459087661788e-01
8.227189067620644e-01,-6.201397843803402e-01,-2.517534334543181e-01
8.920255690299735e+00,7.325957026428309e-01,-7.637960190866400e-01
8.691828639805104e+00,2.456139051762440e+00,-1.738688523848239e+00
9.979093217902863e+00,2.730318987057172e+00,1.169875700166573e+00
5.851831414984135e+00,4.198941808189646e+00,1.371255092882088e+00
7.511916364513858e+00,-7.315721110437732e-01,-1.414438684839466e+00
2.026719063073047e+00,-2.065890899806050e+00,1.815908682697696e+00
6.675288182241696e+00,1.396642667898419e+00,2.227610361413484e+00
6.497328487573907e+00,-8.427210072046964e-01,2.643179583789204e+00
9.012087358416125e+00,9.459845394897792e-01,-2.128665183122937e+00
8.307927228390742e+00,-8.001420154404979e-01,-1.231983830207021e+00
9.384664626177631e+00,-3.470042133218255e+00,2.264166858428200e+00
8.688334727016075e+00,-3.057324834104156e-01,-1.894127768297115e+00
8.686938948988519e+00,1.909178219410328e+00,-3.119799681432512e+00
6.372332668871827e-01,2.992838076676499e+00,2.329976707273996e+00
8.459619526959559e+00,-6.673723203453186e-02,-1.090450317640611e+00
6.074783945031181e+00,-3.347621097895991e+00,-5.372278937744412e-01
3.804444517659612e+00,-8.531229035056844e-01,-3.371932610875650e-01
5.651462438806232e-01,2.862939288416983e+00,2.188273853776168e+00
6.776737747680467e+00,-8.714072938292716e-01,-1.018553695268762e+00
3.282017505376174e+00,1.965307936042223e+00,2.464767215115532e+00
4.677762649860347e+00,7.213681678089756e-02,7.347502740177405e-01
6.817284370551343e+00,-2.587768748906033e+00,1.714475435295091e-01
9.117745470241429e+00,2.961505080230743e+00,-1.095696366601998e+00
8.254369156049984e+00,-4.157865459293130e+00,-1.610306904328032e+00
4.505971291035999e+00,2.489028275515057e-01,7.794821848902167e-01
3.877831574463789e+00,-2.911089657565951e+00,-3.336738332579516e-01
2.397797388440475e+00,-4.329343714586243e+00,2.579348161966771e+00
3.724267511759682e+00,2.933937083248850e-02,-5.253549606136021e-02
1.110463872918983e+00,-4.378440650763871e-03,7.410964731633118e-02
9.711055083647546e+00,2.069009016757208e+00,-5.232430563964052e-01
5.739174439595789e+00,2.447506930519049e+00,1.817493012606374e+00
1.278058427952129e+00,2.277914886928968e+00,-4.722492461156680e-01
3.528060092659058e+00,-9.044126708324498e-01,-1.449266958155765e+00
5.470391436206560e+00,1.316897872265626e+00,2.274707070106360e+00
5.328856366408696e+00,7.694524264396030e-01,6.083896578024102e-01
3.550336871863236e-01,-7.843824388308036e-01,5.749756683093667e-01
9.508410342291114e+00,9.721269418599316e-01,6.963164637615957e-01
2.753756814749446e+00,4.472478767062626e+00,1.375010690552726e+00
1.618466893189119e-01,-3.071062563186227e+00,-1.174528462992817e+00
7.644400895028247e-01,4.057720957855263e+00,-2.928942200041132e+00
5.801949032479770e+00,-4.465444860168017e+00,1.951514384932892e+00
1.377855206750969e+00,-1.916107870983393e+00,-2.331658313019496e+00
4.172479285350328e-01,-2.118547513884717e+00,1.393734513683728e+00
3.796264664127114e+00,1.263651078809057e+00,-2.624390380834744e+00
6.227611923401886e+00,-3.687750482227097e+00,-7.834639348870942e-01
1.118398048416124e+00,3.823476118397537e+00,-2.745588177654998e+00
3.133278321513155e+00,3.285514084650412e+00,1.395726654553138e-01
4.177606716245422e+00,1.520658196852778e+00,9.621804375447844e-01
1.594600977867672e+00,-4.158616820780221e-01,-2.064446459775357e+00
5.060738984667101e+00,4.329560421420783e+00,-8.065874616754836e-01
8.521408690177090e-01,3.307465547205560e+00,2.703274448690138e+00
4.651849634506866e-01,-6.848519187551361e-03,-3.619798529240716e-01
5.198353671551348e+00,2.018733544543112e+00,1.900937307375174e+00
2.478969727508757e+00,6.692995217968454e-01,2.684080913613563e+00
9.537380789802752e-01,8.794223838826456e-01,2.980402718019266e+00
4.239125874876323e+00,-1.690239305625287e+00,2.502731061650909e+00
9.151407395173948e+00,-3.791539537510324e-01,-1.147276152997658e+00
7.241924466541549e+00,-4.218785692102558e+00,2.906431161827663e+00
8.156159153470275e+00,-1.426513083354075e+00,1.962837192971577e+00
8.719139887586365e+00,1.958285153621519e+00,2.118536673063331e+00
9.726277413964189e+00,4.532160305061863e+00,-3.046257982375252e+00
7.632465735141730e+00,4.630641127630202e+00,2.854066951951459e+00
6.084079219394797e+00,5.572286912489162e-01,1.747292408556690e+00
3.654258803022472e+00,1.066222518095820e+00,1.683689436860134e+00
1.816432365577161e+00,-3.142788144990325e+00,-2.629357662047531e+00
6.866598739832943e+00,1.953081080935307e+00,-1.680321413405646e+00
9.949499861219419e+00,-4.293412073256137e+00,2.904475702466818e+00
4.673586846189190e+00,-2.153143142005555e+00,4.254186469629939e-03
7.236793680928076e+00,1.683633472854423e+00,-6.417769990578779e-01
4.950924499931562e+00,-1.896898684565107e+00,2.135911147608111e+00
4.319334233634766e+00,-4.501531258855457e+00,-2.592816646906078e+00
4.103056135599151e+00,3.318704093509638e+00,-5.218687030096412e-01
5.046246829316976e+00,-1.896699928654369e+00,-7.809950678449651e-01
3.668956618653750e+00,-4.368947751413216e+00,-9.434115589040304e-01
7.487733218218078e+00,-4.252118354971348e+00,-1.208305269135683e+00
8.742720265915166e+00,-2.482412012112464e+00,-1.821652771679988e+00
8.828853066451842e+00,-3.219840527784737e+00,-2.055162036787120e+00
2.276987134258259e+00,2.743001177801508e+00,8.821976508678357e-01
8.959091387314908e+00,-1.783159533329655e+00,2.635135504189284e+00
3.415512318551051e+00,3.046957850398325e+00,5.561652737842104e-02
3.093076654852976e+00,-3.261540021768472e+00,-1.269363324371943e+00
7.267560573982359e+00,-7.120820455916199e-02,-2.141559637773703e+00
3.046963400862894e+00,1.880371335531288e+00,2.074351940561287e+00
5.296640560971011e-01,1.519908538658549e+00,2.962471961684384e+00
3.736177723103080e+00,1.011294099302687e+00,-9.477845651645969e-01
7.214656003583490e+00,4.248216019311698e+00,-1.313497214643009e+00
3.269584202701765e+00,-2.714748522932556e+00,6.376990309144199e-01
6.295590559951465e+00,-6.280795537894601e-02,1.729943007767293e+00
6.601194442631304e+00,3.839925500724087e+00,-2.802124494781508e-01
7.337360117263562e+00,-4.221062344048430e+00,8.172737040648843e-01
8.971304663109365e+00,-4.441117317469248e+00,1.360617922487380e+00
4.325644992684314e+00,-2.666977124417086e+00,2.893986695658175e+00
1.664320766624571e+00,1.330212195380184e+00,-2.104632523329864e+00
3.189257154318894e+00,-2.401203735501931e+00,3.125146377251903e+00
4.321672551739859e+00,-3.097601161912010e+00,-6.775997192654142e-01
7.138914693281131e+00,-4.119768464170797e-01,1.402407857339870e+00
1.312212556163350e-01,1.135980687694115e+00,4.549929557084851e-01
3.157853834398789e+00,-2.514422929832596e+00,-8.376354973443956e-02
7.798425810193168e+00,-1.993088132762579e+00,1.244544246528483e+00
6.708577033306954e+00,1.135593048115139e+00,-6.549978766051496e-01
7.317399735856052e+00,4.457384219894527e+00,-2.349220271765679e+00
8.118107694391947e+00,1.747417274380883e+00,-6.978493198509916e-02
7.832357188779623e+00,2.829041435845600e+00,1.377014766651921e-01
6.821831661527781e+00,-1.331899052445312e+00,-1.873004009859376e+00
4.396615323705905e+00,-2.277456406155340e+00,2.737077139207247e+00
9.835983288781540e+00,-4.573225679737742e-01,-1.712321012840641e+00
5.690731955900738e+00,3.071328287116737e+00,-5.703398471481385e-01
2.027692093688391e+00,-4.370035820944418e-01,-2.168140721561093e+00
2.928128551047844e+00,3.467254087898610e+00,2.249169613681135e-01
6.935624559704699e+00,4.887719806951271e+00,-1.208648554439438e+00
9.247395651994635e+00,-4.279733342696637e+00,-6.740274486933151e-02
1.787201292058975e+00,-4.545898439162963e+00,-1.730282944355634e+00
8.234649574578634e-01,-3.504102970866382e+00,-2.803713559770720e+00
8.815310480420061e+00,-1.156303242656538e+00,1.754432791452987e+00
9.152779789128344e+00,-3.689577908545676e+00,8.864712664198926e-01
2.763793453158994e+00,3.706644776187559e+00,-1.000664140208518e+00
3.772857243712399e+00,-4.768537489729362e+00,-2.843177638889940e+00
6.601879974978583e+00,-1.842072836641775e+00,2.296975862609806e+00
3.299300208424748e+00,-3.153053705057947e+00,-2.074739173345447e+00
8.771587082700529e+00,4.315393301575323e+00,2.706433177087811e+00
1.075787027138627e+00,1.694810048900280e+00,-1.344892027116154e-01
3.798222096019521e-01,4.120302564513745e+00,-1.002879879133608e+00
2.084862067427895e+00,4.723287103103933e+00,1.519019593072727e+00
2.860877782049690e+00,-2.901756322630789e-02,2.367751819417888e+00
1.129265912888751e+00,-2.656808919519738e+00,-8.123306373188792e-01
6.569042934064673e-01,-3.062712138034107e+00,-5.821763749826698e-01
7.556077135017983e+00,-2.770811383141595e+00,-4.199792941034106e-01
1.642765659022574e+00,2.085933076220029e+00,2.653534054765874e+00
9.139221990663041e+00,-4.595542718769993e+00,1.209915242174709e+00
3.679996614480960e+00,-4.486389269672851e+00,-1.585586209588454e+00
6.706058097213454e+00,1.081429423831501e+00,-1.979205272412688e+00
2.254021147688002e+00,1.420571467374065e+00,-1.694149935509697e+00
2.403227684918669e+00,1.652629243224601e+00,-1.485571897556241e+00
5.747092028675754e+00,-1.281194954114087e+00,-1.695307122884695e+00
5.606429251459861e+00,3.059448887141532e+00,9.959253800925003e-01
7.687292280120813e+00,3.362458772661761e-01,-2.413160922816801e+00
7.578133056942660e+00,-3.945343699905806e+00,-7.077474824454595e-01
6.706877646636611e+00,2.970993070673452e+00,7.857347722977166e-01
4.491305658934910e+00,4.530677862704582e+00,-1.314065538864933e+00
8.906403862806172e+00,-4.399636869976414e+00,-2.731461598697147e+00
6.225784902212988e+00,-1.086486612994201e+00,-2.627477783788209e+00
9.901984904623571e+00,-1.248395516525234e-01,-2.350120055519410e+00
8.193698179343587e+00,-3.535292399216830e+00,2.110163959370341e+00
4.430981123832622e-01,3.677089477828771e+00,9.918856589570080e-01
3.205939070803177e+00,-2.158503551099560e+00,-2.736186388197270e+00
5.718757164709517e+00,2.830085399381601e+00,-6.844344180104027e-01
7.214695378714872e+00,1.709944820283161e+00,-1.391190388759025e+00
5.503364977619415e+00,9.804582246702340e-01,4.903404827567321e-01
7.861304224621818e+00,-3.078571513034456e+00,1.432940078973566e-01
2.826556527573446e+00,-2.792964794490943e+00,-1.186012590220722e-01
1.839120512328251e+00,-4.526515952534307e+00,-1.165453149138366e+00
5.391668378977010e-01,-2.592875702177336e+00,-2.275771150550294e+00
5.733137445715220e+00,-1.545563905394859e+00,1.522895727672693e+00
6.885995206754952e+00,3.331453038624254e+00,2.386710468824878e+00
3.261497171193616e+00,-1.336073332851947e+00,2.790682467062092e+00
6.135841848558766e+00,2.546217827656064e+00,-2.773278798708553e+00
5.215723085332924e-01,-6.055771870451245e-01,1.507390891719655e+00
9.929334629680364e-01,2.848683119938884e+00,1.423163208171174e+00
7.017547722584983e+00,4.762716004370398e+00,2.809272558298301e+00
3.680697052172988e+00,-2.601584419424199e+00,-1.552483389470150e+00
6.713340311030056e+00,3.623416119638762e+00,1.521655775123009e+00
8.317211202799180e+00,1.218240863057747e+00,-2.798365558626468e+00
8.526224374761169e+00,3.172942615886548e+00,8.246411843195998e-01
1.721676454644510e+00,1.515859022678052e+00,-9.371507604492089e-01
4.862855723513465e+00,-7.605049272584985e-01,1.689607839526593e+00
7.339267236324865e+00,-2.719250605582096e+00,2.282708154566228e+00
7.739805962669104e+00,-4.299647746688350e+00,-8.493544413787517e-01
7.846759807288776e+00,3.551836446071697e-01,1.607621617163804e-01
2.281673343805845e+00,4.903260945268656e+00,-2.403921173943626e+00
1.925348177237733e+00,2.380418050142063e+00,-5.220889352368143e-01
5.900124682736959e+00,-1.726544586009834e+00,-8.746169238391643e-01
7.410857977382197e+00,3.272048000867352e+00,-1.990994021671820e+00
3.191395155341933e+00,2.689840001764066e+00,2.478582299131015e+00
1.047051568624215e+00,-2.183642066465432e+00,-2.211129325443868e+00
7.167463829100775e+00,-4.856925102057653e+00,8.528755368396688e-01
2.996978313800045e+00,-3.818373614660504e+00,2.451338525217034e+00
1.663627243117218e+00,3.773061903120576e+00,2.588474928016259e+00
1.477235283971317e+00,3.365630353048717e+00,1.842479373520011e+00
3.149095475267163e+00,-2.047909991216375e+00,-2.034865269241614e+00
5.926780659137455e+00,-2.148045737155796e+00,1.994480366409896e+00
3.584022386938166e+00,2.928649871024711e+00,-1.403884687737062e+00
2.066185159343159e-01,4.377374698954220e+00,2.654005079745581e+00
9.690843467781107e-01,2.791372567976000e+00,1.313730364649270e+00
2.905032471986191e+00,1.055786770307615e+00,1.792388947945992e+00
6.597044821470918e+00,-2.573286496681955e+00,-2.607317991112990e+00
9.851507346853383e-01,2.574791409526069e-01,5.200285447355300e-01
5.606568535006819e+00,-2.664881414067354e+00,2.017795493246186e+00
1.198858708240043e+00,3.080114200967737e+00,2.271939191758051e+00
2.116153273493815e+00,-1.130389204822627e+00,-2.961694347087873e+00
1.721885275557627e+00,3.336972169940262e+00,2.759318837502589e+00
6.722863557081049e-01,-1.183907820172747e+00,-2.869287361271878e+00
6.713298173865903e+00,3.241494051998913e+00,7.195420855306223e-01
4.634035473860346e+00,-1.666821848347580e+00,1.215089672104315e+00
8.310534408973382e+00,-5.986729538233018e-01,-2.467122297328668e+00
9.889083998231696e-01,1.154884193426575e+00,-2.839925205023833e+00
1.447329333380722e+00,-4.297123859700813e+00,1.790155862681702e+00
3.064577313504506e+00,4.482070618154644e+00,-7.246358357589644e-01
7.658659869388082e+00,7.360578612380317e-01,-2.468584871146760e+00
3.057588231556988e+00,7.820014690802246e-02,1.650390564595778e+00
4.084187074986926e+00,3.393939711199121e+00,2.193856272136112e+00
3.016035662971646e+00,3.657627298968276e+00,5.490636298261311e-01
8.022429180102997e-01,2.226040452901596e-01,-2.128511907856698e+00
9.394336228961874e+00,4.272623257936374e+00,-3.045947044375498e+00
5.485389920711889e+00,-4.352622339235194e+00,1.261679200161577e+00
7.878331881854967e+00,-3.867742077487825e+00,3.150368681691926e-01
6.583570921852960e+00,9.678823001444012e-01,9.474863852202811e-01
5.142542790619751e+00,-1.459341382064163e+00,1.967797318231984e+00
8.967825665938012e-01,-3.577483381080118e-01,-4.132590652182970e-01
6.427335452703043e+00,-1.719207821028335e+00,-2.359238889297812e+00
1.553703559368321e+00,-9.527468855506438e-01,2.764496514172244e+00
4.143831693562766e+00,3.226463471462996e+00,2.843903328891466e-01
6.291131434804304e+00,9.347619985430464e-01,7.244143150613298e-01
7.822290004721234e+00,4.973445492834983e+00,2.723204326123263e+00
6.850451757086196e+00,2.868791978209630e+00,2.711720088147489e+00
6.715335290546288e+00,-2.263337458981733e+00,4.529837737213507e-01
1.490422091752075e+00,-2.356548822733038e+00,-1.271644922531345e+00
3.461285400715879e+00,-1.641017298829929e+00,3.123457081227493e+00
4.291227266019415e-01,3.432594806477427e+00,1.136107282883026e+00
7.194768931764646e+00,-4.727123493494344e+00,-5.753093264283673e-01
9.525859813174192e+00,-2.698187211287423e+00,3.759657205182765e-01
2.641103901790758e+00,4.049184203442669e+00,-5.288302587207316e-01
8.769670916230932e-01,1.398964360832520e+00,2.439793227612427e+00
4.755700767536536e+00,-2.731529044989436e+00,-1.099596707100017e-01
8.566982231275688e+00,-2.808550317674197e+00,2.032788738421045e+00
5.519741952717797e+00,3.626181017594305e+00,2.137390716332246e+00
4.677715019011330e-01,3.937575082770465e+00,2.037840179101320e+00
9.742722405279460e+00,-2.438689090378847e+00,1.396052225329776e+00
8.286499099626006e+00,-7.948964192346777e-01,2.229762456090836e+00
1.315940770515102e+00,3.345957386283171e+00,-7.085574483974253e-01
9.217977565035088e+00,2.710074386098854e+00,-2.421142481484524e+00
4.506882886051886e+00,3.139161065660845e+00,2.151703225295258e+00
3.718979905749412e+00,1.839819078796880e-01,-1.150818364213269e-02
4.610533305271883e+00,4.115490483051731e+00,-2.341265437523971e+00
8.345719568709471e+00,-1.740484560455648e+00,-2.417062708481981e+00
6.594796782867858e+00,-3.433278656524820e+00,-2.141043183266733e+00
5.924845239972754e-01,2.087323325648648e+00,1.576911497635327e+00
9.576043711161709e+00,3.935441600689638e-01,1.324851552644101e+00
1.477841334783178e+00,3.545857688094809e+00,-1.860962116923400e+00
7.455679517353511e+00,-4.188407508752850e+00,2.179784123383985e+00
6.361365304281311e+00,3.436924034380668e+00,-1.374165327340639e+00
1.875280479465609e+00,-2.067053467911778e+00,1.840882712299918e+00
1.707320761130496e+00,1.548556671681830e+00,-7.033455604702565e-02
8.703275937046920e+00,-4.598712109217442e+00,1.454863280023109e+00
4.196949234995971e+00,1.095812963036007e+00,-7.452632926264058e-01
6.545765141741385e+00,2.172716891873359e+00,-9.604439543983481e-01
5.040710038566733e+00,-1.312497854943797e+00,2.144825616645993e+00
7.273535170759596e+00,-2.845892947378598e+00,-2.919782046716676e+00
4.792423750393305e+00,3.763067660354498e-01,2.982860211783660e+00
2.873799152555684e+00,3.331908044356465e+00,9.310396233173561e-01
3.633833709964964e+00,-1.764526417033492e+00,-4.242193832558132e-01
8.590776944503427e+00,-2.475307024787204e+00,8.045903486421224e-01
4.680346929227270e+00,-2.210646913623123e+00,-2.370388542209396e+00
2.134493322446093e+00,4.491321529166644e+00,8.829418063021643e-02
9.346053880772532e+00,-1.407230842354403e+00,3.047945064827209e+00
7.966004564983770e+00,-4.963957601117128e+00,-1.663351178482964e+00
5.566614605619913e-01,2.816812079596197e+00,1.396614485973000e+00
9.989429619805177e+00,1.992747953353902e+00,-4.085868959203620e-01
6.949266964401023e+00,-3.714317353970311e+00,9.579227985393137e-01
1.602665990405869e+00,4.849042491349124e+00,-1.854248228644886e+00
2.371676812985965e+00,1.080622853051112e+00,-1.855739872643745e-01
6.924454812415469e+00,7.794909406015016e-03,3.016511485804570e+00
7.797610552791220e+00,-1.177807323771090e+00,-1.914567295645041e+00
2.390359431498061e+00,3.986727555636380e+00,8.573093942170202e-01
2.569688538992708e+00,-2.560365185814367e+00,4.749946643073821e-01
3.071206948720608e+00,-2.142310997800982e+00,4.087311711885873e-01
5.980183648366367e+00,-3.775891933134331e+00,7.233409620532205e-01
1.718161783012769e+00,2.591190955842601e+00,1.406160339572926e-02
1.042431988847775e+00,9.554928040585331e-01,-3.035213612331349e+00
6.788640890855135e+00,1.090661692544983e+00,2.513882407234463e+00
7.790979397931701e+00,-2.815295689805364e+00,2.054468564606471e+00
5.009294044165054e+00,1.511683891270838e+00,-2.047264839840661e+00
3.638327102683854e+00,2.654584472468640e+00,-5.449206976314600e-01
4.320427135264763e+00,-1.421114692743108e+00,1.699909380366240e+00
3.884078338719519e+00,3.013471439617122e+00,3.016320486571998e+00
9.599849082376753e+00,-1.512094114679790e+00,2.834577661727427e+00
7.680899052191402e+00,2.581384615092876e+00,2.509247855692336e+00
2.080872148501103e+00,-4.662698925422810e+00,-2.146500109039070e+00
3.841891520539801e+00,5.116460147365265e-01,2.604223896267481e+00
5.440122913631098e+00,4.695265606398866e+00,2.377839516631080e+00
6.129858620636885e+00,4.812446006823908e+00,-7.731465102064843e-01
4.681838960287671e+00,-2.182474216582594e+00,-6.627340842491822e-01
8.101266350119591e+00,-5.860090891964456e-01,-2.518996725203242e-01
7.676060194582317e+00,-4.370220920133669e+00,9.812804298276925e-01
5.051579186281668e+00,3.733413076045997e+00,-1.502714143656172e+00
8.544293867817304e+00,6.857215314021410e-01,-2.997403418909885e+00
7.510895304423859e+00,-1.148993210594830e+00,-2.254221379700443e+00
7.785818487206432e+00,-3.872294415108470e+00,-3.762628496474001e-01
9.564007794334167e+00,4.467672854968892e+00,-1.369718252784190e+00
2.664669412092027e+00,3.021904782099369e-01,1.662006569807896e+00
2.676481623668492e+00,-2.170720709170961e+00,-2.471239169892658e+00
8.889522556906401e+00,-1.497848698684905e+00,2.623011371464355e+00
7.722263733856795e+00,-2.293028190778523e+00,2.483913928552322e+00
9.265455414356275e+00,1.018098088569807e+00,2.568294826364732e+00
6.313016032445307e-01,4.299635757805099e+00,1.505514022677743e+00
6.277570772615966e+00,3.566938033265645e+00,-2.469292004895407e+00
1.446283381234474e+00,-3.961912457402246e-01,-3.886931026371840e-01
5.038971982925826e+00,3.264993623010078e+00,-2.315948352177233e+00
1.557469318534442e+00,-7.689451872367012e-01,3.064304402279779e+00
1.280785089848793e+00,-2.476928592413620e+00,-1.049050524964995e+00
1.216834538203315e-01,4.834151152664280e+00,5.361476070573103e-01
6.302388123829044e+00,-1.961124320291781e+00,1.755478333355324e+00
3.590226166900861e+00,-1.762757690130916e+00,2.642808800369987e+00
1.051882848789717e+00,4.896928677865223e+00,1.605653716289591e+00
3.228377777313098e+00,-3.660725068343451e+00,1.096439578791341e+00
1.689440914515850e+00,2.605339880096951e+00,-2.137427672743204e-01
9.416948315016594e+00,4.358127584827265e+00,6.622485717560558e-01
3.200048857613481e+00,1.179499427541861e-01,-2.549943993337626e+00
3.339535232893899e+00,-4.974782382971799e+00,2.412256474746043e+00
8.398580033995856e+00,-1.249410558868937e+00,2.750609436906308e-01
6.477557612860042e+00,-3.884310076151729e+00,-2.889416694394050e+00
7.101716074030014e+00,-8.381233906630428e-01,2.638322866399744e+00
6.360018039889606e+00,2.900267616422846e+00,-6.721768080400947e-02
9.461962839485654e+00,-6.128845111619956e-01,2.315913878642022e+00
2.070008315580452e+00,-6.807487865407751e-01,2.242393150172480e+00
9.890392417557957e+00,5.678947691884666e-01,1.983925735029175e+00
8.309561775565133e+00,8.169058474768018e-01,-2.755786104936747e+00
5.889725888763422e+00,3.562963087989713e+00,-1.589227137166255e+00
6.623716243962489e+00,-1.916445607710485e+00,2.359636874417347e+00
6.488258765006140e+00,3.216712643680159e+00,2.506934741082583e+00
5.839622405915390e-01,6.593374869204727e-01,-2.634611078776428e-01
2.180164985319386e+00,-1.994704502828530e+00,-3.767305694751681e-01
9.614708845247492e+00,-2.048739559939229e+00,-2.041151596066218e+00
5.343644288593793e+00,-1.388624828942755e+00,2.943111785228644e+00
3.783536032619121e+00,1.226932426199755e+00,-1.802404116819195e+00
7.620384633890750e+00,-2.691882686400509e+00,-1.941901455556946e+00
5.245189426558095e+00,4.203335616722674e+00,1.009889903679398e+00
1.316277143189759e-01,7.491258417790032e-01,-1.615756897045113e+00
7.362375967151179e+00,4.200157769960068e+00,2.756883339533131e+00
7.322175600528613e+00,-4.535956414208453e+00,-3.073061980863548e+00
1.651487121099744e+00,-1.573886295385266e+00,-3.105443840291676e+00
9.566600884242133e+00,-4.771923393123769e+00,3.064184712619156e-02
2.239081315411143e+00,-2.277481849020302e+00,-7.500577647554030e-02
4.577493673821992e+00,3.620064722685882e+00,-2.115146231460228e+00
1.147359612609147e+00,-4.633902841577991e+00,-3.443460142203181e-02
6.032823194505884e+00,-6.385290008425510e-01,-5.550496460484240e-01
3.754511200572125e+00,-3.824329295267722e+00,2.452512738589554e+00
3.531734622097055e+00,-8.315934073963227e-01,-3.083448558048756e+00
8.269768772209472e+00,3.388515842643773e+00,2.992491441236331e+00
9.561712850478243e-02,1.230710334025192e+00,7.815827889430906e-01
7.979467708924225e+00,2.367563453314232e+00,-2.187532146919875e+00
5.714485657480787e+00,-1.508958845504190e+00,-2.847790821847959e+00
9.860985134801991e+00,4.443976950101415e+00,2.394249139797675e-01
5.894432206042490e+00,2.092620937795001e+00,-1.665734213954679e+00
5.537913414795792e-01,-7.820118071546913e-01,-1.249313776474631e+00
5.064532644372632e-01,-7.353519977294507e-01,-1.601381837184453e+00
8.831529863718320e+00,4.186841779432976e+00,9.435604741839656e-01
8.412141455110531e+00,7.640469343539182e-01,3.363323882766629e-01
3.458900755820232e+00,2.063792099030417e+00,-2.651664901381749e+00
6.180324841811372e+00,-8.296477548682919e-01,1.666711234966738e-01
4.895913570556003e+00,-2.763072352352859e+00,1.829599256588394e+00
9.671640551360522e+00,2.235592919944186e+00,-2.631431993525073e+00
9.499609008768916e+00,1.078237721413879e+00,2.448802209086189e+00
9.838390085407745e+00,1.342880424779391e-02,4.920151892644342e-01
8.664487806342642e+00,1.240209399944638e+00,2.831357044374853e+00
9.095515907751013e+00,-2.917144139357664e+00,-2.210793931008870e+00
2.172787787671364e+00,2.939387065319563e+00,3.101160352074852e+00
8.310067889897745e+00,4.481628050203058e+00,9.064931516853632e-01
7.088571132042746e+00,3.911031441677027e+00,4.240785624992620e-01
9.627865088280702e+00,-1.785642546929829e+00,9.600470972028186e-02
5.712618284426194e+00,-9.399422671792408e-01,-2.992967844087930e+00
8.516716671055635e-01,3.084022997975612e+00,2.762334508804621e+00
5.973988911871530e+00,9.511713082460380e-01,9.047439561525685e-01
6.865809280212877e+00,4.791444367664921e-01,-2.565886472435329e+00
2.203210287124283e+00,4.266419675334452e+00,-3.009946285041710e+00
3.941133835127284e+00,3.602496097705075e-01,-2.822509637692328e+00
5.985034140516800e+00,1.493867958730988e-01,6.873538534651482e-01
3.741057373165055e+00,-4.579814087336404e+00,7.163799796576424e-01
3.749477172386639e+00,-4.305830414098624e+00,-2.090467390427175e-03
1.330866391727974e+00,-4.925796921193498e+00,-1.214126156518280e+00
9.407467230776660e+00,4.132442257836336e+00,1.994454648908595e-01
7.504943844950965e+00,-9.161333998229937e-01,1.024273614099767e-01
1.243438866102009e-02,-3.143862386658745e-01,-3.019601093042691e+00
7.656132840221652e+00,3.453869475924620e+00,-1.366786135865731e+00
7.397949926578588e+00,1.092463103757780e+00,-2.807419297526070e+00
9.730960155522994e-02,1.095015963905811e+00,2.514246454894008e+00
3.696042976137646e+00,-2.034655706451876e+00,1.415118867248079e+00
6.067476903255306e+00,3.339083739245192e+00,3.117183548025007e+00
4.527506518580359e+00,-3.341700239605062e+00,-1.242994611738114e+00
7.779861187205073e+00,-4.468504078270521e+00,2.378096717601628e+00
4.254583326344340e+00,-3.083966424814677e+00,6.475090621155175e-01
1.538629694538370e+00,-2.322627812254353e+00,-2.945217546232914e-01
9.764156242738286e+00,-2.176889421457933e+00,-1.743124550967794e+00
2.420399927760466e+00,1.705135986187676e+00,1.497862150272620e+00
7.176923105413323e+00,-2.821754126713565e+00,2.539291215548052e+00
1.431563116640719e+00,1.766583044949845e+00,-1.663106384146658e+00
3.290126137839327e+00,-4.088678267662003e+00,-2.039582677862285e+00
4.420276084304238e+00,-3.527975389020910e+00,1.232898653305222e+00
1.922320045270639e+00,8.821448490994932e-02,2.996910767955960e+00
4.499595763686095e+00,4.218958025766426e+00,1.570514218711731e+00
1.571628229917500e+00,3.595675888111140e+00,-1.353519135299297e+00
5.590065389858902e+00,4.687534424428032e+00,-5.029349029140553e-01
6.637132525201940e+00,1.504790652781709e+00,-7.268537331877516e-01
6.243428402801077e-01,1.758148664160920e+00,2.212278244124327e+00
8.711321210821680e+00,1.250229989314921e+00,1.705072890607838e+00
1.851408850420355e+00,1.228189228581973e+00,5.590491443934993e-01
2.253624253203238e+00,-3.528796549324154e+00,-1.413973611068801e+00
6.613498400830630e+00,4.373895616392867e-01,2.751963082096442e+00
4.687510604344141e+00,-1.139320665482742e+00,9.633079676364380e-01
4.993955991710656e+00,-5.746278422270654e-01,2.956091952294132e+00
1.281549845631327e+00,2.360057305923737e-01,5.033901648645092e-01
8.057358218764083e+00,-3.716038281977484e+00,2.018113620122743e+00
6.170542461042100e+00,-1.405122661478801e+00,1.967299119410581e+00
1.353820433094560e+00,-4.365504391233964e+00,-1.022093439300106e+00
3.739993670255960e+00,4.796681304223991e+00,2.915528188711705e+00
8.104099327350301e+00,-3.814719711798738e+00,-3.003730346762822e+00
5.683550459866207e+00,-2.414752614550455e+00,1.688360433846292e+00
1.086487791329305e+00,3.912929267033972e+00,2.925181440925987e+00
3.727770457892867e+00,-1.728995376085818e-01,-1.012169610234873e+00
2.426943984557346e+00,-3.643627984793697e+00,9.306062690459669e-01
5.174655536537264e+00,-1.157694619606511e+00,3.909602091861082e-01
8.433611288719895e+00,-3.841320058086142e+00,1.643098885879596e+00
4.362671348044199e+00,-2.997840029154982e+00,2.300763737093750e+00
4.333420303683231e+00,-4.479701530501550e+00,6.474481238075684e-01
9.053509023270369e+00,-6.177250545090009e-01,1.984887055622615e+00
5.761854125072724e+00,3.066361217252599e+00,-1.179444511518309e+00
5.661910873974069e+00,8.596917869989547e-01,-1.705337804924290e+00
2.619098918753894e+00,1.063453054846118e+00,-4.356277544400720e-01
6.077227478371263e+00,-2.994159699167597e+00,1.116751991034039e+00
5.759104674173964e+00,-1.561061567476335e+00,-1.965085375203799e+00
3.968514703418640e+00,3.452421038408319e+00,1.133186243846394e+00
9.906955658991805e+00,-4.121438156734855e+00,-6.654292312289845e-01
8.818909649480867e+00,3.579306536685337e+00,1.857154218087767e+00
7.495862900768156e+00,-1.630997373521437e-01,-2.910146388788363e+00
5.373455884130005e+00,3.371474313251174e+00,1.055466041870921e+00
4.620598018946303e+00,-1.819935806055997e+00,9.413615043263910e-01
1.848973952231994e+00,-1.611570484169792e+00,2.770479305004811e+00
3.057374740146237e+00,2.516048683231427e+00,1.340627877582620e+00
7.739607998232102e+00,2.849961733922202e+00,1.861719722096208e+00
4.537489539375514e+00,-2.703553220098533e+00,2.542120326225491e+00
8.822695165695013e+00,4.728713248219055e+00,1.099883641005819e+00
1.479111363455288e+00,-4.155098957551711e+00,-1.318503597584532e+00
5.083470960136365e+00,-4.314970368978691e+00,2.323357304523155e+00
6.469656840213087e+00,9.550421528610276e-01,1.555579202670598e+00
5.168484563079260e+00,2.227407677716214e+00,-4.747725363168716e-01
8.892268915849872e+00,4.608861292249738e+00,1.322793804326916e+00
9.895632818291398e+00,-9.505421920113841e-01,2.310257350717912e+00
1.158346583413697e+00,-4.747085910103669e+00,2.988610483286291e+00
1.299549040769210e+00,1.028963394464069e+00,2.842208323356125e+00
1.303241135601211e+00,-2.103039794012282e+00,-1.097497632448674e+00
6.811770960705275e+00,-6.705287880459778e-01,-4.920129074257189e-01
3.726760954958379e+00,-1.153051775006473e-01,-2.453353866597640e+00
7.333146612659061e+00,-4.354873892619661e+00,-1.586226026521760e+00
4.054714728869787e+00,-1.401821543589721e-01,2.402823318319067e+00
6.276067213320636e+00,-7.368033319568523e-01,-8.743056986944882e-01
7.698580056788935e+00,2.125442652865932e+00,7.574546932247936e-01
5.482159106549206e+00,1.456659112123447e+00,1.042792734443727e+00
5.395035904500061e+00,-3.147842818494389e+00,1.770785560713531e+00
8.823432528563446e-01,-2.938610817896030e+00,-1.993026189398461e+00
4.107817429094348e+00,-2.489938212256267e+00,-1.226395244745019e+00
5.457771532249376e+00,-3.210495597028227e+00,-3.246123402651029e-01
4.619808256664100e+00,1.572131996684671e+00,-8.492286581616653e-01
9.007820001884255e+00,4.944301792002705e+00,3.034183063864139e+00
9.065306321194894e+00,1.521083405159366e+00,2.104495133527327e+00
8.219173805887618e+00,1.066815461912912e+00,-1.276318849096958e-01
3.752980753731200e+00,-9.007206664892751e-01,2.383015058900684e+00
7.172991516875343e+00,-1.874197411402393e+00,-9.572247613367479e-01
3.952884610696098e+00,4.110737569064792e+00,1.795912325043078e+00
2.325935989757590e+00,4.690018741421531e+00,-1.736197421992717e+00
3.429026435508816e+00,-3.223824412272158e-02,1.711049873387397e+00
7.096463328553548e-01,-2.097995044934425e+00,-2.736113372182731e-01
3.317775090046472e+00,2.701222076697677e+00,-2.466154499399554e+00
4.607422172611716e+00,-3.675432091331215e+00,-1.424634014122329e+00
9.554808947808301e+00,2.655882376436816e+00,-6.140266464737398e-01
3.134105862196249e+00,3.189483743113387e+00,1.566353559754010e+00
9.024535392055206e+00,-3.750960553728326e+00,-2.683028732714203e+00
2.288582758234971e+00,4.768614687965638e+00,1.002463335370726e+00
1.909688977592494e+00,4.855122903884784e+00,1.357253734859610e+00
5.189954564321649e+00,4.367194793273512e+00,9.671164899784355e-01
6.725113692974060e+00,-3.965190593735635e-02,1.637835640562204e+00
4.433225080228143e-01,-2.539258577231716e+00,-2.022126223194574e+00
2.210658650472167e+00,8.200928088191297e-01,5.472865207381230e-01
4.556836665013164e+00,-8.006616152856427e-01,2.771795450607932e+00
3.310043359831814e+00,-2.940513552828029e+00,6.960780963024904e-01
7.126210793483219e+00,-7.632359038215242e-01,6.995468993298433e-01
5.111605960413169e+00,1.638898356775905e+00,1.485594085360892e+00
1.603591056039002e+00,-4.290866892140089e+00,-1.048008718006539e+00
8.944653793150906e+00,-1.665819985539835e+00,1.259627237627089e+00
2.929056754833596e+00,-4.822051099871748e+00,2.615274305824630e+00
7.311311089644235e+00,2.494955054616756e+00,-3.073134377562186e+00
7.799157791054099e+00,1.406912676167008e+00,2.325488821890777e+00
9.631577002561022e+00,-4.373278652980341e+00,-1.767973166744010e+00
4.985074665241013e+00,4.647375596019678e+00,-2.769422390743785e-01
6.158355154644322e+00,-4.773784428728993e+00,2.213866525962652e+00
3.348762934795337e+00,8.996064647608861e-01,2.035199920052773e+00
6.781792934120665e+00,2.763674617990558e+00,2.462552972041583e+00
4.633834858663198e+00,2.878963130447230e+00,2.767220320503847e+00
4.376523647244222e+00,-4.657148644067962e+00,-3.320226327983420e-01
8.554675291161054e+00,4.064151326404392e+00,9.824627985994949e-01
5.016884349868866e-01,4.184516719271222e+00,-6.881442533057616e-01
8.819624278318685e+00,6.139037315437266e-01,-9.379745272607631e-01
8.520698378285569e+00,-1.791680111285388e-01,-4.297987110763755e-01
5.063662535617891e+00,-4.551325369374002e+00,1.527292398592515e+00
4.902028542056282e+00,6.195414250986868e-01,9.052481271165647e-03
3.618073680354902e+00,-9.062091822976921e-01,1.973295132071427e+00
9.941737916817344e+00,2.728064074086562e+00,1.540753132967839e+00
1.111693327538412e+00,-9.611643311391216e-01,-3.012922687539319e+00
5.902152356286070e+00,1.835808333247098e+00,8.183104751635812e-01
6.816815901124170e+00,-3.985918537624692e+00,-3.985353860783665e-01
9.343300082169444e+00,-3.670477292340331e+00,-2.725080981230734e-01
7.802034968567614e+00,-3.602898093508417e+00,2.000396894277217e+00
6.438472028115468e+00,-4.544745002002565e+00,2.991297986716512e-01
1.168123168121227e+00,4.132885926980379e-01,2.422933375285057e+00
3.737335168314674e+00,2.939677260436360e+00,1.337096971401117e+00
1.388416425479853e+00,1.104112036936661e+00,3.320035666975372e-01
8.812127324655137e+00,7.495488555285625e-01,1.599309271871843e+00
7.496211555636430e+00,1.806239284027365e+00,-2.900638460270992e+00
7.575367867972292e+00,-1.603546769279852e+00,-2.971421031508475e+00
6.522565177735441e+00,-1.380459283517711e+00,-2.617893387317388e+00
5.070435369367097e+00,-1.857299017790774e+00,-3.922886316940080e-01
1.499710594634972e+00,2.121089328535755e+00,-1.662215758013290e+00
3.296948867050518e+00,-3.383596643292257e+00,3.042703449909025e+00
1.369157924768906e+00,-4.869747196870756e+00,2.657167800748028e-01
7.249131428523432e+00,9.619644672249237e-01,1.020488229431746e+00
1.602287760220050e+00,4.423813647342055e+00,-1.389714070178738e+00
7.021135501716856e+00,1.094079169963047e+00,-1.119683045656317e+00
6.922553895959047e+00,2.829216529408951e+00,-1.033823283539743e+00
4.593044789912889e+00,1.727907094660301e+00,1.248693262612343e+00
1.352286541180523e+00,-2.563346476983774e-02,-1.652087695165685e-01
3.148008261340367e+00,2.183924017838460e+00,1.111096657542325e-01
3.200931090755514e+00,3.241041238552217e+00,5.780717857203039e-01
7.003851331432934e+00,-2.752683558283020e+00,1.688993448874575e+00
1.137430194137243e+00,-1.638695195168545e+00,-2.573782777522676e+00
8.290686462160908e+00,-2.762742674967162e+00,1.739650097194630e+00
7.610072901859139e+00,-4.782704440955898e-01,3.973176556550189e-01
1.863069181742739e+00,3.850645509166675e+00,1.062458014625548e+00
7.191643817788894e+00,-1.547928991646677e+00,-1.083524217401574e+00
6.685131814678218e+00,-1.255331108694466e+00,-5.693392955519530e-01
7.481208001109263e+00,3.603672346719318e+00,-1.689134972018155e+00
1.889285554486945e+00,1.537433074467520e-01,3.011530701504254e+00
1.575903221564686e+00,3.544899964743440e-01,-1.883087908839176e-02
2.364839859227542e+00,3.608012033322129e+00,3.116943188564148e+00
3.658717031489757e+00,-9.473262974526797e-02,-6.417659257266140e-02
7.936649810358012e+00,1.815575346293953e+00,-1.760854737977684e+00
7.379239374788500e+00,-4.143553341259393e+00,4.682478968029136e-02
9.254515922785330e+00,-3.213682868731147e+00,-2.892806338632453e+00
5.862955909861545e-01,-9.562379928375444e-01,2.543243669084403e+00
1.155628101418560e-01,-5.160932180125144e-02,2.001510257903279e+00
6.991388297007991e+00,4.657337012362294e+00,1.418872177685973e+00
2.792874957941657e+00,4.706516330477900e+00,6.900616048038581e-01
3.340788955338176e+00,3.511970874787616e+00,5.016132840075676e-01
5.468020259145122e+00,-1.844011647144255e+00,3.121035416365637e+00
1.024131231267985e+00,4.640282908324396e+00,-1.394883260722093e+00
6.426944165480498e+00,1.893408646762126e+00,1.757308695112846e+00
3.251474462311502e+00,-1.070598721825996e+00,5.114812561407827e-01
6.327151243009917e+00,2.016749169847664e+00,2.990045640518460e+00
8.340069130733859e+00,-4.834772702134734e+00,2.059648144946276e+00
1.711113333374297e+00,-3.538453177257864e+00,3.132325665196252e+00
9.308730929145202e+00,3.296857115563677e+00,5.549623074631613e-01
5.306881410624438e+00,1.455736368731712e+00,-1.856405064871092e+00
9.229277651739684e+00,-1.358052987081160e+00,2.316632850419831e-02
2.077300822017781e+00,6.666402227187618e-03,1.326450375648590e+00
6.045626646042376e+00,4.051421496457671e+00,1.723857147328271e+00
4.038871173236047e+00,1.315781094790865e+00,-3.138388298097993e+00
7.742221911560132e+00,-1.018507160656697e+00,3.158612861550525e-02
6.059089432132963e+00,-3.796733426024650e+00,-1.663570196977665e+00
4.945154569583185e+00,-2.062531983744390e+00,2.355640522194250e+00
9.129854064310086e+00,4.783402327965833e+00,-2.180859414145627e+00
3.771170641716802e+00,-6.263693714822249e-01,1.045875461616811e+00
2.199802048981815e+00,-2.816053615513914e-01,-1.469874608544207e+00
6.081011868520917e+00,-1.401967602984655e-02,-9.013722979555578e-01
6.240284371728137e+00,3.841040229482111e+00,2.768115474129307e+00
4.390946215718754e+00,1.039282843853099e+00,-1.630812524886874e+00
4.866100436893824e+00,1.936770364519221e+00,-2.544672696362474e+00
9.595534142999000e+00,-1.105864574508960e+00,-2.706262778826048e+00
7.326856913968013e+00,-4.709123814110256e+00,2.899759196795682e-02
1.106017514825770e+00,4.309729142428443e+00,8.903995033472789e-01
2.121300708706110e+00,4.491276809164065e+00,-1.085146041171922e+00
9.755766344355589e+00,4.491530533480510e+00,1.195437214182067e+00
7.264655537935313e+00,4.436870866467165e+00,-2.758106489807892e+00
9.150451261446532e+00,3.152419410695611e+00,2.245199790725654e+00
3.038614639887220e+00,1.845960501163269e+00,1.989050440968417e+00
7.418668600865923e+00,3.445099182672855e+00,3.050463039101225e+00
7.140027085235115e+00,1.005462390010362e+00,2.742641682513181e+00
2.946899854393751e+00,-3.656303861079764e+00,-9.035398667953456e-01
5.508163254507053e+00,-1.087818349585790e+00,-6.328714272246319e-01
6.274151112702953e+00,4.712949119729375e+00,1.545442715758068e+00
4.811318108274651e+00,-1.488621864043437e+00,-2.299125750896332e+00
8.271787066580128e+00,3.678279137313694e+00,-1.168580039941192e+00
8.328690417979894e+00,-4.067885292251304e+00,-2.396777980085099e+00
8.506005483015567e+00,-1.658161576245304e+00,-2.834568003402840e-01
8.034235690981628e+00,-1.490466752726204e+00,3.267525272858829e-01
4.880834771971446e+00,-4.483974568910199e+00,-1.814832291262691e+00
3.814382981490072e+00,-3.809056698132451e+00,-2.974260829665682e+00
8.313762837143706e+00,-3.068347888782290e+00,1.378253339099044e+00
4.902014585562668e+00,3.378155908101130e+00,-3.015896498399580e+00
2.463713986279819e+00,-4.365980100601936e+00,2.974476316799131e+00
5.073435323222163e+00,-2.012990986556128e+00,-1.749193194061600e+00
1.418498219192421e+00,-4.898249974107324e+00,1.029814650630461e+00
6.916294905987988e+00,1.956277454030247e+00,-4.099669950077316e-01
3.359212816239063e+00,1.203030900433798e+00,-2.766650731096994e+00
2.606587984474543e+00,1.449822620531418e+00,-1.747755540930420e-01
9.565087462347449e+00,-1.256172152853813e+00,1.053101711526616e-01
7.768809957583076e+00,-2.917321787324310e+00,2.228540321792431e+00
7.870695027239316e+00,2.203202132860334e+00,1.459892260548519e+00
6.237219692791834e+00,3.111178727406951e+00,-2.643320509396336e+00
8.391728105102970e+00,-3.613985019017982e+00,-1.827384754237930e+00
7.591624811633812e+00,-1.317057206257868e-01,-1.181944538640167e+00
5.987737041336166e+00,-2.512843180211375e+00,-2.410181588351271e+00
9.611244018517173e+00,-3.318931387938663e+00,-2.708111243558622e-01
1.915949496844230e+00,2.343253134949991e+00,3.043004392159517e+00
9.433797189947510e+00,3.809693547283697e-01,9.181487520198628e-02
4.014381619988649e+00,-2.838146676213322e+00,1.519790486076877e+00
5.283989834014866e+00,-1.899999887884549e+00,1.149432082632323e+00
1.227393195443089e+00,4.666536713277424e+00,2.198558387785044e+00
5.401074389217909e+00,3.486795647085566e+00,-1.786161987882780e+00
6.112067518581934e+00,3.799467428731283e+00,1.594837438045956e+00
9.977015418085241e+00,-3.998790291929204e-01,2.396125642705026e+00
9.751924110715265e+00,1.238072639208751e+00,-2.063964653803360e+00
9.663972918742873e+00,-1.232322597955884e+00,-9.625700417205425e-01
3.483880601020574e+00,-4.222880243111095e+00,2.953736498527268e+00
9.912664987450434e+00,-9.893068934321745e-01,1.764242068294837e+00
4.554781515951109e+00,9.398075320714474e-01,-1.366022086646323e+00
8.518362587619006e+00,-2.128557292318686e+00,4.017579875453019e-01
2.163199690189720e+00,3.479505747274157e+00,-6.011366991930598e-01
5.058331796566024e+00,-3.488998408254014e+00,-6.305065666151544e-02
9.660120961276053e+00,-1.328709105630801e+00,-9.100176582367605e-01
9.470313969234276e+00,-3.750960946757971e+00,-1.386504102120448e+00
6.837348778214267e+00,-9.516786601477465e-01,1.098068573908580e+00
7.978143225530598e+00,-4.603386950257295e+00,1.750129839984226e+00
1.764266966024014e+00,-2.274506049383546e+00,2.349641899161270e+00
7.216585494841574e+00,-9.926474488631634e-01,-2.165625685171469e+00
6.180508083353723e+00,-2.183463672330843e-01,2.028561082509547e+00
9.155173575124609e-01,4.369635847514184e-01,-1.540631856978263e+00
1.131590065896763e+00,-2.250088702100811e+00,-4.565589272837962e-01
1.084436177512619e+00,2.304133461487234e-01,2.522345068588004e+00
7.243569348298356e+00,9.004621562059789e-02,-2.858623058356948e-01
1.417152082475724e+00,-1.838219491237916e+00,-1.903405951901661e+00
4.677322711144704e+00,3.302003306564782e+00,-2.137108267925376e+00
3.569818058777577e+00,4.564112659356514e-01,-1.697480004266478e-01
5.505041407702178e+00,-1.677302812534550e+00,1.650419514930731e+00
7.064764872194028e+00,4.473385120807764e+00,3.124032055273441e+00
6.847225372213321e+00,3.451124130711611e+00,1.805841671313679e+00
5.155199159143766e+00,4.825878115518009e+00,2.368836001060731e+00
4.643348736103855e+00,1.922338746454208e+00,1.557176648869716e+00
3.978155951222587e+00,-1.217770944939531e+00,2.484592015013845e+00
8.619099483043794e+00,-2.191393333209877e+00,-2.662226183207144e+00
3.308518048726450e+00,1.633178436744810e+00,2.701339905813700e+00
2.593658211674948e+00,4.808165824953036e+00,-6.508993328251780e-01
7.433154936552713e+00,1.267150801038488e+00,2.649080293013623e+00
3.597634616967265e+00,3.816149409898381e+00,-2.665749201993397e+00
8.469985997572685e+00,-1.708965689522314e+00,1.352411385657406e+00
3.278887186371447e+00,-9.304621752574436e-01,1.480876082712172e+00
7.019448245745882e+00,4.062752395893533e+00,3.122183198613308e+00
4.510900628533610e-01,2.568667019578188e+00,1.689267486556028e+00
3.855628801103200e+00,4.814103203679057e+00,-7.378111662959279e-01
3.432301749675515e+00,2.747642097322419e+00,3.597032583869564e-01
8.166787392759234e+00,-5.148429278176820e-01,-8.384851845685803e-01
9.670554032283100e+00,3.106801982236309e-01,-1.909971181477062e+00
4.608812766929614e+00,4.005154924631366e+00,-1.580206480627578e+00
8.248362771537581e+00,5.164673609804797e-01,-1.746659326598290e+00
6.996947009573651e+00,-2.446026258355548e+00,3.067157652466199e-01
9.673859876636932e+00,-6.438018723005055e-01,2.551982531245530e+00
8.111085143428248e+00,1.631598884911787e-01,2.593237872920422e+00
7.747806596373052e-01,-4.032801664488704e+00,-2.797501691273875e+00
7.132817223822362e+00,2.437626742528902e+00,-2.639569911476405e+00
5.354997154223736e+00,-3.906460666450270e+00,-1.601464195054811e+00
1.643605793232716e-01,-9.508228663119436e-01,-1.539006849376318e+00
2.513129587254437e+00,3.046224415404046e+00,-2.545386381916142e+00
9.217552450268929e+00,-3.242963838670310e-01,-7.008054959509411e-01
9.260613727867529e+00,3.420155197185080e+00,5.511948984244555e-01
7.988504602006344e+00,-1.581186779438850e+00,4.911075903833737e-01
9.817796032779894e+00,4.576362939984355e+00,2.728767351794823e-01
8.065452246242049e+00,-2.905315681947644e+00,-1.013654191182442e+00
1.020418728524519e-01,-4.617358550106987e+00,1.297199328564832e+00
2.878343403015118e+00,3.724265429904186e+00,2.051359101002355e+00
3.062418223776286e-01,2.522027159504082e+00,-9.658872702045516e-01
9.410796873755944e-01,-2.680161629326272e+00,-2.604158140795087e+00
2.188408169507761e+00,4.847416071366739e+00,-1.279694773856603e+00
5.035585463255225e+00,2.280129268527809e-02,-2.278479941497736e+00
8.475320034620177e+00,4.510654401441634e+00,-2.050911654938181e-01
8.619667561571081e+00,5.028771386999331e-02,-2.161823201967785e+00
6.162018585572965e+00,-2.812541322870903e-01,-2.334532727680938e-01
9.281759390662350e+00,-5.086146285553497e-01,-1.752990527691374e+00
5.000623265902081e+00,-1.651247238670498e+00,1.499991774208111e+00
8.890360441332016e+00,3.370149717655169e-01,-2.968376287825219e+00
4.540652563320121e+00,-4.744533805143210e-01,3.439811718591441e-01
2.772250074218823e+00,-4.632531233764459e+00,-2.076666414872879e+00
9.164129181004277e+00,-2.395647665764975e+00,-3.135360585327519e+00
3.879350756788693e+00,-2.868771998944416e+00,2.319752568738205e+00
5.034041088444616e+00,3.674356023210665e+00,1.077740876166367e+00
3.288606325306772e+00,9.886997722684141e-01,-2.519916567831060e+00
6.628376002907298e+00,2.636831004497274e+00,1.030897089945368e+00
9.950312250060355e+00,4.568260377492805e+00,7.015008806426697e-01
2.551354886476964e-01,1.440392725264100e+00,-1.674048725047323e-01
8.998480060071014e+00,4.826099914047443e+00,-5.073163296459224e-01
3.926056989265403e-02,-1.882359483478704e+00,2.432031047205632e+00
3.642278811462111e+00,-3.137328176871061e+00,-1.601282216885958e+00
1.686068062895143e+00,-9.669011200708857e-01,-6.389367556614398e-01
7.573417806725513e+00,-2.920058506419201e-01,-1.073699526922672e+00
5.061084075717348e-01,3.953615428525850e+00,1.704006320934960e+00
5.534849535843279e+00,5.994043903667636e-01,2.616728693070338e+00
2.949261338453126e+00,-2.078190005819830e+00,2.197743230244932e+00
1.336702488647021e+00,2.426342828675208e+00,1.870528960749121e+00
7.718182121026408e+00,5.831937139070931e-02,3.058591433688695e+00
2.174168342552567e+00,-3.378680547248298e+00,1.238695742529057e+00
2.236752120549389e+00,7.681978759125219e-01,1.577417492264606e+00
2.750767851379230e+00,4.113945368072839e+00,3.033537823743564e+00
5.867667638280274e+00,3.426226174758201e+00,-3.097668253484057e+00
6.596659316907482e+00,8.680997263533108e-01,8.422507892762470e-01
1.760252370134496e-01,-1.229168261150119e+00,1.501502418403106e+00
2.418696361137903e+00,-4.130212489357889e+00,2.625284805109342e+00
4.309708425052828e+00,-3.035107666837620e-01,2.411764892295635e+00
3.319769521612331e+00,2.520794375295791e+00,2.148602327961298e+00
8.841706585108861e+00,-1.397262802669894e+00,2.800989169933012e+00
7.877087308864188e+00,-2.645531744483356e+00,2.348603642937119e-01
6.258902155388276e+00,4.313797192709535e+00,-3.098112410686931e+00
3.380424159970397e+00,3.215557004579924e+00,-3.072135818117038e+00
7.006723448461598e+00,1.382756194201447e+00,2.804754583844984e-01
8.436380128457944e+00,-3.632166560794806e+00,-4.066965177367141e-01
5.948303773589867e+00,-3.550911595938270e+00,-3.063363643465387e-01
7.844614668933792e+00,-3.967804085442210e+00,-6.257754918265852e-01
7.491049613997478e+00,1.162966668927432e+00,2.624648666111757e+00
5.717373111603222e+00,-3.844372035266640e+00,-8.848587803452368e-01
3.121832168215110e+00,3.426271988626331e+00,2.238239886507323e+00
7.457821580012718e+00,4.929650018193222e+00,2.531274153131571e+00
2.067963663576065e+00,-1.336518152913348e+00,-3.130471422163161e-03
7.794883464715338e+00,-4.633015303290255e-01,-3.333981439977896e-01
8.045466921425330e+00,2.116671769856787e+00,1.640040825277634e+00
8.221448795703731e+00,4.371530063257659e+00,1.306723521114896e+00
4.729159709784576e+00,3.940937735563852e+00,-1.077345636099980e+00
1.924807677704217e+00,-4.424081712501514e+00,-2.497263775501252e+00
9.972360006606873e-01,-3.309281974432350e+00,-1.477475944191985e+00
7.433612504879243e+00,2.545971985577923e+00,-2.318316271048261e+00
8.862613845298132e+00,1.888931080324473e+00,-1.289735148878084e+00
6.508383588369067e+00,-3.667814059598768e+00,-1.496519239629760e+00
1.441600603883696e+00,2.064582001567672e-02,8.652663951957784e-01
9.348964485175740e+00,2.808146310852956e+00,2.855682768158546e+00
9.891020145393195e+00,-2.812193177373064e+00,1.167062289879592e+00
4.333786099349219e+00,3.712876357346662e+00,2.680717292068172e+00
5.948252892737712e+00,-4.470282251796320e+00,1.785255632584322e+00
7.772285200016578e+00,2.821950850680739e+00,1.431797326832618e+00
7.363897900500447e+00,1.158188997898702e+00,-5.399647545790542e-01
9.677871919334493e+00,-1.848006533456509e+00,-1.100848605345977e+00
1.148830910787889e+00,2.209325483419113e+00,2.175724898930599e+00
5.807248661428057e+00,2.823657951511596e+00,2.547160804769558e+00
6.919314196730921e+00,4.338989713039693e+00,-3.023312089105845e-01
8.900984241876701e+00,-1.322253278457364e+00,-3.084647528225943e+00
8.741096277181507e+00,1.860167359799549e+00,1.838026851214821e+00
9.779997935612899e+00,1.026162769346909e+00,-1.350452303599569e+00
5.120784539376791e+00,2.520606945708845e-01,-3.079465365396102e+00
8.307608668132266e+00,3.904164741550378e+00,1.916299632616645e+00
4.272817081273277e+00,-4.968326858615997e+00,1.094165753107856e-01
4.223138778560322e+00,-2.178883938964024e+00,1.163713440125634e+00
2.533483644728590e+00,3.827723954483009e-01,2.605572991251911e+00
8.182372870192298e+00,-3.217067383634476e+00,2.587028045640518e-01
9.858151058135157e+00,4.078665337327582e+00,2.006894989822294e-02
2.563417283472579e+00,1.475951176130153e+00,-1.315308683380734e+00
5.613158802107232e-01,-2.211700536801011e-01,-1.224003237194884e+00
8.155424374190073e+00,3.147017590666545e+00,1.863228752238149e+00
6.202300525347562e+00,-4.911380853489620e-01,-3.202586952302995e-01
9.596988005510044e+00,5.865301193000949e-01,-2.114127182324467e+00
2.522392190769522e+00,-4.972490044460790e+00,-2.547650912516032e+00
7.102765800128108e-01,-1.342994698049265e+00,-1.701479238542083e-01
4.924422608665015e+00,-3.612095276490303e+00,-2.201940806955318e-01
8.546602296514749e-01,1.896886806622911e+00,9.642067988852219e-01
2.617900011027074e+00,-2.097304102426625e-01,-1.817883987313786e-01
1.259778608191683e+00,-1.982424427497692e+00,-2.240108217436450e+00
2.241321796600787e+00,-3.216766062825762e-01,4.902697111963539e-02
1.061446528213918e+00,-2.903701120486538e+00,2.555933205613016e+00
9.539059994272854e+00,4.250866324861406e+00,-2.139792718741702e+00
2.785627134497355e+00,-4.460273674490870e+00,1.192263572160530e+00
4.438975859925654e+00,3.654170352961204e+00,5.897351545740719e-01
8.986118076342223e+00,1.135878873335097e-01,1.561910185650158e+00
6.773215879614743e+00,1.189464961388173e+00,-2.195343228332314e+00
6.180374805617744e+00,-1.973943790912962e+00,2.774688164419836e+00
7.055631903608371e+00,4.666976167943213e+00,7.600544816086114e-01
8.288222571053819e+00,-2.181490414805102e+00,2.180712272887054e+00
8.776692678517609e+00,8.887799714030429e-01,-1.592116659383028e+00
6.426396706650265e+00,4.934167051071288e+00,1.504275549014683e+00
8.900072746940577e+00,3.810943963834458e+00,1.765767992337210e+00
5.353975274254768e+00,3.632982528610604e-01,-6.444331895724025e-01
2.772908562684234e+00,4.903745229672120e+00,-7.291419597918058e-01
8.800767088838445e+00,2.013698617326146e+00,9.914631739376043e-01
5.414728274130871e+00,-2.912995838581907e+00,-2.554694879976298e+00
9.061375875672343e+00,-9.440378956419355e-01,1.480470198663328e+00
4.016781395058122e-01,-1.655066659884490e+00,-2.872127194294267e+00
3.975157515412355e+00,-1.559862917288108e+00,-1.944078473896486e+00
9.478050183624681e+00,2.604564393598663e+00,1.031345643764212e+00
2.496500927583027e+00,8.426292727279359e-01,-2.523806833169549e+00
9.415362460384927e+00,-4.619072884104715e+00,2.964671296475854e+00
9.539024611292499e+00,3.774484836509760e+00,2.314701650511667e+00
8.821423142258610e+00,-2.032038595198355e+00,7.935809592405190e-01
5.636680450932987e+00,4.970748769131436e+00,2.004697117607761e+00
6.469394490806385e+00,4.541907303347857e+00,2.435237266653923e+00
8.696169984498692e+00,4.405307166819652e+00,-1.511259064629264e+00
7.758970823891844e+00,3.111276040639737e+00,2.195417755561452e+00
6.300938494554115e+00,-2.793866683164574e+00,-1.917667214308094e+00
9.822594078707027e+00,3.263274402878205e-01,-5.444866126536132e-01
6.856766363336941e+00,-2.756973731750254e+00,3.660560590629003e-01
9.754819924477612e+00,-2.403245444110508e+00,1.343916556525252e+00
5.738847460709073e-01,1.109517694362774e+00,-2.952209168936573e+00
1.389603707422125e+00,-4.591664546469366e+00,-1.316268179624507e+00
4.514588460004906e+00,4.694585668207075e+00,6.818456034239029e-01
3.848794608843151e+00,4.186731725779644e+00,-8.961790195138746e-01
7.827348413570277e+00,-1.192324278422801e+00,1.728033388637481e+00
1.606140264692038e+00,1.542244800691304e-01,9.528586307442106e-01
9.760951791114886e+00,-3.388058073224096e-01,-1.668804883571281e+00
3.150658752609140e+00,3.821997786174698e+00,-2.224693833123536e+00
4.289237077401594e+00,1.886018763161110e+00,8.108261740418534e-01
2.747450324400229e+00,-2.218887525756435e+00,-3.112229587908075e-01
5.793636173265472e+00,-5.315874553470312e-01,-2.080004255397450e+00
5.862870042258395e-01,-7.103402431323627e-01,-1.090923042090951e+00
1.496775055704488e+00,4.593351682839186e+00,-1.237493777165900e+00
7.457977034187242e+00,-3.246890894853603e+00,-2.462179433750682e+00
1.865005834048039e+00,-4.104236627055710e+00,2.947380606214849e-01
2.355144515566629e+00,3.806188321616903e+00,1.656553222857330e+00
7.929822357248377e+00,3.966859895058709e+00,4.741724472196429e-01
9.330117835725360e-01,3.717390879121647e+00,2.050149110033945e+00
4.374738227708409e+00,1.097691562555632e-01,-2.340055832067550e+00
2.306338699722699e-01,1.597444282694605e+00,-4.045626288879931e-01
3.468073993179038e+00,6.336304756098388e-01,6.874753716880999e-01
6.989814026107545e+00,-4.305521739455990e+00,1.105850421750865e+00
9.010327971722831e-01,9.583489690072247e-01,1.230161643866636e+00
8.883346267787601e+00,-4.863858527438991e+00,1.438632207393505e+00
9.094990429407160e+00,-1.750125904429138e+00,9.514615710589762e-01
1.049903751251351e+00,4.322925758731671e+00,-2.549540109632922e+00
9.907324363757766e+00,-1.959547303641924e+00,1.227141763919502e+00
2.975295533954889e+00,4.398266426442479e+00,1.412351086353624e+00
8.410167113160605e-01,-2.498660428507558e+00,3.100625872792993e+00
5.067114497262271e-02,-1.854377595384675e+00,1.214932021240958e+00
4.085228957638626e+00,1.284074964385535e+00,1.173889997520679e+00
6.298099857061176e+00,2.616269727892949e+00,9.307464722235403e-02
3.321792499033132e+00,1.387768004884027e-02,2.311727813396765e+00
8.367173654746228e+00,3.821156871941554e+00,3.121704876450416e+00
7.166062755650501e+00,-4.597595783893808e+00,1.753290628468340e+00
3.501615319680327e+00,4.221948386343705e+00,7.068607212083333e-01
7.343096666086046e+00,-3.036922001045919e+00,-2.645504845082457e+00
9.404877369692498e+00,3.842387450846559e+00,1.424643981046253e+00
9.309599854301709e-01,-9.913682051361947e-01,1.310430983356438e+00
3.061039601576169e+00,3.327570558710377e+00,1.731445737442914e+00
4.633259391166932e+00,1.716655498036951e+00,-2.358988067268075e+00
4.979901277547686e+00,-3.240583675217379e+00,9.659297860285685e-01
5.421956448860737e+00,4.180475698814485e+00,-1.283504559015658e+00
3.006269065386485e+00,-2.544826095115403e+00,1.635332452430046e+00
6.672596459823491e+00,-2.558598813050009e+00,-1.631278557390623e+00
6.450845035298297e+00,3.141788966373806e+00,1.155972119032346e+00
5.778215062716139e+00,-3.941267444274790e+00,-1.288097303378445e+00
1.137617217108766e+00,-2.779640936295396e+00,-3.085079845110839e+00
4.769678910959446e+00,3.677573421062341e-02,8.379124731055017e-01
3.562268874893756e+00,3.304770286866244e+00,-2.429902014527949e+00
4.910384698381226e+00,-3.525160252627325e+00,1.000857841381904e+00
9.218664355150260e+00,4.766823451234634e-01,2.674183032513119e+00
4.805313431584083e+00,2.112405918029395e+00,2.948359159288882e+00
1.398079183951184e-01,3.605952247159513e+00,-1.659244177668491e+00
4.388367380841309e+00,4.355655602022196e+00,1.943095336172458e+00
8.206481800493821e+00,2.846399144689324e+00,-9.201518990396798e-01
7.800609232181682e+00,1.528283982220019e+00,2.516145995646269e+00
5.133900735281810e+00,-6.637991468723410e-01,1.806350233579479e+00
2.497690128593153e+00,-3.878898458115803e+00,-2.677128809679639e+00
4.650886629145451e+00,2.097371925255213e+00,-5.834754756508191e-01
5.637022194181917e+00,4.927373044754869e+00,-1.022162245356049e+00
9.998714382741339e+00,2.367605947320999e+00,1.791845199294971e+00
6.441780901693773e+00,-4.832889062622737e+00,-5.636915046681286e-01
6.942649300626135e+00,-3.740021958161233e-02,1.159803108009679e+00
4.914541435680519e+00,1.146466324829039e+00,6.436196928630409e-01
3.544895507825299e+00,1.896742011028430e+00,2.988526211359971e+00
8.129529836472059e+00,2.197258356007086e+00,2.750684008280157e+00
4.949323243392362e+00,5.810844121652403e-01,-4.542773466956369e-01
9.946901299645251e+00,-2.766396672657597e+00,1.404783334389157e+00
4.571205742680441e+00,4.422006614765467e+00,2.070058821804818e+00
6.800028364757738e-01,1.966664676636619e+00,2.506273107909884e+00
6.825781370900827e+00,-2.631599631305905e+00,-2.713492448513893e+00
4.664145092581107e-01,-1.776781677297271e+00,-1.243575580384107e+00
2.505015968847033e+00,4.219276706303697e+00,-1.129527965258860e+00
3.537382527799033e+00,3.874851867073358e+00,-4.118882361213925e-01
7.394835856213277e+00,-9.485356164191039e-01,-2.078070858871257e+00
4.942359264076128e+00,-4.616927780085490e+00,-2.383915935178482e-02
2.864593131025661e-01,-4.515026311060618e+00,1.025505863202859e+00
6.168498512759221e+00,-2.160817090816110e+00,-1.656297776287241e-02
4.114362374266624e+00,1.291222193389995e+00,1.041708739777485e+00
9.218345099671071e+00,8.419463533456186e-01,-2.724127568766526e+00
4.995623111402354e+00,1.338277869439427e+00,2.362398078269657e+00
7.089751459393390e+00,2.172829719321067e+00,2.758753096644645e+00
2.188684923295469e+00,-4.809677464072616e+00,7.408341948296848e-01
7.609735645316532e+00,-3.949144048275572e+00,2.396350318925901e+00
7.209553104836724e+00,-1.405165481727874e+00,-2.315692973098462e+00
9.040817085413082e+00,-3.451400024784182e+00,1.868926684259907e+00
3.382164171919921e-01,-4.246799574554458e+00,-2.392962474985800e+00
4.475006976174511e+00,1.409643959973319e+00,-5.779887618655288e-01
6.791554027396302e+00,3.153364774910990e+00,-1.106980795060815e+00
9.516390008021502e-01,2.526266574342825e+00,5.377892986398414e-01
4.106040671489124e+00,3.170397786091792e+00,-1.247120955871674e+00
9.421466030661954e+00,1.658565440578772e+00,8.627669804000266e-01
4.359344908911282e+00,2.353453218142022e+00,-8.332302363456736e-01
9.854047834806314e+00,-2.282212257916987e+00,2.266912821062339e+00
5.683906107981962e-01,4.930080362841643e+00,8.412169777366425e-01
7.178297761408913e+00,-3.168343455061129e+00,-1.788833555198901e+00
5.810162362482695e+00,-2.855061256106175e+00,-1.029629207792150e+00
5.005396771321254e+00,-2.110781681841531e+00,2.182909816543094e+00
9.708474014850093e+00,4.753324301065788e+00,-7.132687669461539e-01
1.296504004911286e+00,4.882885893539061e+00,2.249321627728205e-01
8.959989516809134e+00,2.948937497064975e+00,9.358297835985798e-01
6.912404111366103e+00,1.290575985596337e+00,-9.562401736162807e-01
2.589960732996327e+00,2.006257518461343e-01,-1.294470440185926e+00
9.016691456322935e+00,4.706208456868456e+00,-1.554780323579625e-01
4.292949178610133e+00,1.956228028582475e+00,-1.791455686943914e+00
8.142273280730709e+00,4.447301283260302e+00,-1.355844869715047e+00
3.888365170474000e+00,-1.834492005223761e+00,-2.751542034827721e+00
8.509308274332410e+00,-1.662252077304344e+00,-1.231691081789448e+00
6.366291184450486e+00,3.547245941184356e+00,-1.126549406215464e+00
1.410466335837272e+00,-3.501450794147056e+00,2.901783364809846e+00
6.496631634695276e+00,4.459278612960757e+00,5.637828377976994e-01
1.913447627018726e+00,7.474354663407468e-02,1.805677032914223e+00
4.119226278941627e+00,4.264138785836977e+00,-2.856478965640297e+00
1.702955842520337e+00,-1.632072112741869e+00,-2.472202865634177e+00
2.201611566711859e-01,2.159589041393970e+00,1.976294011056760e+00
2.118865394499575e+00,-1.712487802731033e-01,7.762847136095470e-01
5.363720237241258e+00,1.268036302454730e+00,-1.941617165364267e+00
4.815609677773461e+00,4.372493139152223e-02,-5.981881070655222e-01
5.014970955360637e+00,4.671156173713614e+00,2.429864836764350e-01
2.476868784466013e+00,1.921053978139172e+00,2.158964229838862e+00
6.851612006141861e+00,-2.486810313736846e+00,-2.762012914997492e+00
7.042632868203458e+00,4.096769219050845e+00,6.077240674297837e-01
3.579678255596655e+00,-2.059702618448957e+00,1.363676913643634e+00
8.811700884741743e+00,-1.283949006991437e+00,3.002683100043753e+00
6.440232166355479e+00,-3.978763019797866e+00,1.929943690877584e+00
7.130392752586317e+00,3.999665197961908e+00,-1.406005255554779e+00
2.773399179389394e+00,-2.138879767721370e+00,1.316824911666457e+00
6.116351555870425e-03,-2.410823820686177e+00,1.654223738278501e+00
8.653756121021095e+00,4.202625979949540e+00,1.443470717624818e+00
8.224243845798085e+00,3.055268624050333e+00,2.011524503935893e+00
1.231918880428302e+00,-3.589210784806256e+00,2.536710254613491e+00
3.741051349563065e+00,2.693245039036807e+00,-2.523139546968359e+00
6.613393083885826e+00,4.130330980537908e+00,-2.483341922284334e+00
6.521108572187282e+00,-4.214887817892561e+00,1.862336054491918e+00
8.603503348085566e+00,3.252149949045730e+00,-1.555889617173562e+00
1.402681616354285e+00,4.742005187305596e-01,-2.773766051331663e+00
4.299397477851188e+00,1.691974493788006e+00,-6.205953588407516e-01
9.722441792642478e-01,-7.145661095063094e-02,2.009845912491595e+00
3.895952484386282e+00,1.978030849052787e+00,-2.346361155558957e+00
1.510744558770438e-01,-4.659021383332468e+00,1.079714952398599e+00
8.982730651101269e+00,2.627067232232837e+00,-3.118873524033887e+00
5.270439968286810e+00,-4.666563021410416e+00,-2.452091937617132e+00
8.498022608023536e+00,-4.470015225265653e-01,-9.371349160383593e-01
5.990470100336376e-01,-3.490350068697051e+00,-2.616304029810496e+00
2.274581104729206e+00,3.235742773513072e+00,2.173364274569788e+00
2.593799952211806e+00,-1.863390908243314e+00,2.287522436141090e+00
3.866914946387880e+00,-4.590645539566749e-01,1.605798086660487e+00
8.028663723975461e+00,-7.124925870168841e-01,-1.618048196314528e+00
3.865578737314927e+00,2.725019656847065e+00,1.460656815827397e-01
2.046535296463270e+00,-1.885564020402448e-01,-1.984302016270274e+00
6.499026033876842e-01,2.889583350103461e+00,-1.374268028864176e+00
7.949174835268746e-01,-4.264917231973247e+00,1.005642166234808e-01
7.600472059609774e+00,-3.084060320970049e+00,1.476635308305202e+00
4.448029910366330e+00,5.153424964636066e-01,-2.546861641440292e+00
7.261811220000153e+00,4.470883247526951e+00,-1.277392322364298e+00
6.822871217636975e+00,-4.252421532782197e+00,2.680540989076243e+00
1.353624617602578e+00,-4.569157838431357e+00,-4.453313283344769e-01
1.428879341922672e+00,-3.434493250721443e+00,2.757499486873701e+00
7.553420154341339e+00,1.411531288601565e+00,3.087560662620470e+00
7.212682934854172e+00,-1.010070833297529e+00,1.675086277152111e-01
3.780307668743104e+00,3.255523794176863e+00,-1.331758763488527e+00
7.742226333284008e-01,-4.280668485186342e+00,1.827004571291800e+00
1.209802169845220e-01,-3.035859131852989e+00,-2.140613780863046e+00
2.881569494617449e+00,-1.999735945351043e+00,-1.557935528177485e+00
9.222273587226937e-02,1.267300866887853e+00,1.789953261676541e+00
2.300726211037034e+00,1.851726903015472e+00,-4.169149507951979e-01
4.195007402113386e+00,-3.757967060362262e+00,-1.875292449069600e+00
1.214157653119542e+00,4.438047089917395e+00,9.495510602210144e-01
1.042777578315462e+00,-1.589558648097908e+00,1.462485907505162e+00
8.964374357187365e+00,2.131687630002831e+00,-2.355746879523238e+00
5.854700290228893e+00,2.420771894769880e-01,-1.401274353736505e+00
9.344556867627814e+00,-2.772418864528934e+00,-1.751269795414606e+00
3.458261637856792e+00,3.462283231154110e+00,-7.548956312853976e-01
6.771449373291631e+00,3.182380281919299e+00,1.655273097134988e+00
2.046916746217904e+00,-1.039281460833099e+00,1.342767608235266e+00
6.183403172799412e+00,8.860758569385538e-01,1.021167845788260e+00
1.295857300099844e+00,-2.421743040640603e+00,-3.102099404140657e+00
2.080639176285759e-02,1.898516287463014e+00,-2.248479875444307e+00
9.315318014095791e+00,-1.909731873795686e+00,-1.738572773942475e+00
5.548943761752093e+00,3.440787343822349e+00,-1.432843677556900e+00
9.269406627820395e+00,-2.826148957227257e+00,-2.221567558520305e+00
3.338315237020720e+00,-4.851965771815358e+00,-5.635040092617603e-01
3.277860691617568e+00,-2.314919580320816e+00,-2.669219106444500e+00
4.006550017730317e+00,-3.089475135405133e+00,1.570935753113361e+00
7.060409839581682e+00,8.286439724924222e-02,1.807803023309029e+00
5.658086341861742e+00,-2.962967083434237e+00,4.666313729132301e-01
9.253549070991179e+00,2.631898707194948e+00,-2.577960288177350e+00
2.544090113243935e-01,-2.586293619959961e+00,2.450964839474233e+00
7.081959379725364e+00,2.069681799126557e+00,2.925676197435216e+00
3.303276893665543e+00,7.847092301372403e-01,-1.870104904667376e+00
1.802336518184612e+00,4.862498564718843e+00,1.285789906773814e+00
5.103956225200990e+00,4.999009770092316e+00,2.148463780009974e+00
5.050637841799960e+00,3.695260833173300e+00,2.503442354265855e-01
1.370110286884284e+00,2.599833692987511e+00,-1.110093705171562e+00
2.018960561328899e+00,-1.135435859994263e+00,-1.347195663741796e-01
4.081646649015549e+00,2.532767271313036e+00,7.708683466631694e-02
4.088114123923154e+00,4.566755370794906e+00,-6.243158640357174e-01
3.175581396196847e+00,-4.766224246045558e+00,2.700780040400738e+00
1.485451515099809e+00,3.791470019773877e-01,1.532362779343178e+00
4.373679100979522e-02,-2.820016956115654e+00,-1.625449720375099e+00
9.702350624280205e+00,5.787631586885045e-01,5.375716622918092e-01
9.434992297039269e+00,-3.355291024110887e-01,1.185568900754903e+00
4.836503791761352e+00,7.576858155228443e-01,-2.260963884044102e+00
9.950517532750057e+00,5.096222141872424e-01,-8.895372953519067e-01
6.736543307822433e+00,4.601070391685621e+00,2.548135004325654e+00
6.885753760754154e-01,5.218610893473610e-01,4.220610361213604e-01
1.177181990826274e+00,3.462320881248672e+00,-1.778155603852523e+00
9.161108438696377e+00,-1.801797131991535e+00,-2.370113014102533e+00
6.300522021496285e+00,-6.189931120895107e-01,1.145229492768793e-01
8.431836266573512e+00,-2.958652395519010e-01,2.996182342989533e-01
8.982696496338443e+00,-2.212719566646203e+00,-1.040404686329970e+00
4.479420112823861e+00,-1.202097385220448e+00,8.194280735837207e-01
4.852595157669304e-01,9.851307946677519e-01,-2.710034042307890e+00
1.882803488973220e+00,8.018776330453239e-01,-2.229653065371426e+00
6.657194730243510e-01,1.364353445734805e+00,2.907469922850017e-01
1.887398456985073e+00,-1.481820845798589e+00,-2.753193194273209e+00
4.105329264558768e+00,-1.841685048469429e+00,2.393320355568005e+00
1.181968105149854e+00,1.116178827541630e+00,-2.248460667268501e+00
1.667332478053433e+00,-3.671382515724750e+00,1.092770797474484e+00
4.458217820716792e+00,-2.469684564678600e+00,-6.835889364916308e-01
3.401709503884895e+00,-4.578722630470048e+00,-6.296521522419161e-01
4.676581241880410e+00,-4.273891474039199e+00,1.664349994195265e+00
4.291720277590620e+00,-2.566167207393911e+00,-3.379510661980945e-03
6.444780259798835e+00,-4.804707197030810e+00,1.417835093651938e+00
9.371895488758545e+00,-2.545894079125385e+00,3.261745222560775e-02
1.078643384442425e+00,1.549763230620260e+00,5.837414760760544e-01
9.926014930919491e-01,-4.388929215310670e+00,1.638118319197467e+00
8.528061110909020e+00,-6.326332220535900e-01,6.742407168548685e-01
5.063967046524591e+00,4.131087869195495e+00,7.264311565995971e-01
7.664050235684422e+00,2.912848289254010e+00,1.817220287406345e+00
2.154219036072814e+00,-1.945624977051428e+00,2.821695682804351e+00
8.288625731675518e+00,4.248054791916470e+00,-7.746152502060819e-01
9.238466241926959e+00,-1.703535032522752e+00,4.845413892135548e-01
6.354830155464883e+00,-4.274845036624376e+00,-2.599522416514393e+00
1.058790214738022e+00,4.940559567681134e+00,-8.871613830404694e-01
8.952948141563388e+00,3.700225271891718e+00,-5.526110116468810e-01
7.924877273700713e+00,-3.406721669890764e-01,2.106358183487185e+00
7.508777765144899e+00,1.663765241924039e+00,8.414694426389335e-02
3.672818890591556e-01,1.712280778566702e+00,1.451832841692143e+00
7.989625252569712e+00,-3.055177692695397e+00,-3.022165637020810e+00
1.379510104683570e+00,-2.999513668463677e+00,-2.230991364885391e-01
2.223861761968884e+00,-3.041929664817422e-01,2.521553257267449e+00
5.771348348692575e+00,4.115731401376980e+00,-1.732186794443670e+00
2.649807729168830e+00,-4.900062251414292e+00,-2.943532922017949e+00
6.613482063119197e+00,2.825056359493593e+00,-4.184052659179680e-01
6.080704476990816e+00,-4.424732162853458e+00,1.284483011812943e+00
1.081495980132626e+00,-2.177788511688217e-01,-2.861142247541624e-01
6.560145795915063e+00,1.378728330734765e+00,-2.514636725145625e-01
9.239549098249300e+00,1.867592670824648e+00,1.066916540193633e+00
1.611099051858331e+00,-4.415207363840886e+00,-1.543220631074815e+00
5.970620209428875e+00,-8.139638261603181e-01,1.582670237873400e+00
3.418653719366941e+00,8.383726050232463e-01,-2.179551965872501e+00
4.596116717736040e+00,-4.339544626939931e+00,-6.550182651494474e-01
2.870001790789699e+00,-3.649054434046902e+00,9.802278549453511e-01
3.541306363476953e+00,1.636489895040385e+00,2.063203321561925e+00
2.891182326655728e-01,2.163819659065167e-01,1.831743742930602e+00
9.815517379172206e+00,-3.381713387317094e+00,1.392891700383428e+00
6.247999220727483e+00,3.523933691473342e-01,-8.853235326926154e-01
5.007055904938853e+00,4.126923734444158e+00,-2.373131970448423e+00
3.837153495003267e+00,-4.844124152246360e+00,-1.779183082887415e+00
5.393745588240276e+00,1.426337734858546e+00,2.292318463309252e+00
3.801059987158040e+00,-4.263495653946581e+00,2.245179214611876e+00
3.599079274936733e+00,-4.935505570352992e+00,2.837240513970632e+00
4.639465417220131e+00,-3.493455113393662e+00,-2.664141872487342e+00
2.759830336711908e+00,-7.709336814608072e-01,2.312783037860324e-01
1.800498999667854e+00,3.023439989819529e+00,9.342031231690031e-01
5.566058981802935e+00,-2.182145033954414e+00,1.323599336435463e+00
8.427654361503011e+00,1.256732123887586e+00,9.039193644608590e-01
1.528281777258923e+00,-8.884336204469339e-01,1.696531597805157e+00
3.273434060421865e-01,-2.656682080339920e+00,-8.829661270999165e-01
2.468117451540361e+00,1.424711428285867e-01,-2.014183296081629e+00
9.797206434538108e+00,2.974644903726232e+00,-1.856157415600904e+00
8.287580737433393e+00,3.324923700561442e+00,-3.066328327911590e+00
5.958660535285966e+00,3.465195318772366e+00,-9.404554139883308e-01
9.292489152431360e+00,-1.614421874450206e+00,-2.565147781079584e+00
4.452791168372446e+00,2.934560647157531e+00,-1.121619622626094e+00
9.832806025751740e+00,-2.878215448910921e+00,8.055676730833290e-01
2.963020451192841e+00,2.384251012428833e+00,2.478578722867879e+00
2.403057495159391e+00,4.483844262726166e+00,2.133803979901709e+00
6.380482011470110e+00,-4.862561653090428e+00,-1.553993757514766e+00
3.781539679503604e+00,-5.963606882120196e-01,-2.299123424590553e+00
6.263655419762578e+00,1.477709884140046e+00,-1.928483779646417e+00
3.049955183026858e+00,2.017757704875530e+00,2.959296411118449e+00
6.179182568379911e+00,-3.239122417307978e+00,3.108573238402306e-01
2.757462605850364e+00,4.721832752385929e+00,-1.994897367504969e+00
5.097206881888994e-01,1.152653679709729e+00,2.140971232606139e+00
9.121359019231834e+00,-3.356593987717322e+00,-6.585328337991299e-01
8.832052018734622e+00,-4.794774882874847e+00,2.508386759588222e+00
9.707981492726720e+00,2.832641987897759e+00,-1.503709960345558e+00
7.165271762214047e+00,-4.202952605545409e+00,-6.709074762077014e-01
6.827211777353029e+00,-3.589490789297635e+00,3.108771046606940e-02
5.590030700748308e+00,7.483002685569060e-01,2.466874898521608e+00
1.259424163525227e+00,1.035055034496198e+00,2.316971276174168e+00
1.892353109492700e+00,1.868871185923985e+00,4.671866852476305e-01
2.894696886725362e+00,-1.064859873363793e+00,-1.748136029042238e+00
8.901563625733944e+00,2.738986689668229e+00,-6.072260552179247e-01
1.729695246030751e+00,4.743585996158886e+00,2.988490687913331e+00
9.228731744878907e+00,-2.289050569201170e+00,6.771591367738687e-01
5.227857330514172e+00,2.030286165379459e+00,1.766189284877518e+00
7.155696354730722e+00,4.284686523951569e+00,-3.150094094761005e-01
1.102444866805665e+00,1.862867626170427e+00,2.011076429358876e-01
2.690335487759109e+00,1.811094986442595e+00,-4.463944781560087e-01
9.585186081814264e+00,-2.762274309147934e+00,1.274990233541175e+00
2.661499469297314e+00,3.513020031969294e-01,2.208357510353540e+00
2.965217203911461e+00,6.252284360458020e-01,4.626650659735976e-02
1.975973848410795e+00,2.001295624559528e+00,-1.202133027858725e-01
1.290736653068295e+00,4.968214498961826e+00,-1.003509723285096e+00
2.332576414539980e+00,-4.663561774562379e+00,-2.028861306051131e+00
6.423268919507984e+00,-4.347673387325131e+00,2.759874838580974e+00
4.553677335035635e+00,-4.220499305690812e+00,-1.155605209285270e+00
5.537558363378986e+00,2.429791344889568e+00,1.889300185924276e+00
1.223648287660243e+00,-3.636462048892425e+00,1.353065240098347e+00
8.021164471629001e+00,1.224518744903452e+00,1.827889191667484e+00
7.840947005798480e+00,-1.753311221065416e+00,2.744295118247848e+00
2.158991114267539e-01,-4.268004378928900e-01,7.751613479555171e-01
3.835150945103050e+00,-2.843368401825861e+00,2.500395750525134e+00
6.877060197114782e-01,3.661065613045421e+00,-2.087919298213919e+00
7.921057794149581e+00,8.615032416302633e-01,7.961585954865655e-01
7.372696831257044e+00,4.445632635822527e+00,1.710758130568411e+00
9.019880942931561e+00,7.459624970432959e-01,-1.434821092072350e+00
