7.407538012919650e+00,-3.104980246736180e+00,3.455907262939162e-01
7.784768291162369e+00,1.936495143896549e+00,1.896594617336612e+00
8.311879560164448e+00,-9.341459003419086e-01,-1.814858004708924e+00
3.128829125959328e+00,2.819675630706586e+00,-6.360758340486554e-01
6.816065901683092e+00,2.089509243341570e+00,-2.324266032344300e+00
3.042532834097621e+00,-3.079502336039623e+00,-2.665575362204030e+00
7.390403874984553e+00,6.291692012010062e-01,6.576883767182355e-01
4.629736651457122e+00,2.429088460488028e+00,-1.953498581954692e+00
5.975443745272200e+00,1.330429234757230e+00,-2.765862307020721e+00
4.158399814305689e+00,1.000165080879809e+00,2.495039886867497e+00
1.619829269298243e+00,2.396108874007679e+00,2.156038582199917e-01
1.780295296053637e+00,-4.432192607436932e+00,-2.295698678903434e+00
7.756890726213450e-01,2.314219473614329e+00,-2.805906394591845e+00
6.180726797216618e+00,-2.273447368465717e+00,-2.388489727063349e+00
8.486383979530594e+00,7.187225450935406e-01,-1.800934304807371e-01
2.083682626208094e-01,-2.576950053034925e+00,1.058498416047478e+00
6.623950208835350e-01,3.388175722068375e+00,8.876888913495513e-01
4.574669923029103e+00,-1.944064569924393e-01,-2.234155639955166e+00
7.377207361681894e+00,1.429412120249836e+00,8.387358208574955e-01
1.577076447119513e+00,2.940820434767280e+00,-5.977469121236809e-01
2.716513195491939e+00,3.953152550713643e+00,-2.215213364763553e-01
2.320062012818072e+00,2.320620970693410e+00,1.893943099657751e+00
3.990512186711541e+00,-3.512314238095943e+00,-1.052437480522660e+00
2.249986770175711e+00,3.545323695857865e+00,-2.217970400283610e+00
3.525986785447530e+00,1.185779158655062e+00,2.346475241744206e+00
7.285425986619441e+00,1.094497583802736e+00,-1.808736936102874e+00
6.110092484541891e+00,4.213405598049215e+00,-1.294148491048946e+00
8.118170539169289e-01,-2.511684443341169e+00,1.298043622706322e+00
6.377456662457178e+00,-2.604123815059667e+00,1.153280655264513e+00
4.770771715592135e+00,1.319355469496184e-01,1.887469000006988e+00
9.345655747071387e+00,2.508630665348651e+00,-1.986324473563633e+00
2.893043171040532e+00,-5.275929177149088e-01,-9.281528039031990e-01
7.261664196991600e+00,1.338913898924022e+00,-2.350644936159636e+00
7.308608230445699e+00,-4.747527577728121e-01,2.578565665089547e-01
2.215007810091874e+00,1.103871804869687e+00,-1.303317405237800e+00
9.032236249709362e+00,3.222623026137111e+00,1.187117643587558e+00
4.911832004296031e+00,-3.195233039090767e+00,-3.139428925729062e+00
6.788833668893024e+00,1.953785340059841e+00,-2.766593314580143e+00
1.458555588835045e+00,2.874257393381833e+00,-4.237361288974686e-01
2.578039169919693e+00,-5.288859251821751e-01,2.878855956808172e+00
5.861071179372228e+00,-1.767664229321457e+00,2.455791694345975e+00
3.190272683733495e+00,-4.864556760755979e+00,3.103950266733121e+00
4.996929185709734e+00,2.971050223340935e+00,-5.225711091356633e-01
3.740051993732893e+00,-1.720613409640119e+00,-2.848994224856963e+00
6.405537966440480e+00,-1.426905305919498e+00,-1.219213517409871e+00
4.871453627808089e+00,-1.639938369011877e+00,1.104400835809807e+00
4.609935973168167e-02,-1.260669187661900e-02,-2.292333389996753e+00
6.496808379453840e+00,2.024995732190771e+00,-1.256811867442306e+00
4.221215570501817e+00,2.718631310005108e+00,-2.788690233760906e+00
3.416983404902228e+00,-1.074292795968417e+00,-1.572867365816708e-01
9.414675228322356e-01,1.631020350451690e+00,-1.828905321130015e+00
2.203696905664914e+00,2.206842502713152e+00,-2.568264391668854e+00
2.237722915808535e+00,-2.030826683226184e+00,-5.578475213695206e-01
9.353694994047290e+00,-4.033785304629067e+00,-9.347783533178942e-01
4.325129747465468e+00,3.946657206444625e+00,2.357308935345461e-01
4.206584721517004e-01,1.771159717815928e+00,1.564756019986419e+00
1.388166822433209e+00,1.481104088762915e+00,-2.434302422827004e+00
7.903267573291206e-01,-4.410974847880221e+00,1.829196030951510e+00
5.888693902072113e+00,3.178730575039264e+00,-2.976407838312014e+00
1.866214915668267e+00,6.605415608605316e-01,-3.575012902445605e-01
4.985576402817760e+00,3.478844173175661e+00,5.493406939638694e-01
3.700620628699756e+00,4.745611837367615e+00,2.871407348472542e+00
8.038763771441994e+00,4.571003208802422e+00,4.644720762896246e-01
3.204896372653623e+00,3.560893463902076e+00,-2.144142054900392e+00
4.582654823968083e+00,-4.890526261686311e+00,1.102184135982545e-01
7.212855485978258e+00,3.857272082369565e+00,-6.548087717791455e-01
4.333512069306393e+00,-4.249376861723545e+00,-1.297127943292113e-01
7.932155360131890e+00,3.511939701767673e+00,-1.903195586994857e+00
6.616843562366649e+00,-2.198259313883764e+00,5.196460098598976e-03
4.105291139467160e+00,1.100683385333676e+00,-2.198865011104667e+00
5.039819256863627e+00,-4.619317688501203e+00,1.533367898915716e+00
9.672034558421934e+00,2.711816961182281e+00,5.900304345016596e-01
6.616114965083923e+00,-3.882938777670285e+00,-2.648188615573571e+00
9.049952259723248e+00,-8.931182832422815e-01,2.448019900355958e+00
1.787585034710644e+00,3.174460023253014e+00,7.312346217763483e-01
4.832361562451519e+00,1.953489965083351e+00,-1.155433449314795e+00
9.086616698450506e+00,-4.939573031419330e+00,-2.854812999495377e+00
3.226120614414176e+00,-9.696766545745117e-01,8.308048320892301e-01
9.676641981464208e+00,-4.580724830354920e+00,-7.951982903766184e-01
9.707749047365744e-01,1.734998608184691e+00,2.561140087512901e+00
9.026711702750369e+00,4.689484917533214e+00,-2.922448767533824e+00
4.452121220658587e+00,1.552612623007592e+00,-2.895904806372470e+00
7.374416514116067e-01,-2.756275688824442e+00,2.823030678019922e+00
8.795215925860875e+00,-1.447669679334599e+00,2.920889145184074e+00
2.519402124091135e+00,4.766505556584677e+00,-2.967283101943506e+00
2.225012549522520e-01,-2.759475879676500e+00,1.357376847645825e+00
1.358071055691923e+00,6.152907305444266e-01,-1.749899451821310e+00
6.591147418997616e+00,-9.954619131825524e-01,1.265388070100903e+00
9.778114891381948e+00,2.683152979282216e+00,2.316816490236681e+00
1.114621395835168e+00,3.673892719798872e+00,-2.508049787101156e+00
4.619480481247620e+00,-1.591627256497032e+00,-1.641379011942613e+00
1.806365509475325e+00,1.603963636993826e+00,-2.990308201729618e+00
7.450365341015921e+00,4.904769751772733e-01,-2.866201612677330e+00
1.180588997618142e+00,-2.215555099445666e+00,-2.955498162005746e+00
2.398417484808895e+00,-2.280591971869983e+00,1.889242964026583e+00
1.964059676490714e+00,3.863164753230395e-01,-1.267364479234292e+00
5.525197803669779e+00,-3.459971264677002e+00,-4.265378313817880e-02
8.731840920006324e+00,3.108098964824714e+00,1.808578847788700e+00
5.110902011564185e+00,-4.309951607995980e+00,-3.176990418929337e-02
5.824345277147125e-01,-4.054255137916837e+00,-4.448742590076016e-01
5.633889305968313e+00,-1.577736910727324e+00,-3.068876052618270e+00
7.975209993180093e+00,-3.819082418028667e+00,4.275048026467547e-01
1.321561973043227e+00,-2.429997874450756e-01,-2.357808777866497e+00
7.271121434459171e-01,-1.003241095581297e+00,1.662833938109102e+00
1.878077775575691e+00,2.218097958857170e+00,-1.522178774209352e+00
7.460863228216274e+00,4.530041552097204e+00,1.094451780288596e+00
5.916804195320015e+00,2.535585847391260e+00,9.187495215919910e-01
5.405946539617489e+00,-3.205513371193956e+00,7.330944340362220e-01
2.494798946317683e+00,4.355212854644030e+00,-1.464283722110010e+00
3.322365952468594e+00,-1.078665674469328e+00,-1.463418089942394e+00
9.658850129433423e+00,-2.581063907308714e-01,2.281098132350860e+00
2.406252267293857e+00,-7.842376262936446e-01,-3.061121809382132e+00
9.016454232550885e+00,-2.194529767122810e+00,-2.001052310151339e+00
5.805315044577366e+00,3.950442877974838e+00,6.922242910066130e-01
1.232964663712478e+00,-1.677611341033839e+00,1.992060367362318e+00
4.673123781550680e+00,7.859646967954639e-01,-8.900414186026926e-01
9.485487173608758e+00,-2.599664156256698e+00,9.641136846261986e-01
4.185655981373586e+00,2.973753747701804e+00,3.591243759688600e-01
8.633865647893623e+00,2.741986595291865e+00,-2.736075217384433e+00
2.564286946517077e+00,-2.036878615529560e+00,7.649790485010581e-01
5.709221518003730e+00,1.815540731434536e+00,1.972313684855186e+00
8.438520582019738e+00,2.038735330949497e+00,3.094144050650516e+00
9.206884411696954e+00,6.251141610476623e-01,-2.955358584600753e+00
4.858233671513007e+00,1.005983822716702e+00,1.005675158272974e+00
6.396881021454290e+00,7.445463829079575e-01,-5.369009921526544e-01
2.980130782330948e-02,-4.181355960051544e+00,-3.080093535082655e+00
2.532233075133896e+00,1.702653447137850e+00,7.185510012245104e-01
2.787121037469458e+00,-3.022499016130880e-01,-2.372359250107336e+00
9.349301165443080e-01,-6.154271945858643e-01,-7.629869826961544e-01
2.796950133569767e+00,3.599992187818007e+00,-1.499374778286416e+00
3.211220330581392e+00,-4.767732865388822e+00,-8.723360709490313e-01
9.687660395681933e+00,-2.486850820412449e+00,-4.589501499072401e-02
6.686023805608377e+00,-3.785965001572537e+00,-8.846125968528273e-01
4.260050794163442e+00,-4.646589553902743e+00,3.313241145082881e-01
9.880544606955093e+00,-2.243230023240525e+00,-1.642112426355767e+00
1.532323202346112e+00,4.884762727946777e+00,8.505030682598673e-01
4.760511939304846e+00,-2.297708267924262e+00,2.222758509740991e+00
6.470622070490494e+00,1.637058197957714e+00,-1.733737876589011e+00
5.558063448407702e-01,-3.817011099592786e+00,4.949400692552963e-02
7.169988580831188e+00,1.018476300472299e+00,9.342454696115592e-01
9.986735292198989e-01,4.844814831383133e+00,4.060579580999959e-01
1.402823085996769e+00,-2.081624765395347e+00,-8.441494256964464e-01
1.596895124620841e+00,3.480756163755828e+00,8.934671160269456e-01
9.288898266555178e+00,4.975713803665355e+00,-2.964116505747077e+00
6.832355451381678e+00,8.855408872074397e-01,-8.174032516756418e-01
6.554275011031041e+00,-1.905988995719646e+00,2.049085878669379e-01
5.554934964649921e+00,1.735312598991562e+00,-3.012076356857729e+00
2.928059986951028e+00,3.448482062686187e+00,4.805901428951165e-02
6.208897045993514e+00,-3.286497570380217e+00,9.692093614495061e-01
4.101497198886398e+00,-4.748423615854671e-01,1.628649997778452e+00
1.454161500926149e+00,-1.808122898761590e+00,-2.429242291063078e+00
6.895972903277331e+00,-2.166410030376201e+00,3.082310014137889e+00
1.295821679299227e+00,3.608212607401725e+00,6.670713411257032e-01
1.906685810211732e+00,-7.834599317816151e-01,-8.595787521891718e-01
8.176993118476059e+00,-1.609236581960872e+00,-1.576496090343946e+00
6.601170961251540e+00,1.035105414260137e+00,4.580244902687332e-01
6.309911542136424e+00,-2.805984203626188e+00,2.398365013056316e+00
4.182027843427241e+00,-2.701065094319210e+00,1.292161948717507e-01
3.962805182393712e+00,2.028873087150460e-01,1.014558847297171e+00
6.902626091854012e+00,-9.072727135381591e-01,-8.941196402380940e-01
7.400055386090457e+00,-2.050176160776755e+00,-7.027599001210225e-01
5.102132023643105e+00,-4.460488677258978e+00,-1.343501433723277e+00
9.692692443485262e+00,2.077423863852159e-01,1.292057226582688e+00
9.556995589188720e+00,3.166092056010751e+00,-8.847506954410487e-01
4.124294900127587e+00,3.513772052860579e+00,-1.943286145879753e+00
8.206222542831537e+00,-2.645600202739198e+00,-8.205804123743401e-01
5.432678415984153e+00,9.964120394748832e-01,2.223161913535152e+00
5.117558875571745e+00,3.558813094629404e+00,1.496981739608036e+00
5.496406137865184e-01,-9.127407172373525e-01,-1.038982216474159e+00
5.739747104683102e+00,4.321368173075285e+00,2.556056110690905e+00
9.005779305631647e+00,4.029785291295529e+00,-2.671405340122194e+00
7.801338491950921e+00,-2.918661025811906e+00,-2.828980362403112e+00
7.863171446992620e+00,-2.410351670997962e+00,-2.340672793302196e+00
1.599290385763392e+00,-3.195580013540311e+00,-2.409885842627832e+00
3.584494471335637e+00,-3.039456485452977e+00,-2.589713376038072e+00
2.332049166502358e+00,4.078620871734980e+00,1.013745529127762e+00
3.159152824556359e+00,4.311379091926229e+00,6.336113581919847e-01
5.795393434937254e+00,-4.481027588148691e+00,9.274327753457703e-01
3.647838133702479e+00,9.360335567220481e-01,1.183538823882262e+00
5.606978174642661e+00,6.423156285757159e-01,1.614023086498537e+00
4.385012482745770e+00,-1.094523532755401e+00,-1.839861626820569e+00
2.866155584497276e+00,1.316975928231070e+00,7.684556373733384e-01
9.540343420515862e-01,4.473678255108501e+00,5.029605602017244e-01
8.918384573447826e+00,-3.297451172778538e+00,2.787598155511303e+00
1.137336600464867e-01,-3.795890902835444e+00,-1.681583182784475e+00
1.652488141971165e-02,-4.666094291710243e+00,-2.772625575134523e+00
8.267977397635459e+00,-1.361666921598566e+00,9.644379667549243e-01
9.968109403257900e+00,-1.623715229221339e+00,1.509050460958898e+00
7.271028277136562e+00,-6.918031184135609e-01,-1.362219670847846e+00
1.527383806288474e-01,3.310030880948922e-02,4.451538203168557e-01
2.266902266685134e+00,2.578239940304546e+00,-2.767516521378337e+00
9.718227002619614e+00,-1.078866095424816e+00,2.890546986672360e+00
8.086042521738348e+00,-1.693868906387665e+00,-2.450913676464348e+00
5.667998438047110e+00,3.268788202596269e+00,-2.717034453641327e+00
2.368607094403590e+00,3.497966706536564e+00,-2.864440347555854e+00
1.437020592674898e-01,-2.672340357066468e+00,-4.569640884773176e-01
2.086147263740901e-01,-1.853281772886917e+00,-2.531119981050239e+00
6.119808635302267e+00,3.251163709100883e+00,1.537170232999402e+00
2.183187635242312e-01,-4.205917557022351e+00,2.506200265461422e+00
9.936301419253727e+00,-1.741532196092621e+00,-1.506588881356292e+00
1.833838334937381e+00,-5.164989295913882e-01,8.091053708400744e-01
7.107073618692773e+00,-3.129283847994290e+00,-2.875572345396338e+00
1.550597214124134e+00,-3.200858033893018e+00,-7.127364447719819e-01
5.400934210977145e+00,-7.513794198647128e-01,-1.300983070646555e+00
8.061128846621757e-01,2.545217247348557e+00,-1.705136505895058e+00
7.667784245332432e+00,3.402329795476275e+00,9.093245036387989e-01
5.849210947248297e+00,4.792350925361733e+00,-2.323346334445667e+00
8.616669340141503e-01,-4.260159499082810e+00,2.266411060124697e+00
8.485861892000056e+00,-2.833177988540073e+00,1.035694544991664e+00
5.470186147767020e+00,2.566298423841977e+00,1.324088178438671e+00
9.215923100133180e+00,4.059870605566189e-01,2.735348963722116e+00
9.166233736781127e+00,-1.723202260375818e+00,2.779510726519444e+00
9.205077894865823e+00,-2.944103387527565e+00,3.245411221027044e-01
7.778520020046797e-01,-2.195224483575520e+00,-2.902946414521246e-02
1.209577617545234e+00,-7.071104969904809e-01,-1.034327860480211e+00
9.877058097161980e+00,-3.228487804939673e+00,1.354476373869193e+00
4.876008213987060e+00,4.642259558767506e+00,2.400735172752460e-01
2.382140528291476e+00,-3.924115554001256e+00,2.719834340867343e+00
7.696644884986580e+00,4.855774344892192e+00,-1.642261598726962e+00
2.642852212124820e+00,3.418932860006725e+00,-1.192217533827712e+00
7.272156880186423e+00,-7.684838248626091e-01,-1.155537798620824e+00
8.372857778497611e+00,2.398163343882102e+00,1.922644993690362e+00
7.842633772952806e+00,1.715152436963860e+00,-2.519303895740991e+00
2.740478081979354e+00,-2.867130820510690e+00,-2.786647913625422e-01
4.016185740792371e+00,-1.609299138810536e+00,-4.550236494077229e-01
4.132510032332764e+00,1.312256280545787e-01,-2.682042861463462e+00
4.912729181044718e+00,1.378441798877269e+00,-5.604789881024774e-01
1.673728515401360e+00,4.289498135662146e-01,8.405634800960549e-02
4.524700504143424e+00,-2.701253899352620e-01,-2.732527806214478e+00
5.107829905154797e+00,-5.684772654509986e-01,6.196558054105195e-02
5.317089965810524e+00,-1.735500704982051e-02,2.885476855206685e+00
8.199004299844582e+00,-6.564848015402971e-01,3.009107438686396e+00
5.173344984794952e+00,4.133007754571594e-01,1.990499193702040e-01
2.307839225136752e+00,3.879852990466668e+00,9.485682511439242e-02
6.631287382441871e+00,1.328293130546117e+00,-1.347691937282538e+00
7.973141440866252e+00,2.226208749885402e+00,3.123468627833126e+00
3.193716664382618e+00,9.748313373077657e-01,-1.418559955404055e+00
6.453059290176052e+00,1.430176824140022e+00,-2.959298570629318e-01
1.469379959460126e+00,7.834982844818015e-01,-3.123157424713600e+00
3.419263045780641e+00,-4.731334778041768e+00,-9.473014545568375e-01
9.092239295496341e+00,4.995983822000198e+00,-2.692720006463938e+00
9.113081631625708e+00,-4.663907597871033e+00,1.531996214810300e+00
5.753245787430636e+00,-1.048519917663463e+00,3.833651148032691e-01
7.023514608651067e+00,-3.948843217010666e+00,4.534692789653714e-01
8.540154152059413e+00,-4.030715495590675e+00,-1.341389151683650e+00
9.585531853126266e+00,2.935269516744836e+00,1.978551744202842e+00
4.898864402897694e+00,-7.407422064192302e-01,-3.121040823607601e+00
5.615757366260343e+00,3.011387082987650e+00,-1.045514626207557e+00
4.156415666478303e+00,-2.272135293191685e+00,1.002152288583174e+00
7.198193705642875e-01,-2.435372081937652e+00,2.563052893565413e+00
4.228034724488184e+00,-2.487686181855379e+00,-1.667457120207290e+00
7.906273393830771e+00,1.161456264079193e+00,2.582392411380341e-01
8.048854979915287e+00,3.149993898456000e+00,2.387071352938435e-01
8.923771145932998e+00,-4.773898992475942e-01,2.351006897898567e+00
5.146670517596907e-01,-1.207511093589177e+00,-2.824185675342978e+00
5.271545895806339e+00,4.735795542016493e+00,-4.745340450135140e-01
1.074244879370763e+00,-3.832459639883612e+00,-1.995127006672520e+00
2.007421831657433e+00,-1.336731795510744e-01,-3.006299335768271e+00
9.002165023806064e+00,-9.151224681856558e-01,-2.217770008410700e+00
4.967912584296958e+00,-4.018734034131096e+00,2.993753530941776e+00
7.585449208966137e+00,-2.317996379117808e+00,-1.791659655302612e+00
6.438410592868082e-01,-4.715587874208880e+00,2.733378963194471e+00
4.168265039248520e+00,3.769542889829570e+00,-1.851941583736256e+00
6.742402806643377e+00,1.078495289904011e+00,2.709907835758871e+00
1.334064812782133e+00,3.150184978702507e+00,9.715119882329821e-01
3.258178791056832e+00,2.155445240298981e-01,-2.430219350929914e+00
6.454780502388324e-01,9.950982942189430e-01,5.146880991266500e-01
6.513399408695104e+00,2.008544778091649e+00,-1.140309932786267e+00
9.708912590581185e+00,4.080116274642149e+00,-7.341703735488943e-01
8.270454911428297e+00,-4.082481121741543e+00,-3.759169586739253e-01
9.746231168075656e+00,-1.690516052642731e+00,-4.856461003855648e-01
8.456047950983965e+00,2.090261907000005e+00,1.031126569460511e+00
8.551958061969787e+00,4.583505630013928e+00,1.686206305485646e+00
5.771771953713426e+00,4.808074284900055e+00,-1.073308233349979e+00
5.182523114132099e+00,1.381030091372624e+00,2.666357408960047e+00
4.062542664278276e+00,-3.064015222451327e+00,2.754965101936595e+00
8.180948950458799e+00,-3.807910885860433e+00,-2.885927096739015e+00
1.820676122780246e+00,4.460436442804255e+00,-3.047917970332169e+00
5.622491582419320e-01,-6.607231053749256e-01,-4.708221334078995e-01
9.478938226846751e+00,-3.051839667373152e+00,5.695409091712618e-01
3.778185203477058e-02,4.338925157776011e+00,-1.395465627603546e+00
9.768293218758519e+00,-3.954757284356881e+00,-1.511647984287313e+00
7.288533698737658e+00,2.295710968570751e+00,1.120504498601853e+00
3.284989196978276e+00,1.252630275433342e+00,6.390268670250863e-01
6.978198430863102e+00,-4.122653356191082e+00,-2.091377864492103e+00
8.178751571851274e+00,-1.612512043605578e+00,2.415890802984044e+00
2.453620559864359e+00,-3.500693104599893e+00,1.130822999679957e+00
7.708956832795819e+00,1.044985925331613e+00,-8.634588920787953e-01
8.043696250082402e+00,-2.288696832257120e-01,1.153747954187800e+00
2.493546301253454e+00,-4.957248753395090e+00,-2.433772434001825e+00
4.192635437798353e-01,4.757105662839081e+00,-1.994526516692301e-01
2.041222845580977e+00,-1.504153501104596e+00,-2.079832294302753e+00
2.006464088893944e+00,-2.417956071629500e+00,-2.881272456657459e+00
6.524045417548319e-01,-2.775570442058974e+00,-1.015826003081479e+00
7.260073846551959e+00,-3.411841038264321e+00,-2.194493678512725e+00
3.799749244584082e+00,4.991370762165099e+00,8.389180653769079e-01
8.843861674538584e+00,-2.048905321183951e+00,1.093700834143770e+00
2.521711056651860e+00,-9.448650277571833e-01,-2.207331339816151e+00
4.532321650999274e+00,3.713559161780889e+00,-2.986944578416816e+00
6.390174289267629e+00,1.418875035428782e+00,1.839783018653042e+00
8.774649496717780e+00,-1.313055882547275e+00,-3.128668011171527e+00
5.246211016193748e+00,3.983284359238530e+00,-9.807229846834691e-01
3.735246278123828e+00,2.497242022136001e+00,-3.403414213281852e-02
8.670150784720089e+00,-2.720994924583003e+00,2.002087917272229e+00
3.102464246876106e+00,1.437389945999205e+00,2.127226689721214e+00
7.942369963257645e-01,4.223984982924016e+00,1.413336188248809e+00
4.450421075102399e+00,-3.539121549587421e-02,-1.588404183677382e+00
7.850933064979920e+00,2.336124028316672e+00,1.383475310547131e+00
3.078083175352309e-01,4.711037439891593e+00,-1.592541187845553e+00
5.858822449895920e+00,1.904141408952129e+00,-1.793169616500786e+00
5.944640485272361e+00,-3.975613102339194e+00,2.961136695787130e-01
9.285417634273816e+00,-2.554404490687107e+00,1.123775613621959e+00
2.864648171450218e+00,9.509643734264897e-01,-2.808258577493591e+00
2.788366132106962e+00,-2.244441846280939e+00,-2.764459528104952e+00
4.404836513396782e+00,4.575417053891398e+00,1.785497084138385e+00
3.569149014715152e+00,-9.464796597782623e-01,2.258787845237755e+00
7.363458626893268e+00,-4.276959426763494e-01,6.562216310277607e-01
6.417520771315496e+00,2.016020934701173e+00,-4.471868036924223e-01
7.589210379062663e+00,2.424973134187418e-01,2.169687430944584e+00
8.200417911986891e+00,-1.178540331112317e+00,1.437699818366385e+00
9.229811327341476e+00,-4.233621248454212e+00,5.001050981200832e-01
4.309367317846476e+00,9.644558950786388e-01,-1.132499403095292e+00
9.846973894715495e+00,3.675800307940346e+00,-1.897552991293569e+00
2.156608134036527e+00,1.857624417600562e+00,-5.109923647267838e-01
7.143651619473285e+00,-1.185049899530478e+00,-1.339433258549191e+00
5.340093173071892e+00,-3.722739353768706e+00,-1.009968079802132e+00
8.169005946848834e+00,3.163381869042439e+00,9.821281707227358e-02
4.767705206064260e+00,4.417483622312048e+00,-2.079143987738581e+00
7.839386353624312e+00,-1.117270092037352e+00,1.923764817640885e+00
9.301687146476780e+00,2.286421891840615e+00,-2.227204077981812e+00
7.322942661400873e+00,-8.923656010924432e-01,-1.194204855332290e-01
7.760942862183243e+00,2.266938852199374e-02,1.545483497414302e+00
6.717543126585612e-01,3.364763806164097e+00,-9.411766935667698e-02
2.049576622322806e+00,-4.165756577888464e+00,-8.732241280820037e-01
9.743037405035937e+00,3.033534878670512e-01,-1.577625783369569e-01
6.931870037873944e+00,-2.853797253287775e+00,2.190762612210038e+00
5.614490173110046e+00,-1.601940545042376e+00,3.081473240832894e+00
3.669763733964500e+00,1.444288246422742e+00,8.239975883985835e-01
4.438900120691791e-01,-4.727715876631517e+00,1.843763297249696e+00
3.691359079641350e+00,9.382509897316273e-01,-3.050557553593414e+00
4.989128732895759e+00,-2.165577605462503e+00,2.389900069298834e+00
2.114595093868867e+00,1.694843608080721e+00,2.852878780307514e+00
1.731367912738325e+00,-3.584186480869458e+00,4.723029036815278e-01
5.084165513575169e+00,2.358116038161786e+00,1.594702980187515e+00
5.859042356275439e+00,1.456397197629782e+00,8.007758171052304e-02
2.399179188545248e+00,4.712418328803512e+00,-1.343321516699392e+00
5.873894744562130e+00,4.112353632581481e+00,2.213239282047473e+00
9.003399638742950e+00,-2.166971368002977e+00,6.084430060084824e-01
4.731732580213538e+00,-4.726834272745631e+00,4.987786257167746e-01
8.573901695871815e+00,1.553685611117578e+00,9.998571250741755e-01
9.272714445333184e+00,1.028873890046725e+00,2.236833860845238e+00
9.239402893708570e-01,-4.725712312335539e+00,1.457109162089065e+00
9.581157965679699e-01,-3.773224707974073e+00,-1.815060218503293e+00
4.760441828876014e+00,8.470170453598556e-01,-2.084538183242257e-01
5.881024443177027e+00,4.118272640434919e+00,3.017803422598594e+00
4.258834644650292e+00,4.065002765134070e+00,3.428150750634966e-01
3.264507704175030e+00,-3.485149453879251e+00,2.753576765867447e+00
6.409941161261559e+00,-1.154260535947504e+00,1.968958552120608e+00
2.081512349920267e-02,-4.567971356478260e+00,1.043156050220179e+00
9.680732808637424e+00,-3.072815363707093e-01,-9.464663453982007e-01
2.320790881880221e+00,2.530834596732056e+00,-1.229497800527477e+00
9.170987685830070e+00,2.899727113656114e+00,9.011411302178480e-01
1.090147445345060e+00,-1.010533403427072e-02,-4.237302206482547e-01
2.380871820445726e+00,-4.041303252917816e+00,1.877124373348732e+00
2.348737010875004e+00,-1.186360248184336e+00,1.636497959034859e+00
9.961529042006461e+00,4.321019599743645e+00,-1.180418965391547e+00
4.600545725884420e-02,-2.703874434802853e+00,1.273782511076061e+00
6.396382093034958e+00,-1.802455500872735e+00,-3.424216550829495e-02
8.696865810608529e+00,2.468271754630709e+00,-1.110288475828065e+00
6.722736540247367e+00,2.335807888859382e+00,-5.468470255749915e-01
3.627338182169442e+00,4.122022880249324e+00,2.484069043234099e+00
9.583093627029349e+00,-1.118813092796246e+00,-8.826763727743328e-01
8.935207545890410e+00,1.459872387429115e-01,-1.335809762174884e+00
4.339549202495178e+00,-3.260753877952238e-01,-9.311226934641694e-01
5.733284926111635e+00,4.277521710224532e+00,-1.793105248553482e+00
9.675191878052408e+00,2.693305888246348e+00,2.804498969947584e-01
9.825603619264701e+00,3.314417798338482e+00,-2.215222203145140e+00
4.498232757179522e+00,-3.669017311705891e+00,1.994558134795888e+00
8.473500281430885e+00,2.918466928681599e+00,-1.724230158506137e+00
3.019802269539364e+00,-6.702123394250306e-01,6.160979083321916e-01
3.718128729306647e+00,-4.766613171693529e+00,-2.356034275753521e+00
1.648218829902263e+00,-4.399116472567154e+00,3.006209791034072e+00
2.091845927767303e+00,1.779079397348445e+00,-2.854108092648113e-01
6.568733022593589e+00,-1.279875588540301e+00,2.024262234650131e+00
5.107816180070809e+00,3.681155732234805e+00,1.687964133761574e+00
2.311318606256028e+00,2.342731338758664e+00,1.342673014072163e+00
4.029096163616526e+00,-4.783199883330383e+00,2.056894148839541e+00
3.731834598636818e+00,1.868883118360020e+00,-2.510361183752890e+00
9.873602045353342e+00,-3.076475272676438e+00,1.121530968528566e+00
8.535658372113794e+00,-7.741743129608789e-01,-1.471350874669400e+00
3.879663333838242e+00,1.247352021229627e+00,1.796184639402176e+00
9.139165788960330e+00,3.727178412956928e+00,2.870591079185614e+00
3.426353916281712e+00,-4.390211160806077e-01,2.522633114894067e+00
6.679015127348594e+00,3.084904541911344e+00,-2.419326538315615e+00
9.666499966821124e+00,2.829656628006329e+00,-8.196263137856747e-01
3.902788639885522e+00,-8.546148714874171e-01,-8.524852584946783e-01
6.798849651049338e+00,9.801634329028808e-03,-2.373182549676669e+00
2.959238110626332e+00,2.004850100498131e+00,-2.525048476949487e+00
2.663123155979746e+00,-4.688515653530603e+00,-7.232566126730631e-01
5.741566664315520e+00,3.908114137992460e+00,3.091776736160758e+00
9.792645980332182e+00,2.698161594376934e+00,4.331794522176291e-01
4.531338487201699e+00,-2.505841185976696e+00,7.651765395306640e-01
9.376369703165807e+00,4.811799531889756e+00,-1.820935587566646e-01
9.143635202447616e+00,-3.206096474103812e+00,1.019952941142984e+00
2.537626123449948e+00,4.140866737044018e+00,2.869292476081593e+00
4.018194070843274e+00,-1.755265416768888e+00,5.573056789268431e-01
6.433024784941831e+00,2.631467101641358e+00,-2.732943959068000e+00
5.180458844113916e+00,-4.362340675205489e-01,-4.466987134478417e-02
9.595852986317432e-01,2.364673874500022e+00,3.096047560190693e+00
9.936980301271582e+00,-3.442169520606337e+00,-7.074695715905195e-01
7.526540012112800e+00,-2.304935416135172e+00,5.898732102858131e-01
4.376940382247118e+00,-4.001421755279743e+00,-2.471574108408665e+00
6.181685496662913e+00,3.651439814378032e+00,-2.254529418267910e+00
8.757281726623012e-01,-2.037070122305007e+00,2.354193001329674e+00
4.953016536896100e+00,1.944762294166634e+00,-1.254471698268953e+00
9.308324158174878e+00,3.202211977415281e+00,-1.222385700788919e+00
8.966009580549784e+00,4.014182363793459e+00,-7.086616463589768e-01
3.373808454831456e+00,-3.937028846882822e+00,2.930971943706328e+00
5.313678638213388e+00,3.930149335126124e+00,-2.611351528825294e+00
6.973835240876468e+00,-3.027472222692805e+00,2.002853925606835e+00
3.400092669079053e+00,2.369020115909616e+00,-9.955212226272470e-01
6.487921809393848e-01,2.288490193646112e+00,2.195772366200989e+00
5.054416567178047e+00,-4.914968582590458e+00,3.089791871689496e+00
6.016357358233364e+00,-2.793760916897457e+00,-9.508507046549814e-01
5.841600121510249e-02,-8.091485335132731e-02,-2.328822634014181e+00
9.557537353853063e-01,-7.996529333671791e-01,-2.234454645946722e+00
2.072906435941523e+00,4.185734798846095e+00,1.625716964378481e+00
3.480522869909342e+00,-1.402591304974768e+00,-2.231023685245156e+00
5.410512228305803e+00,4.369837148359624e+00,-1.505315680500303e+00
2.938429187596653e+00,-4.057068160746891e-01,-1.857319983880370e+00
2.761838144065037e+00,4.643528966401657e+00,-9.067983259915899e-01
8.693493438130819e+00,2.373548100248612e+00,-2.674333681264010e+00
1.450506408014263e+00,3.293345916321559e+00,2.241479123908055e+00
4.954601331723603e+00,-3.951231116509990e+00,2.262866014742920e+00
9.528247169361361e+00,8.614143324236778e-01,-5.470587329922769e-01
6.250132491160459e+00,-3.572996401706492e+00,7.042669668057777e-01
7.172054798944385e+00,-2.023789979490259e+00,8.919080246369884e-01
4.312369913906071e+00,1.235654061672681e+00,1.566134928036814e+00
1.993216711971957e-01,2.262257046938908e+00,1.299996540610411e-01
6.461303683672054e+00,-4.608162179887492e+00,6.494328885354195e-02
6.319242814281241e+00,3.094373107236468e-01,8.250059644857943e-01
1.104276364633331e+00,6.531398628988638e-01,1.275790696319362e+00
4.621597136246315e+00,-4.211720028897989e+00,-9.632727704990471e-01
9.153289446656505e+00,6.880342007635321e-03,-1.065813750021208e+00
2.050848319719751e+00,2.138422800498265e+00,-1.446901939898450e+00
4.610987546341104e+00,-4.467727151244691e+00,3.069119586473965e-01
4.611031852005204e+00,2.602677763239621e+00,-8.786677166758317e-01
8.107614681476385e+00,7.642650490413683e-01,2.532957313449899e-01
8.245758703294445e+00,3.332272082717909e+00,-5.907151380073348e-01
7.592694196633919e+00,-2.819374271459301e+00,2.115763268240007e+00
3.654541591882738e+00,3.332736842131185e+00,-2.682101805710594e+00
7.203692501852010e-01,-4.054390247325320e+00,4.537125407596077e-01
3.494829772240141e+00,-9.617030355532865e-01,4.751580385632943e-01
6.797912012713397e+00,-3.005152084753515e+00,-7.306256859025675e-01
7.027465744890764e+00,3.760208322908742e+00,-4.962403548550460e-01
9.650002094767190e+00,2.049198163017738e+00,1.885780956923431e+00
4.536412314437085e+00,-4.746382228392719e+00,-1.378067721170477e+00
6.324355829402903e+00,-4.904766443860439e+00,2.333598845319658e+00
5.391908707225317e+00,-2.087507455183303e+00,2.490298425138115e+00
1.506185601132374e+00,-3.567168857194346e+00,9.463690003974872e-01
4.612024721321361e+00,1.303044775601958e+00,1.714415577721338e+00
5.448351546889942e+00,1.637969338825598e+00,7.096702506391712e-01
9.507496060422586e+00,4.419509036613675e+00,1.587076923649624e-01
3.665390544089560e+00,4.520399245458409e+00,2.932222808692608e+00
9.800991031079779e+00,1.588967054113456e+00,-1.365619135354419e+00
5.423000740240845e+00,-4.943248871472913e+00,-2.173033690553967e+00
2.424692433030575e+00,-1.410020834303856e+00,-1.335268843863553e+00
1.916643870158078e+00,1.314151324726618e-01,7.202139383962507e-01
1.416949172602318e+00,-8.202434915340895e-03,-1.978050796179687e+00
4.529328705734530e+00,1.033406295022266e+00,2.568654389768257e+00
2.192642978892323e-01,4.605514828047605e+00,-5.590501784367023e-01
4.450452833148653e+00,3.851926919551538e+00,2.198881614941589e+00
9.884046921559463e+00,-3.910919665495117e+00,-1.575593258994121e+00
6.701067957222666e+00,-2.340196086066068e+00,-1.173897846260274e+00
7.597861212004046e+00,3.331094174196362e+00,-2.769481074634302e+00
1.190053907182625e+00,3.243069088192069e+00,-1.521990477383805e+00
4.731008614900908e+00,-2.246292758783290e+00,-6.086007037246599e-02
2.862231010257139e+00,2.305880306861195e+00,2.803160926429063e+00
8.940975279890292e+00,1.720373787178573e+00,-6.980432021162852e-01
1.812924720139125e+00,-2.647603503003850e-01,8.780366903380337e-01
4.587333271367420e+00,-2.985450473209706e+00,-4.542107277778498e-01
5.880477183456377e+00,3.886431808940863e+00,-2.847590784348925e+00
5.140410915785326e+00,1.778511843068348e+00,2.219614312992446e-02
8.302435279704074e+00,-3.310070751216253e+00,-2.727444997077091e+00
2.314531713196404e+00,2.048023448408608e+00,2.410857728597153e+00
3.773911104236912e+00,2.414337195769799e+00,1.589878121503343e+00
7.920842965739525e+00,3.868802851210408e+00,-7.624552928749924e-01
5.280714117368048e+00,-2.771607447580651e+00,8.810198632054309e-01
4.021173856479573e+00,4.887541054134065e+00,-2.437698994134632e+00
2.944251474483150e-01,-3.466065774730787e+00,1.272690517979680e+00
7.533854240156094e+00,1.006888918595831e+00,2.027787530325874e+00
9.721820779667603e+00,1.571765052734785e+00,2.021587531544403e+00
6.202870094885100e+00,-8.104710473413945e-01,-1.355424142778820e+00
8.565412206887945e+00,-2.496229122961342e-01,-1.484426434601918e+00
5.168757431949262e+00,3.909100967221374e+00,1.344456382377239e-01
2.316809654233646e+00,1.452742296654619e+00,2.939099174945254e+00
1.444210423514547e-01,-2.999041765313759e-02,2.642223794225965e+00
6.533982675899892e+00,-3.716504375664753e+00,-8.819174291242349e-01
4.931088482482446e+00,-4.926623747768653e+00,1.758220641764622e+00
7.820981470876015e+00,-3.750313818481665e+00,2.647217584993200e+00
6.946824174353045e+00,4.561845674765054e+00,-1.502143317938639e+00
9.879523682065647e+00,2.640867829913307e+00,2.075308772610528e+00
5.103125834120398e+00,4.671163275102478e+00,-1.458354786736391e+00
4.271747896730094e+00,-4.642912902918281e+00,-9.846874439978981e-01
2.867396894392949e+00,1.802204038586392e+00,-1.892365410073040e+00
4.768612917912744e+00,-4.557064735965820e+00,4.448368951145731e-02
8.728714781229222e+00,2.820564688688232e+00,2.157085966616915e+00
4.243972579174127e-01,-1.190498272648057e+00,1.762567777697930e-01
9.779000472861888e+00,-4.042346398935051e+00,-2.365996198368017e+00
9.933071943077980e+00,6.804664178751532e-01,-1.559637815518595e+00
5.978213785879017e+00,-2.198798033986119e+00,3.949727608839817e-01
3.315442036954014e+00,1.595739418718185e+00,5.226821985825985e-01
2.230489683220238e+00,1.581747595137903e+00,4.832140431884966e-01
2.764903956848788e+00,2.050074741207528e+00,-2.657765440873224e+00
5.010542650497185e-01,4.924650787777590e+00,1.594018305094497e+00
4.751109584833588e+00,-1.133022900525946e+00,2.572513244232726e+00
5.732427086440584e-01,-3.468452551489909e-01,6.609249782349735e-02
7.184742147759252e+00,3.046117010253408e+00,1.374944959425557e+00
3.719294555328541e+00,7.837002302188534e-01,2.601336056508785e+00
1.993647317471632e+00,-4.627427893122004e+00,8.961251983588481e-01
5.448535578360384e+00,3.430785202598566e+00,1.095320830408617e+00
9.737593072430137e+00,-4.485013180619591e+00,1.391124957118778e+00
6.951310490184182e+00,-3.291798635082157e+00,-1.504807478129348e+00
4.917468501041602e+00,-3.979200330258128e+00,5.194804076496045e-01
7.769142992545063e+00,-4.220728671188798e+00,2.149949652188219e+00
7.374764718989887e+00,-4.743151246952898e+00,-1.280747338281253e+00
8.917354610577936e+00,-4.449722860276326e+00,2.495495847512168e+00
2.046689475939475e+00,-5.756081082119007e-01,7.563820980170499e-01
8.588775762587320e+00,-2.471477300173861e+00,-4.827066446977102e-01
3.010260870416989e+00,-3.734631165811813e+00,7.739813731651908e-01
9.409989278250970e+00,1.587055427265261e+00,-6.166323986196143e-01
2.810651489467352e+00,-2.738880893657415e+00,2.123940326836059e+00
9.268485431626761e+00,-4.810508446551905e+00,-1.110956379293464e-01
9.637907144640801e+00,-8.158021623267233e-01,2.520897887052606e+00
1.454913574570142e+00,-1.895670080216949e+00,6.162598947469267e-02
9.744998832627831e+00,-1.813955686535072e+00,1.007624309505682e+00
8.572296842928229e-01,-5.472997181843855e-01,3.127420432800854e+00
2.185677866125220e+00,1.689139272342777e+00,-2.218179040707636e+00
4.441687808728045e+00,1.164791200379939e+00,1.487413109102866e+00
9.935973657117101e+00,4.372616097888756e+00,-2.269032711573105e+00
4.885630511653794e+00,1.771666630252149e-01,2.129160170468197e+00
5.504094431784859e+00,-2.743009027492782e-01,6.060344673449438e-01
6.944249495236486e+00,-2.865855647831030e+00,2.753037713402768e+00
9.682935582729513e+00,2.553812888481568e+00,2.299373144405365e+00
7.833514001242444e+00,-3.592242237857153e+00,-2.671157767847082e+00
2.241540044236986e+00,-8.867110179515869e-02,-2.278895341074762e+00
3.029909306643547e+00,-7.867780161255560e-01,6.356756921361191e-01
9.762823960852440e-01,1.583008784044032e+00,1.150742765903288e-01
6.444523641647399e+00,4.176214699566588e+00,-2.082466701616590e+00
1.807403065392216e+00,4.465955914982224e+00,-2.328804651165273e+00
2.574048884793657e+00,-3.322007328368416e+00,4.020659503152544e-01
8.881136551803770e+00,-2.381827817328218e+00,-2.834209502148795e+00
3.267556753320152e+00,3.116353199647065e+00,2.348248164291360e+00
5.666467183541670e+00,1.827976244919283e-01,1.929458889789633e+00
3.975660087891770e+00,-4.696543164426812e-01,1.793032413365371e+00
7.403128740591358e-01,2.106254523807058e+00,-3.041079614346617e+00
3.628638298967051e+00,1.019249526069718e+00,-2.842255777918704e+00
4.080682030359308e+00,4.707140544213345e+00,3.131484337370014e-01
8.957011019115182e+00,8.397465228826695e-01,3.106568223952043e+00
3.244506536463395e+00,-3.402617365274674e-01,-9.907565292370615e-01
3.792411197620678e+00,4.281736207817568e-01,-9.778218669890686e-01
7.828967686723345e+00,3.085398166969732e+00,-2.297899305124632e+00
7.589566512115979e+00,1.126750567852208e+00,1.095384160571379e+00
7.982852766484908e+00,1.470480913867177e+00,9.215968171928859e-01
9.537707400760041e+00,4.714388800365919e+00,-2.504965135708328e+00
7.955574983947842e+00,1.183954844254574e+00,-2.047546390867225e-01
4.076082032178910e+00,-1.197147516654602e+00,1.049762612308598e+00
8.215085168980918e+00,1.913260270127966e+00,-4.073931699582323e-02
5.086746320899383e+00,1.594593969773114e+00,1.095558695679837e+00
2.777140325185653e+00,-4.861523644936181e+00,1.987185514237384e+00
3.029170681310124e+00,-3.267070321416687e-01,1.167512799237901e+00
2.238423885633983e+00,2.429036028823993e+00,7.295672605247328e-01
1.449929578197534e+00,-9.585422788710218e-03,2.221673107195494e+00
1.844904118536503e+00,2.796211359353894e+00,2.516972203863565e+00
6.317804995381937e-01,-4.911630357238561e-01,-6.981471053653632e-01
8.884508649323863e+00,4.833215976372356e+00,-2.053031504572560e+00
9.310078096491232e+00,-2.071084107961113e+00,1.997175820197551e+00
5.867703924938955e+00,-4.078773918539264e+00,-1.798542270441699e+00
8.404895566086850e+00,-6.998819884590270e-01,2.695176545672298e+00
1.835711026531471e+00,4.170902487391901e-01,-2.997846284313070e+00
9.016738252269851e+00,-1.509062683175385e+00,2.646924904971776e+00
5.063615596305083e+00,-2.577188398820410e+00,5.603532688304185e-01
6.716499260555508e-01,1.720586913854890e+00,1.726255629737159e+00
1.413127444941602e+00,-1.228749001437479e+00,-6.377898855267450e-01
3.089764607868172e+00,1.313685291006369e+00,3.089544580622704e+00
4.355758035475144e-01,2.790714485987759e+00,-1.711844867277537e+00
3.092933780174436e+00,2.610026277600237e+00,-1.480672436455576e+00
5.993043311889179e-01,-1.246906893643087e+00,-2.818433076901207e+00
2.360276051928252e+00,6.789822895017474e-01,2.767575762991608e+00
2.656697558564416e+00,-5.034177555725758e-01,-2.762760335752525e-01
9.943689763667939e+00,3.708052527096603e+00,1.098630123089486e+00
2.355466737636644e+00,3.787584797999992e+00,1.177724824761574e+00
2.391864489385803e+00,-1.562584171119632e+00,2.353066043738534e+00
6.867889683583850e+00,-4.082625521212693e+00,1.036255911644429e+00
8.593574785164520e+00,-3.324175166759805e+00,3.896905813875753e-01
3.870554126020865e+00,-1.329982578691162e+00,1.321470261024859e+00
8.756180199406923e+00,6.424995476299067e-01,1.576896036827566e+00
3.401420207477571e+00,1.567870109644293e+00,-1.973372913527255e+00
1.970158796150193e+00,-1.686289537139998e+00,-2.452534325609168e+00
3.296388243277235e+00,1.674991196239858e+00,-2.671303455959621e+00
6.093563739279924e+00,4.377399836737560e+00,-7.913452327066111e-01
3.671431593120738e+00,1.520141271689504e+00,-1.256486366936249e-02
6.728938039892888e+00,-3.414347705556487e+00,7.266497417116673e-01
2.369358794224824e+00,7.966891297762757e-01,2.877915764294817e+00
7.009928939891488e+00,4.189551676698278e-01,-1.063191481871169e+00
3.474383632484667e+00,3.707001108984207e+00,1.639120011036333e+00
4.558683716019345e+00,-1.496969447870256e+00,1.970257347067075e-01
5.577451404428960e+00,-7.705438994331999e-01,-1.758726826043124e+00
6.862250031859936e+00,9.865905548649367e-01,7.244853781398559e-01
2.387136918487337e+00,2.442531174202545e-01,2.935354499294176e+00
8.359455374108105e+00,2.190165924051742e+00,-2.360540574173715e+00
7.218427497552398e+00,-4.596110090875042e+00,4.574010965544240e-02
2.340979190239994e+00,6.351601920695984e-01,-2.817327801063473e+00
9.749745626029103e+00,-3.783281069961247e+00,-1.123331123937563e+00
6.647969910304584e+00,-1.847910074802787e+00,7.577689718650826e-01
4.524268864667055e+00,1.616268615323904e+00,2.142923929380125e+00
1.575273255535163e+00,-3.425857994078223e+00,1.447196155215113e+00
5.332210023081315e+00,-1.911581644953712e+00,-2.333777453778474e-01
1.647758868271182e+00,2.030064828353120e+00,2.571222414800294e+00
4.294916786978438e+00,1.508052425268339e+00,-1.239580318044647e+00
4.087125227395188e+00,-4.089603307902619e+00,1.595824831394131e+00
7.199396443474601e+00,7.726849349232392e-01,-1.633061326743115e-01
1.923831812242498e+00,-3.527455380813605e+00,2.504702316676430e+00
8.218713548708457e+00,-2.477286212855073e+00,1.868825534887872e+00
3.261323270161658e+00,-4.078872136422129e-01,2.522508277203105e+00
4.439886269687751e+00,-3.906531767018109e+00,-1.795433717022126e+00
7.723409755538425e+00,4.936469679185668e+00,1.056520324468456e+00
6.253923997135148e+00,-3.346304389459989e+00,1.498309781958531e+00
3.080253518019374e+00,2.813126284286044e+00,1.523133749874327e+00
3.862029245458810e+00,3.298388450232251e+00,2.513557159847490e-02
3.057868139896102e+00,4.944639698960014e+00,-3.070903536875042e+00
5.947701672771571e+00,-7.134678214773160e-01,-1.498974593539180e+00
3.326245332068397e+00,3.740945201393401e+00,-1.110233345963962e+00
7.256976947831408e+00,4.575394390168510e+00,2.211911301293967e+00
5.797871585837261e+00,-3.271058551053328e+00,2.141848757455144e+00
1.457066117475090e+00,-2.056391094046734e-01,-2.483868161945563e+00
3.102686186798824e+00,-4.399891811439122e+00,2.826402202987339e+00
2.214474419101558e+00,1.207240120242016e+00,-1.995178454276230e+00
3.903132125514853e+00,8.140615685656636e-01,-5.380954372848503e-01
5.159840862093631e+00,-2.958737153368029e+00,-1.789721565385359e+00
5.067628572841098e+00,2.979027588941261e+00,2.264035673848364e+00
7.545236765632890e+00,-4.627312772364601e+00,1.567039182159164e+00
1.891718636017093e+00,3.062273241275570e+00,-9.203056484876138e-01
9.464728292974469e+00,-4.733547088361326e+00,1.142777110736922e+00
3.428451068821686e+00,1.568288121363502e+00,-1.983181355832678e+00
3.002488469161385e+00,-4.212304860850987e+00,-7.395491797954228e-01
6.851785781802198e+00,-2.487744806876770e+00,-7.721557953178637e-01
8.055166286830625e+00,2.219133493118358e+00,-1.646592390958841e+00
3.784717648136534e+00,-2.195952003746132e+00,2.364438340853804e+00
7.468469748939771e+00,1.117384871773472e-01,1.123720897414173e+00
8.837359561360547e+00,4.152482695201144e+00,-1.382682090553346e+00
7.668036652069574e+00,-4.503656459634216e+00,-1.620303047842280e+00
3.419648557083299e-01,3.110797937356736e+00,-3.028787668394500e+00
8.273689113661881e+00,-4.347280014315105e+00,-9.639521288324842e-01
7.744809584543674e+00,-3.732051556633234e+00,1.682089339811492e-01
6.692902381531860e+00,-3.806808961107891e+00,-1.396683343748079e+00
7.600224190879034e+00,4.941022832107262e+00,1.259516497166075e+00
9.794253958319389e+00,-3.198136806684666e+00,-5.544940626680903e-01
4.311128878183497e+00,3.967618462562681e+00,-1.154109067685538e+00
6.722323495459781e-01,4.909321629465541e+00,2.758680630716077e+00
4.608899696277167e+00,-1.162152295877021e+00,-1.490366042699052e+00
4.643365539104793e-01,1.310485435286854e+00,-6.392662265261726e-01
2.942504080884611e+00,2.790912537636125e+00,-7.395887880859804e-01
5.868797917967590e+00,-1.073549181637917e+00,-1.626098751952183e+00
3.096228929261563e+00,-3.381858595021927e+00,-1.775145997359665e+00
6.853952459095386e+00,-6.623725620743883e-01,-1.241682962196729e+00
8.219863276857211e+00,2.718876450029446e+00,2.288563351254963e+00
4.204391792795369e+00,2.807627627484031e+00,1.678131272838181e+00
9.001379512930036e+00,-2.694612078290866e+00,1.137253487977084e+00
7.983893135040021e-01,-3.250343601092535e+00,-2.695298463506597e-01
8.401131642004497e+00,4.205607021003496e+00,4.871972231567057e-02
8.285731454392989e+00,-4.560009694416895e+00,-1.463109784608365e+00
3.219938963267649e+00,2.347384757650869e+00,-2.674651995686331e+00
2.987151871246150e+00,-4.535786145532460e+00,-1.061603491523108e+00
3.050949811535126e+00,3.379000508609879e+00,-2.774807946168512e-02
8.113937123444110e+00,4.054148133361020e+00,-2.781484161789823e+00
8.316534876101951e+00,-2.025808757709010e+00,-2.587206466500644e+00
3.297224588276676e+00,-4.260643564833025e+00,-1.488956374911991e+00
5.925903474444619e+00,-1.931546365257137e-01,-8.351586436777603e-01
1.389332294404545e+00,-2.015369632545232e+00,-6.703102449020162e-01
4.687787382810221e+00,-8.286385718962102e-01,-2.400892653967801e+00
9.987928508555383e+00,1.649854534886802e+00,-1.722715236729416e+00
1.588391477062469e+00,-2.901739640512830e+00,-1.497614483759813e+00
9.475626399600589e+00,-1.430484304859136e+00,-2.716630193189213e+00
8.242547219650078e+00,2.825624902926736e+00,-1.092647806168945e+00
9.722146509462700e+00,1.437619499528217e+00,-2.687811128790988e+00
1.795787606105330e+00,-1.737245088487613e+00,1.278363330457128e+00
2.135184904433642e+00,1.643016002599285e+00,-7.159829988874056e-01
1.686718173485868e-01,2.653129228919666e+00,-1.088546841561766e+00
7.247018129156055e+00,9.248558095278749e-01,-2.346630404565874e+00
6.440946934361857e+00,-2.605031674989915e+00,-1.718428213675956e+00
1.780654383247321e+00,-4.997547094880069e+00,-1.679462703879336e+00
7.911449655420720e+00,3.028491069882813e+00,3.048627993873544e+00
2.991955061317254e+00,3.226335553161645e+00,2.107062294099556e+00
1.349955693306352e+00,1.976045013943621e+00,-3.045696847044725e+00
4.225626650193481e+00,-4.234190686323862e+00,7.341059504574661e-01
9.096984842685607e-01,8.522228750804617e-01,-1.533662095792651e+00
2.632436562732466e+00,3.210206712716072e+00,-2.485773068022052e+00
3.713333584273462e+00,-1.103316798918343e+00,1.291821410793646e+00
8.518641745141499e+00,-3.019992657797459e+00,-2.314690598826965e+00
7.925487412932214e+00,8.762729724147071e-01,-3.534871074521417e-01
4.427542857506182e+00,3.263066273008778e+00,8.304182218431801e-01
7.245750577523875e+00,-4.511300412929344e+00,3.424006511913591e-01
5.686496361790050e+00,9.695121716073576e-01,3.001032132737229e+00
3.408418550780681e+00,1.431737953393419e+00,1.795373788406534e+00
7.258743434952848e+00,1.023670393482796e+00,1.722807792210209e+00
6.834991544663779e+00,1.500336842370485e+00,-9.073208981991230e-01
6.190944421936020e+00,1.313753076041545e+00,-3.088842221080172e+00
6.179555210432506e+00,-3.695961150196510e+00,1.472847309149176e+00
6.829819923269768e+00,-2.650632230510847e+00,3.139909289572799e+00
3.845455126425382e+00,1.189940052890101e+00,-5.913790073239475e-01
8.690758150677024e+00,-4.823068388632292e+00,3.050602699011248e+00
1.623078454964608e+00,1.347445187232444e+00,-2.251214341855392e+00
8.838854632391541e+00,1.653866237850320e+00,-1.278550602388703e+00
3.422818430319944e+00,-2.608252401383415e+00,-2.068883704525649e+00
1.250316156086225e+00,9.813282975313964e-01,-1.559739621712595e-01
6.000274026791299e+00,3.409006072376455e-01,1.865989178455768e+00
3.759866690704052e+00,-2.393084518468862e+00,-1.001152118599577e+00
8.154997271035192e+00,-3.702598812524540e-01,2.552411689263819e+00
4.307854685287673e+00,4.096245294121815e+00,2.816777943484938e-01
6.685625255621098e+00,-7.339721954011713e-01,-2.172448155641571e-01
3.082579895048255e+00,1.298441768795016e+00,1.803499386315279e+00
2.094523750253401e+00,-4.646491789593058e+00,-2.504204363467936e+00
3.880490309488238e+00,-4.221998866779012e+00,1.720037504915014e+00
6.068078346024334e+00,-4.186919266966815e+00,-1.615080215753996e+00
6.569467392113518e+00,2.782407636264455e+00,-1.377195383056401e+00
5.782066652980183e+00,-1.497431051965473e+00,6.248864872682951e-01
9.880557186241090e+00,-2.723883116341867e+00,2.525428473899991e+00
6.910901864951652e+00,2.473245684517227e+00,4.926453947810656e-01
9.315196275969178e+00,-3.300399374438255e+00,9.358763598594875e-01
1.179331948951745e+00,-2.535074749297194e+00,1.737895061453226e+00
6.137292981347886e-01,-6.906855672997914e-01,-1.512207138100313e+00
3.109947020119537e+00,-1.685619309853867e+00,2.056069804977400e+00
1.365889383764239e+00,8.539221103664429e-01,-5.154715859844883e-01
5.258685282282677e+00,-1.621593809251523e+00,-2.037915381123680e+00
5.189812535232788e+00,-1.070483641411081e+00,-9.417358809417182e-01
5.750471664439502e+00,3.628866082494859e+00,-1.595105268802062e+00
7.452278808310727e+00,3.845314396280024e+00,-1.704542690249429e+00
9.713297002123198e+00,3.277111908134074e+00,-1.366195715047863e+00
8.782586914391464e+00,3.648309327046327e+00,-2.004770816786265e+00
1.183672395755816e+00,6.972866933911703e-01,1.053701216089862e+00
3.385136887706572e+00,1.462332147513839e+00,5.026030324985276e-01
2.558230250480419e+00,5.717316655494056e-01,9.326879209634020e-01
1.768173577797928e+00,2.855880840529200e+00,-9.819065191183345e-01
5.447248766557845e+00,5.100048576144420e-01,1.694784951908792e+00
5.532644020327306e+00,-3.889230354492195e+00,-2.327236916744540e+00
2.272448278880614e+00,3.095801204568598e+00,4.469651276887214e-01
7.118972503066855e+00,2.605851706775364e+00,-1.410870585551802e+00
7.329142991695052e+00,3.203005952826253e+00,1.734781223959194e-01
2.097999483393331e-01,-3.095705366102381e+00,-1.108120309263217e+00
3.957577037223166e+00,-2.283829472850329e+00,1.825339253984434e+00
8.901406412016211e+00,-2.042483027364700e+00,2.458433468900655e+00
5.203186082438382e+00,8.080536185673637e-02,1.524182778486282e+00
3.476278014389943e+00,-3.661229158365402e+00,-2.038367648835366e+00
2.536761515951302e+00,-1.146182467251327e+00,-1.414552996206011e+00
2.433545199182823e+00,-3.178418389209704e+00,2.634904435712564e+00
9.976803385080635e-01,-2.352372869672635e+00,-3.944575714845997e-01
8.172264190930921e+00,2.063876345584274e+00,2.772018265838788e+00
8.665740539417122e-01,3.548111563172810e+00,-6.757459683525839e-01
2.922947658618158e+00,-4.770941334028161e+00,2.838583909579302e+00
4.567573856635321e-01,6.589696335500044e-01,2.674996952419575e+00
7.813865697237005e+00,-4.639402379377328e+00,1.008620196571141e+00
3.928368222679046e-01,-4.147507549884497e+00,-3.086130672390716e+00
3.083011038682084e+00,2.050840346141091e+00,-6.262156618441739e-01
5.732973700866641e+00,2.356081065021166e+00,2.583866524699459e+00
4.095613602934439e+00,3.139806731727987e+00,2.419719310167789e+00
2.822710672491004e+00,-2.575848822969506e-01,-1.964200381281186e+00
2.751890724275416e+00,3.598074820161882e+00,-6.334550600334534e-01
7.977903060062493e+00,-3.331617083583756e+00,2.108071049265179e+00
9.739780950872451e+00,-2.502835863649974e+00,4.893209832954297e-01
3.480410704487934e+00,-3.654978523980287e+00,2.182145440783901e+00
3.914551360901652e-01,2.975372605818766e+00,2.051883391771279e+00
3.656577790910842e-01,-2.713248816133811e+00,2.560284959023892e+00
7.592134152107181e+00,-3.444887572417044e+00,-2.405073976146649e+00
5.523698216091270e+00,1.231106875880562e+00,-2.229179010429058e+00
7.835926574173304e+00,-4.229179736393256e+00,-2.621288179469634e+00
6.974970102885748e+00,-4.550997227798275e+00,2.734874787043902e+00
9.075063492653966e+00,-3.932823514475411e+00,-1.560593415421958e-01
8.858242910466235e+00,-4.997591160128324e+00,-2.737424977532713e+00
7.883273956211774e+00,1.969901542217924e+00,-1.121360694294685e+00
4.751891600421438e+00,6.223532171447861e-01,-9.336019100848127e-01
3.081264076038525e+00,-2.901248909622761e+00,1.945021734562268e+00
5.070267874446399e+00,-2.669950520224042e+00,1.479544949068655e+00
5.020716073198236e+00,3.109685984700397e+00,1.189953927181626e+00
6.102755488893377e+00,1.820115860300398e-02,-3.004219901184894e+00
1.860975677829041e+00,1.985283570817397e+00,2.580477793826642e+00
6.556198804449887e+00,-4.724454872508446e-01,-1.787218967619632e+00
4.566009242058158e+00,-2.622819739792077e+00,8.109167216889914e-01
6.202048319408592e+00,4.704028006829068e+00,-2.753172150836541e+00
2.396048229195457e+00,6.564756337539741e-01,-2.629349110987527e+00
4.343948938773550e+00,-3.690180962320876e+00,-3.081416727262502e+00
2.102012144525203e+00,-9.390995781609321e-01,4.142356075441795e-01
8.753051567568017e+00,-1.706625880530993e+00,8.129164391846850e-01
4.879610450415376e+00,-2.859125314114786e+00,-2.824528651348329e+00
2.249814155738121e+00,4.334399892402596e+00,-1.316422293682629e+00
4.120869574154629e-01,3.809199954597526e+00,2.208253211306723e+00
6.757386646535418e+00,-3.008528834798836e+00,-2.505053411673699e+00
2.146447139897557e+00,-1.478521109444833e+00,-1.780986690956902e+00
9.895821923187784e+00,2.623153916708216e+00,-4.750640480196506e-01
5.337003734151716e+00,-2.914939518597843e+00,2.150571612692472e+00
2.889769962480321e+00,9.156486260424446e-01,-1.540328818962580e+00
6.576774337926303e+00,1.997939421248166e+00,3.123603990586063e+00
2.752199234380855e+00,1.539723257107664e+00,-9.094168490758121e-01
8.202742939097465e+00,2.064086402755006e+00,-7.134641206262309e-01
3.082360509299419e+00,2.066995890287630e+00,-2.374376745251396e+00
9.882477323959092e+00,4.648059198489284e+00,1.132216803046358e+00
6.051447854452936e+00,-1.535011104796804e+00,-1.611855794308546e+00
8.444111489426634e+00,3.785904243758395e+00,8.096989813294004e-01
7.281546957842222e-01,-4.781929374848932e+00,-1.739451293304952e+00
3.482994173861882e+00,-2.117970366767168e+00,-7.045193230900155e-01
7.374870861661496e+00,-4.513442180008685e+00,2.241036847649003e+00
6.550590173405827e+00,1.512039599558403e+00,1.501090112772224e+00
1.942431214337578e+00,-3.992096292683804e+00,-2.170269382439721e+00
3.562029305097099e+00,3.457068636520463e+00,6.767503747081935e-01
2.634434074875409e+00,1.465916837902598e+00,8.082730525028858e-01
6.133701697618430e+00,-4.711845989463943e+00,-2.572534151589216e+00
3.445682294587749e+00,2.147773654346230e+00,-2.148494102650682e-01
3.090542420003498e+00,3.620349472569611e+00,-1.503764819885004e+00
2.073779804363417e+00,1.611210076621495e+00,-2.065274040375744e-01
4.090271209146483e+00,-4.694757840649678e+00,1.740888381725571e+00
1.955025901965536e+00,3.579195484604066e+00,-2.147218512668883e+00
9.625695873776323e+00,2.324639129340350e+00,-2.366849480725545e+00
1.545018114953034e+00,-1.215486875160158e+00,-1.449427208560098e+00
9.133047149587764e+00,-1.713697416844973e+00,2.841730464415682e+00
4.284730981565819e+00,-2.017981859255986e-01,1.557125442480752e+00
3.778659915617220e+00,3.671017509378709e+00,-3.019347862214932e+00
2.313198009048488e+00,-2.479406481304425e+00,-6.220049191903767e-01
6.357563343675191e+00,-3.990361887587989e+00,-1.524313453334198e+00
6.855280150108364e+00,3.646363729610499e+00,8.679879222627092e-01
4.675709622524175e+00,-4.737101511192771e+00,-2.557730578452881e-01
5.570689569342413e-01,4.109970222440646e+00,2.918530306631705e+00
9.185101506885498e+00,-1.942548056985993e+00,-1.765710467776683e+00
9.803291328763811e+00,8.222701688267620e-02,5.520181421460015e-01
4.310434152118350e+00,-3.677044752477720e+00,1.257956624536772e+00
6.136608074093272e+00,4.022549693766852e+00,2.045582015994327e+00
4.502986262437467e+00,2.498362233844047e+00,-5.845182547568029e-01
3.218796508861206e+00,4.241555866080342e+00,1.174464983783468e+00
7.731879285780763e-01,1.832290511181625e+00,-1.236521623472836e+00
4.560677303972989e+00,-3.153062232576739e+00,-4.054156684340233e-01
8.183845563594515e+00,-1.917329970137507e+00,2.485798577898808e+00
1.703146108800357e-01,-1.315142489652663e-01,2.826852880536546e+00
5.821076831802223e+00,1.072582053602069e+00,1.374869939169408e+00
8.807721087266888e+00,4.264594373362737e+00,-7.894703537499699e-01
2.175494300143580e+00,-1.160485342108610e+00,2.010982403417179e+00
1.832558646890622e+00,2.030720219071459e+00,-2.979064985753019e+00
7.722766257019432e+00,4.610088489108218e+00,-2.496021058115715e+00
2.550864311192933e+00,-3.476259365845470e+00,1.013941089358341e+00
1.919842675606485e+00,3.627095887795482e+00,-1.311623884715980e+00
3.779892505692350e+00,-7.929392960680133e-01,2.836143255317237e+00
3.925020122702180e+00,2.324217759293368e+00,-4.017430226516869e-01
8.741010630165659e+00,-2.064616612629163e+00,-4.438139227007141e-01
6.184434719336769e+00,-1.660157817339984e+00,1.118906561941396e+00
4.059614563395893e+00,-4.728667751319339e+00,1.681182859345417e+00
5.343879642857669e+00,4.714041531669595e+00,-1.535689775010711e-01
9.539652333252741e+00,3.134525752307844e+00,-1.796985332231505e+00
1.132146766098954e+00,-4.060820420737795e+00,1.717248848298820e+00
2.077155217246914e+00,4.995087956637745e+00,-1.128766230167567e+00
9.625287065865553e+00,1.050245972029415e+00,-2.041339240833713e+00
9.573248485272041e+00,3.537286379643831e+00,8.271197071711733e-01
1.771654212647726e+00,-4.333392367221310e+00,-2.573255502175508e+00
1.451088171252982e+00,-1.105488215080763e+00,2.961596202600494e+00
4.210851343386198e+00,1.696511223036099e+00,8.318765464651094e-01
4.971829248796911e-01,-3.935662813002985e+00,3.052971597879948e+00
6.549035322851401e+00,-1.109716134599932e-01,-1.012262474489038e+00
7.749602166174219e-01,-5.732212545585842e-01,2.960669345458697e+00
5.802962709428072e-01,-2.839597755264203e+00,-2.226998077381270e+00
4.851869362088492e+00,-1.997301641481978e+00,-2.885899857899926e+00
9.577866361101016e+00,4.671183544949823e+00,-2.934347689570311e+00
4.267959360631596e+00,-2.113515139900640e+00,-2.207259712976004e-01
3.564811586605511e+00,-2.865738660315889e+00,-2.620061899558054e+00
9.979567155022860e+00,3.620917106833339e-01,7.645307102133847e-02
5.319689607791834e+00,1.709580340702979e+00,-1.083846301848753e+00
3.752414068902485e+00,2.250931110695649e+00,-1.032773499412942e+00
3.858608133416018e+00,2.542471844969162e+00,8.520564546139782e-01
1.949594960335105e+00,-4.631675084852469e+00,-2.116817657707648e+00
5.122230574475389e+00,-1.062395996204367e+00,1.674804220097797e+00
4.388550281680058e+00,2.739580797830902e+00,5.154154698875453e-01
2.707952963474134e+00,4.048521018001294e+00,2.607173995267767e+00
1.605400866017598e+00,1.022001233327833e+00,-8.492312183758957e-01
3.112388686675537e+00,-4.476931464903143e+00,3.032987745711473e+00
5.086833276877293e+00,-1.033541941448688e+00,4.764391557115548e-01
5.833327228480167e-01,-4.257728841315453e+00,2.974472215507586e+00
1.537440285839560e+00,2.485378626845845e+00,-2.971565549678288e+00
9.476572669690954e+00,-4.364945307183348e+00,1.432417479366352e+00
5.428553510313390e+00,-3.142689332648227e+00,1.989391709372925e+00
6.344930366003787e-01,-8.304157603522579e-01,-2.807495040009639e+00
6.930877587695729e+00,-3.735163288512799e-01,4.961810326597837e-01
6.180287007903473e-01,-9.351829968498766e-01,1.897159382697327e+00
7.388742270463729e+00,-3.660335339399996e-01,3.835176214905829e-01
7.499627217200269e+00,2.132391520201998e+00,-2.740640039955789e+00
6.510789757492526e+00,-1.307311770444585e+00,1.215464861726701e+00
7.322045446193497e+00,4.775045915061913e-01,-2.760851009654045e+00
8.796578101305774e-01,-1.966307424712678e+00,1.994715896653825e+00
7.267805523552676e+00,-1.463725049095173e+00,-2.871200905330698e+00
1.366883197238830e+00,1.137989590420808e+00,-2.278299447980476e+00
3.395059072718438e+00,-9.505348362980026e-02,-1.413040682920415e+00
9.427452535006328e+00,2.230362948592811e+00,8.379557032281162e-01
5.028754776591401e+00,6.053858805174972e-01,2.993052495744719e+00
9.674264320830138e+00,3.035740853838728e+00,-2.401289837158235e+00
8.892245888673755e-01,-5.659178700528340e-01,-2.244933923163056e+00
4.775565995631801e+00,-8.966380133198548e-02,-8.239115967846882e-01
6.240232027687065e-01,1.699713489009396e+00,2.112527146336817e+00
6.302102623992848e+00,-2.787560555879511e+00,-2.058939962063580e-01
7.870700136851638e-01,-1.140704630687392e+00,-1.120853655429207e+00
1.753678025403773e+00,1.248412440117078e+00,3.845550192778018e-01
2.588303100692805e+00,-4.711237307342636e+00,-1.504677127219210e+00
7.487438516644832e+00,-6.302856636605831e-01,-6.210306185426440e-01
1.639621188180748e+00,9.884993630611678e-01,-1.051772866842754e+00
8.466320532930677e+00,4.673755319781979e+00,1.910974403346280e+00
1.319039388308009e+00,3.770165616176712e+00,2.665677346842049e+00
3.524444907015634e-01,-2.192580470573419e+00,1.630940183912704e+00
3.950454189696678e+00,7.210104028924746e-02,-3.827491800543301e-01
9.794416419712951e+00,-4.435856273399087e+00,2.723746691399187e-02
1.103422277887772e+00,-2.592455851821929e+00,-2.355731457577686e+00
1.017184440396290e+00,2.748558680680901e+00,1.551096725861661e+00
7.511665107956239e+00,-3.766859877246555e+00,6.061745712751092e-01
3.121616939935653e+00,-2.423094751660434e+00,2.528605070752150e+00
7.172816172257169e+00,4.440425017358079e+00,-1.881115663821896e+00
2.000105894433633e+00,3.238558004924579e+00,1.631907353217723e+00
4.600719941981629e+00,2.818277126489121e+00,1.160326271566452e+00
2.652898777489179e+00,3.645574903021569e+00,-1.471235901577044e+00
4.515282148790869e+00,2.496056865823539e+00,1.051671008698620e+00
7.690970925853038e+00,-3.794137838817651e+00,2.666416589597335e+00
7.620099404776617e+00,1.656132648523130e-01,2.629110849705220e+00
5.157722876737236e+00,-5.575607919767798e-01,1.379954466066001e+00
9.283718437210510e+00,-1.888484217296199e+00,-2.839540379245396e+00
2.637841024482740e+00,3.340404097196055e+00,2.339005814636984e+00
2.403113511192331e+00,-3.586079762576633e-01,9.913522253181872e-01
6.138064011754337e+00,-4.397023986424503e+00,-1.191076715146768e+00
6.212970342167891e+00,-2.250344162797318e+00,-1.965063932156480e+00
4.654003956497399e-01,-2.713789419705549e+00,-2.411462248967541e+00
6.077777123868976e+00,3.874788848112836e+00,-2.825944906295168e+00
3.744361573490144e+00,1.474381006389999e+00,1.596577794030805e+00
7.474425253205591e+00,6.037626588207514e-01,-1.659747387828235e+00
8.081056645452730e+00,6.649241678705042e-02,-2.989206962186846e+00
5.521538195470366e+00,1.501130275414654e+00,-6.454675309625491e-01
1.705031502265086e-02,2.548755467771247e+00,-1.092829356711746e-01
6.363658101666420e+00,5.438470583150989e-01,-2.078287753267507e+00
7.488812796659343e+00,4.382854151526105e+00,-2.864828795007553e+00
2.489832662315142e+00,4.768341706503845e+00,-1.953282196974766e+00
4.646460011407888e+00,4.953423166088230e+00,1.125335841646849e+00
9.657266234117882e+00,1.693911100886448e+00,-2.624840389076593e+00
2.981155533941035e+00,4.326204667558784e+00,3.458078617464975e-01
2.231532510417408e+00,-9.552030469204533e-01,-2.221659002370245e+00
2.108547904780101e+00,3.595923912473854e+00,-1.912041313375186e+00
5.588008343539963e+00,4.091742987396810e+00,-6.718114728712195e-01
9.497871013080065e+00,4.041404723322756e+00,-2.508088383505544e+00
6.086901292003547e+00,3.308462829083815e+00,-2.053322949756555e+00
3.033231202376600e+00,-9.340083835874955e-01,-9.490599890537590e-01
6.385697780674541e+00,-3.410925180192657e+00,-1.070221202009948e+00
6.248422975977874e+00,-1.660436436555541e+00,1.566218936296585e+00
5.969251357296542e+00,2.672885692980929e+00,-2.671721572782423e+00
1.594262068883020e+00,-2.671144886700247e+00,2.264778766300842e+00
6.345667993449942e+00,-2.172793517402756e-01,1.986945328847649e+00
4.301644525144996e+00,6.539951798467207e-01,1.671274762344994e+00
1.859205862303337e-01,1.038585624378753e+00,-1.197748771314002e+00
5.397644871474951e+00,4.357255483787986e+00,2.028726090865786e+00
9.892667452184176e+00,1.614930204143175e+00,-1.993013308594321e+00
3.497395908439835e+00,2.862988160773022e+00,-2.359906559283599e+00
9.655592183186583e+00,8.187834789163340e-01,-2.859123679543981e+00
9.620574166259455e-01,3.335803188619632e+00,2.760268418128365e+00
7.324501158673062e+00,-2.363363869302372e+00,-1.206303106676823e+00
1.143299946628353e+00,-2.901223283312108e+00,2.623970528749304e+00
2.735715735552742e+00,4.263200487579697e+00,-1.428711129313643e+00
5.708408353221244e+00,1.934808763573784e+00,2.560812447408704e+00
5.927796939767489e+00,1.715255770582211e+00,2.537961089985508e+00
7.752113172341712e+00,-3.270476137155010e-01,2.662035101015269e+00
6.153114072274393e+00,-1.233027407064895e+00,-2.416865377272792e-02
5.936147043805607e+00,5.569119447863882e-01,2.299308332431725e+00
9.123530869891383e+00,-3.794336505783329e+00,2.832245655776146e+00
4.521607522091572e+00,-4.528743891689224e-01,-1.101964253799865e+00
2.252657786950550e+00,-4.463229553451908e-01,-5.097271422515819e-01
1.617885850236302e+00,3.833651294426517e-01,1.377526723811247e+00
3.999945968094998e+00,1.346856143672023e+00,-1.254376234870869e+00
7.127527551936957e+00,4.573183659853621e+00,1.594730920585423e+00
4.254348492990090e-01,1.521691270917569e+00,-2.677314612468136e+00
1.290533865094061e+00,3.837251519534115e+00,1.476447029042283e-01
1.061134601036394e+00,5.630386146916377e-01,-2.373074367524861e+00
5.852501530514588e+00,1.269278826274897e+00,-1.298586896192030e+00
2.428646505312662e+00,-4.301630468904304e+00,-1.516601387455239e+00
1.662594283013965e+00,-3.667362771155844e+00,2.129573024740854e+00
5.927707197430223e+00,7.967043519753956e-01,-1.925687877735854e+00
7.613099154523793e+00,-1.042871300419708e+00,1.938035439973878e+00
3.321549164526644e+00,2.988105198655018e+00,1.847007326302085e+00
5.782046056765962e+00,4.317787487417597e-01,-7.017968911748884e-03
9.812441319946019e-01,3.822910389513378e+00,-1.672312145845151e+00
9.351910304575700e+00,4.723316784622913e+00,-1.715960904124030e+00
3.368961853147728e+00,-3.523648148785150e+00,-2.203849418858441e-01
9.975056931735013e+00,-1.051722483443735e+00,-3.086244027764015e+00
9.785877558497821e+00,1.649810252380308e+00,1.969826007431283e-01
7.788234493358114e+00,-1.945112445996503e+00,2.844897663691303e+00
2.006709540696672e-01,-2.329676622785049e+00,-2.169540646551159e+00
5.434749203843633e+00,3.137385606288367e+00,4.608441312014668e-01
8.683642044001150e-01,4.803784690587429e+00,2.901441071659508e+00
8.951380259615162e+00,2.738033312474814e+00,2.265227409766571e+00
7.896362526474029e+00,2.367662280411356e-01,2.201503199175111e+00
9.723403765956830e+00,-5.748876805468530e-01,2.022242753782107e+00
6.083829531497954e+00,3.964772053036487e-01,-1.199940072445915e+00
5.221728044843380e+00,-3.716029781226418e-01,2.454317934952682e+00
5.189738559443876e+00,2.888056785668081e-02,2.773023210333738e+00
3.864483744543449e+00,-2.965469494707723e+00,-2.643698410630702e-02
4.686900672291410e+00,4.037419493093276e+00,-9.137570590978830e-01
6.354125831353503e+00,2.545350015232682e+00,-5.389149889276146e-01
9.329476075562772e+00,1.809774226932200e+00,-1.041711648710816e+00
5.958843382560310e+00,4.499249709744731e+00,-1.806928219687224e+00
8.571159423173672e+00,-2.156056680871620e+00,7.442336879508531e-01
8.627799113025006e+00,-4.188405891063858e+00,3.933078359318047e-01
5.188326758482592e+00,3.261386603553317e+00,-2.350849319151918e-01
3.474696414976216e+00,4.984169636492549e+00,-2.539378328210712e+00
6.395738733320810e+00,7.843243802019941e-01,1.865433513645725e+00
4.458773419148427e+00,-4.411906120873182e+00,-2.042452662381456e+00
8.144086732193290e-01,2.804680401549412e+00,-2.421778105763273e+00
3.778091004324336e+00,-4.262509511541585e+00,7.732803838325433e-01
9.940721380493249e+00,4.001398625928125e-01,-6.368362602709396e-01
4.851187002628721e-01,-2.224675257894729e+00,-2.765804920011224e+00
6.966669119009267e+00,4.150267805923955e+00,-9.074907900004563e-01
8.411887050712471e+00,-4.866878674051502e-01,1.707646316256970e+00
6.487259034753787e+00,3.984633484785533e+00,7.241321128841927e-01
5.697482311632900e+00,-2.009189147454324e+00,-8.621408443077794e-01
7.075544169787575e+00,-1.126374161786488e+00,-1.936447604944707e+00
4.293427372996557e+00,4.471191882470805e+00,8.280963081911636e-01
9.136173730887676e-01,-2.986855490683646e+00,2.435081772625702e+00
9.623717543033818e+00,7.850115165114513e-01,9.190585926788124e-01
4.323007699841961e+00,-1.114896714398887e+00,1.966032902098146e+00
6.653892371680175e+00,2.741668850687273e+00,1.352633989001584e-01
5.313104368892953e+00,-3.707036288286426e+00,1.369552855264906e+00
5.467307197755455e-01,-6.278503099533150e-01,2.489566243315314e+00
9.527466009925385e+00,1.989326268452631e+00,1.716434142425113e+00
7.925372261143233e+00,-9.298376499384018e-01,2.575188338080696e+00
1.490978944693949e+00,-4.414682607246233e+00,-4.326626402309133e-01
9.816488762882669e+00,2.051122613353439e+00,2.539790767878706e+00
7.369013721717080e+00,3.198327684983049e-02,7.638294615299208e-01
4.723216504283089e+00,-4.886913133198995e+00,2.325084969984434e+00
6.113700565595732e+00,1.126558952283730e+00,-2.894182616095076e+00
1.067366820145975e+00,4.198810225287865e+00,9.918157667424312e-01
5.604115100156109e+00,-3.889740517883110e+00,2.186391902870271e+00
7.366107201705940e-01,9.067123500916896e-01,-2.047048995322037e+00
5.448552571193019e+00,2.286688817626303e+00,1.016537283240447e+00
5.526956887627854e+00,-4.292263298596946e+00,2.041750685864680e+00
8.744387851607438e+00,-4.773845418358137e+00,-1.332353405102384e+00
7.250575002722940e+00,-3.580413335505277e-01,-5.953548802998698e-01
2.495523922151200e+00,2.911866872343638e+00,4.367927074629416e-01
8.884261421878568e+00,-3.392805899006717e+00,1.204341411720700e-01
5.732426648480057e+00,3.366372722149229e+00,-2.895358435061576e+00
6.063794785740337e+00,1.565772554235961e+00,-2.521617576670940e+00
1.689813692221783e+00,-1.678267122115144e+00,-2.510342518642037e+00
8.577735959691140e+00,1.582579849244947e-01,-1.493714803212613e+00
9.309651150165440e+00,4.655749797267385e+00,-1.596782872466700e+00
7.749906494949082e+00,-2.835630293676612e+00,1.521928122879234e+00
9.407524526450061e+00,-4.646022559597895e-03,4.570664573964396e-01
3.022999041223459e+00,1.244865561076207e+00,1.658610656489774e+00
8.611191683627711e+00,-3.619853945243338e+00,-2.702422772636033e+00
4.888931428637425e+00,-4.564779113766903e+00,-9.290168587388514e-02
1.639172029435849e+00,-4.865400470685287e+00,-1.107250691126692e+00
6.688005990334012e+00,-1.753071433999838e+00,2.198733535745057e+00
6.841202707058789e+00,-4.260527055151346e+00,1.305577777687538e+00
2.869245137566901e+00,3.037699525411146e+00,2.320119398450529e+00
2.749333162757006e-01,4.973195271617460e+00,-2.849882440233408e+00
1.998472590855633e+00,-4.386961782655360e+00,1.387474905124988e+00
3.997775476738867e+00,-6.727372406656045e-01,2.513798904535269e-01
1.675629110598685e+00,-4.742678770174252e+00,2.042035407143542e+00
1.940299482396042e+00,-3.660091092427368e+00,4.499131969584180e-02
3.913906643822695e+00,-1.770774390893259e+00,2.526410874885139e-01
9.617866143085603e+00,-1.063017869423502e+00,-2.816328606263441e+00
7.642435154076484e+00,4.397829464286401e+00,1.058860389517794e+00
3.197484012265641e+00,-1.041631912431042e+00,-1.425404200383283e+00
9.516040689185482e+00,-3.722340942597846e-02,-3.017852091115090e+00
6.456467922587326e+00,-2.544166317261336e+00,-2.724155650281203e+00
4.554496446401401e+00,-4.998748612434245e+00,2.873210219440002e+00
4.683001989551471e+00,3.993344567331352e+00,-9.671249125531638e-01
4.107444678353919e+00,-4.182852429636952e+00,2.312687381683356e+00
2.329920525459397e+00,4.642488410362290e+00,2.888237243148900e+00
3.866321922137057e+00,-3.691558958997398e+00,2.785129888057465e+00
5.278963840433926e+00,1.048784807504402e+00,2.398450423742188e+00
5.280273507302210e+00,4.994105878566369e+00,2.480877469406148e+00
7.617369022125180e+00,-3.615354039303242e+00,-1.325701555730020e+00
3.587978571573526e+00,-7.605691506017571e-01,-2.189879264625806e+00
7.167980293039524e+00,2.804236689714765e+00,8.750124839510267e-01
5.780918387686846e+00,-4.678098501500317e+00,-7.473477040740351e-02
9.618454045268344e+00,1.897827511400445e+00,-2.521148721552099e+00
3.852849260339827e+00,-4.196266621092005e+00,1.115524988249340e+00
9.012164642607903e+00,-2.634798577267736e+00,3.949610754375268e-01
8.206425472982895e+00,-3.399238375066396e+00,2.281219758288032e+00
6.376642845894569e+00,4.073364316469362e+00,6.860220208514440e-01
6.545144667421172e+00,-3.195432832183192e+00,4.646175499497835e-01
8.464993460641068e-01,-4.595659044848428e+00,-3.722679014321435e-01
9.502246055934323e+00,8.762567844776212e-01,-2.338157357113508e-01
1.069360634957439e+00,-1.538190745902980e+00,2.854961449213415e+00
5.632333087435071e+00,-9.429377935863359e-01,-2.271710721488563e+00
3.300708004491545e+00,-3.809372551374530e+00,-3.379171288871614e-01
4.298519782898518e+00,2.482344914331946e+00,9.790913866675757e-01
6.101830108368170e+00,1.015536496435180e+00,-4.209065273638473e-01
9.088513778823216e+00,-1.357829552517200e+00,-1.362096387003650e+00
4.575671235723014e+00,-3.284250562368640e+00,-1.336073043702867e+00
9.877295553064410e+00,9.345173917056036e-01,-1.673488416809640e+00
5.928120653514998e+00,2.785972795073773e+00,-9.807851165940900e-01
1.605539426421745e+00,-1.876027161328051e+00,2.335301488995938e+00
1.900092948312523e+00,-4.741396164614029e+00,3.282681782606378e-02
7.161110355892511e+00,-2.856560152470160e+00,-1.632128207115732e+00
5.039779424338175e-01,1.823978188928292e+00,-7.255400349506824e-01
4.803415762222269e+00,4.890963774569228e+00,-2.476640563364974e+00
1.482191098035166e+00,-4.866237605912235e+00,2.538631423501874e+00
4.332186351778450e+00,-1.938464378678992e+00,-5.768100325703478e-01
7.499174220717196e+00,-4.379791295511612e+00,3.018386958397516e+00
4.588129282414341e+00,-1.836507122369678e+00,-9.579421397515144e-01
1.634511089809270e+00,-9.408565687257875e-01,2.113387373918450e+00
2.519253703566424e+00,4.208620919462550e+00,-1.530676220140299e+00
3.675395886521824e+00,-4.194392005950212e+00,-2.663109912820429e+00
6.956118348641471e-01,2.771340530657699e+00,-2.942206061773553e+00
5.843376360811218e+00,-1.044656039370366e+00,6.670758983808778e-01
6.075337912780502e+00,3.112628496669277e+00,-1.183917537626300e+00
6.215192713256745e-01,1.340218532562130e-01,-3.548750571420221e-01
4.023113211741620e+00,-4.607179611565899e+00,2.002118372263248e+00
4.140006828847249e+00,4.462058847148388e+00,-1.582683574959759e+00
3.338195685526012e+00,-4.172659365654781e+00,-1.202271946744397e+00
5.577397403311118e+00,9.768350253375608e-01,2.169811243998069e+00
3.459574900601118e+00,3.776677629335158e+00,-4.547597778547718e-02
4.164092794778060e+00,-4.202302022498062e+00,2.058780963298735e+00
7.975235474416056e+00,5.389338841601283e-01,-7.886905307189020e-01
1.621093554302014e+00,3.242898755244521e+00,-6.385602432354913e-01
6.191146953034209e+00,4.863247086457958e+00,-2.091431354598587e+00
5.055944016908455e+00,2.243274008140212e+00,2.615978150013036e+00
3.050716374793491e+00,-2.216656245367064e+00,2.493065476348469e+00
7.275346564904107e+00,1.995703298454094e+00,3.042425231399749e+00
5.511883595411479e+00,2.057667693076394e+00,-6.129427772404270e-01
4.773615269606953e+00,1.999660121046174e+00,2.001916720705780e+00
6.676693147712001e+00,3.542604370931057e+00,-5.343614635881972e-01
8.022903079813608e+00,-4.126199374805091e+00,-2.871491779720570e-01
9.726687900335762e+00,-3.915801545845667e+00,2.073447341213175e+00
6.293503683763735e+00,1.406171242255581e+00,-2.027164364774478e+00
8.744399854003829e+00,4.538810960981879e+00,-1.757338227168706e+00
1.091541022956943e-02,-3.416136108075403e-01,-1.164096797780323e+00
5.302356927258912e+00,4.605627016256751e+00,1.810682262841589e+00
2.146475487701981e+00,4.380852595161539e+00,-8.001539139025473e-01
9.419245708313717e-01,4.029097382343195e+00,-8.911554298212740e-01
5.319710170643921e+00,4.098509748640852e+00,3.134155531488755e+00
7.468265061490941e+00,3.983187933279860e+00,-7.300675344618779e-01
4.122725224743798e+00,3.198893835391821e+00,-1.584804460259691e+00
6.701074493444349e+00,1.949789586053303e+00,7.741743725157209e-01
4.897192538409500e+00,-4.755918214073917e+00,1.896767678655741e+00
4.370858659594260e+00,-3.677464078439475e+00,-2.704233735475839e+00
2.902566404358606e+00,-3.657679454685328e+00,7.470219198270658e-01
3.825935145010045e+00,-4.764597157204101e+00,-2.917060162257801e+00
3.497956307944279e+00,-3.832982315763633e+00,1.654510407780028e-01
6.461871840148815e+00,4.197464335671063e+00,-1.526867036117621e+00
1.160185112791395e+00,1.638042869107860e+00,-1.214906044201028e+00
9.263636868780600e-01,-1.879269817045776e+00,-2.067421556528015e-01
6.600129942084604e+00,2.933600122366800e+00,2.683595321943455e+00
5.462980698788807e+00,-1.163051304514902e-01,1.323661725456042e+00
4.302000967426576e+00,-3.578729630841234e+00,2.744781832080853e+00
1.524428844079035e+00,3.845020812264927e+00,1.005127465417842e+00
4.110271118693115e+00,-1.613380537635275e+00,-3.096933361520205e+00
7.897317633200116e+00,1.988592305298942e+00,-1.472871643810474e+00
8.896212357892569e+00,-2.094058395003926e+00,2.549544298389040e+00
7.025765699642202e+00,7.125067380000516e-04,9.012947897252550e-01
5.991217588088082e-01,3.162527115304155e+00,3.026278840062001e+00
6.704097766011186e+00,-3.432226535756323e+00,-2.161641819588723e+00
2.409855895462946e+00,4.772513952392783e+00,-1.277071028677530e+00
3.152512430264051e+00,-4.297840771392738e+00,-8.647694995152957e-01
1.958732079599845e+00,3.400890974050412e-01,-1.089769368536325e+00
7.757557906202046e+00,4.160255193519479e+00,-1.558283173818361e+00
6.486021226372790e+00,4.456938848825253e+00,-3.552153841089281e-01
6.118350545991809e+00,-2.678910371202240e+00,8.940854779936611e-01
6.679726096692761e+00,-3.560150187851914e+00,-1.185907728950175e+00
2.367722614039034e+00,2.244030003178910e+00,-2.640823266438322e+00
4.446444143253617e+00,-4.580264317237629e+00,1.310248509044156e+00
6.332537215489892e+00,-1.476103096968568e-01,-2.575065745527469e-01
6.365940276183004e+00,2.963552267931819e+00,3.548887957407052e-01
7.918518627551306e+00,6.025472451683385e-01,-2.802259356175538e-01
2.871039666881106e+00,-3.119867342259950e+00,2.452688530255196e+00
7.703361216968224e+00,-1.295570053003683e-01,3.691057030661056e-01
4.401844806169358e+00,4.212747164488929e+00,2.659526821025921e+00
6.701726920589348e+00,1.172129780442768e+00,6.644683068306634e-02
4.557193800652868e+00,2.214906275690199e+00,-1.303207011546977e+00
9.486101697909433e+00,-1.637361203374851e+00,-9.082810122984153e-01
1.793022647416445e+00,-3.115162248323823e+00,1.390424523101879e-01
6.750050885823571e+00,-2.443577701003964e+00,1.884291949870063e-01
5.765350007681588e+00,3.317759376029494e-01,1.177077493853149e+00
1.727310409477446e+00,-2.197798463892963e+00,-1.731049771129595e+00
6.600633581166793e-01,4.196478742610115e-01,9.980393752130370e-01
7.991443889716637e+00,2.077919273761769e+00,1.750420081014366e+00
1.574513336462652e+00,2.343958761703014e+00,1.109560193584604e+00
1.865066827857760e+00,-3.353150603389066e+00,-1.141773533977943e-01
9.784342239890393e+00,2.504308488338632e+00,3.089320642921784e+00
7.172608514766308e+00,1.726881395923590e+00,-5.980765599961497e-01
2.504868416012225e+00,-4.879948666312933e+00,-2.471864070178568e+00
5.909489601516013e+00,-4.411278249102492e+00,2.020070562443718e+00
5.341118384025133e+00,1.462495018603803e+00,-1.808293072954750e+00
8.444732675138475e+00,-1.162961004362904e+00,1.340112777894005e+00
7.293207478326243e+00,-3.538960004243341e+00,-2.017051503700494e+00
8.317211254931857e+00,-4.556034408303668e+00,-3.035548879327661e+00
2.115065879773624e+00,-3.406016593275691e+00,-2.137548414154775e+00
6.402192043670052e+00,4.575139643216167e+00,-7.729028142918057e-01
4.024085841838032e-01,2.275656415709697e+00,-2.471690449746602e+00
6.894061227922010e-01,2.770542093429382e-01,-1.899538335983440e+00
7.135270327045973e+00,4.415405000545917e+00,1.662695939840203e+00
2.442010264393135e-01,1.191104376816039e+00,1.695728720290523e+00
5.797650089005092e+00,2.256451882806672e+00,1.994837364288840e+00
8.404050984445300e+00,-2.173481814941280e+00,2.143541569743209e+00
3.799418084180286e+00,8.898184358919581e-01,-4.999160179417403e-01
4.484043683991279e-01,-3.565227557021597e+00,2.309382627728421e+00
7.138474496287268e+00,-9.551685480222458e-01,1.629661920023886e-01
9.296864524641508e+00,-4.667596750133899e+00,-1.847437628563933e-01
7.171713920582679e+00,-2.833719124173195e+00,1.373104251431223e+00
5.784472430027753e+00,-4.251313705773253e+00,-1.798131952928743e+00
2.300288298790600e+00,-1.122211804927686e+00,1.818965664549404e+00
1.537562404449699e-01,3.430351646384901e+00,-4.431792821732885e-01
6.946721084790532e+00,-1.220658936549469e+00,-2.341771978650023e+00
2.310261758442929e+00,3.316396259946433e+00,-2.391933791608501e+00
8.581626771823576e+00,1.564983125788873e+00,-2.105453023597379e+00
4.663641188326113e+00,9.529446630827820e-02,2.454040865185490e+00
5.306355823724562e+00,-2.631083067386695e+00,3.084653311556790e+00
7.539365442663667e+00,4.221560928441523e+00,-8.986601234002127e-01
7.794306078033432e+00,-4.457991911579668e+00,-1.305998693830623e+00
6.426508330805682e+00,1.889130176988153e+00,-1.767014092947665e+00
9.384318154127429e+00,1.212398928093688e+00,2.034598931559890e+00
9.822984363204194e+00,-5.895847774347320e-01,-1.827103273903479e+00
9.468854443746169e+00,-2.596790447073947e+00,2.664636873297752e+00
8.241791853439436e+00,-6.930406315473316e-01,1.051493442303299e+00
7.056252202442515e+00,3.727727255534207e+00,2.495227505688559e+00
6.633258578816675e+00,3.367661102549542e+00,3.393539235722089e-01
1.037501769205339e+00,4.413812499770293e+00,1.198076908440092e+00
2.714843468191125e+00,-1.922067933747520e+00,7.505773828760889e-01
5.688223529377034e-02,-1.128958416311271e+00,2.080962424978319e+00
1.374098702339919e+00,-4.812738473401367e+00,2.110275714100545e+00
4.392294771691883e+00,4.429499947200082e+00,5.641860573144690e-01
1.465365507890733e+00,-1.706099081827311e+00,8.325701153577305e-01
9.016634146767579e+00,-9.583617846700676e-01,2.650724585124828e+00
8.056991853352820e+00,4.078046114473945e+00,2.700930776097645e+00
7.161191208951823e-01,2.659843016681318e-01,1.032011828877628e+00
2.489137154672660e+00,6.617454175547799e-01,-3.092871086904389e+00
8.190718846115088e+00,-3.237671618490832e+00,-2.485557643143059e+00
8.030461265598735e+00,-1.339979181345541e-02,2.249019256459674e+00
9.454505501177888e+00,4.182086009087742e+00,-2.609318162298071e+00
9.975477616173603e+00,5.871808810792603e-01,-1.800012073640219e+00
9.762700632411219e+00,-2.448836353602419e+00,-1.693025139802080e+00
4.101379857214415e+00,-4.688191358652372e+00,6.297936327496267e-01
2.503284438020322e+00,-1.636982265459320e+00,4.814980697113302e-01
7.584101904270625e+00,7.259091406445792e-01,-1.323128722794430e+00
2.992728927440308e+00,-4.573867116291699e+00,-1.837131971846663e+00
8.064003601313297e+00,1.097925772911562e+00,1.662103763278884e+00
5.339547303979244e+00,2.341382711811280e-01,2.736051718824377e+00
7.939272752349539e+00,2.834354691665709e+00,-2.809804781403197e+00
2.758798797170105e+00,-4.711118277280382e+00,-2.304795127119220e+00
5.080273155538208e+00,2.808473448187375e+00,8.932426850457453e-01
5.640237936021820e+00,2.087704575810694e-01,1.912862056038326e+00
9.431080677201320e+00,-1.294706672202885e+00,1.829592365273057e+00
2.665975768304173e+00,4.653829763588242e+00,1.380309959684037e+00
9.366882392848947e+00,-3.398804527639470e+00,2.434281631293053e+00
8.048589154657158e+00,4.132511909110645e-01,-1.775949366938516e+00
7.308940540866953e+00,-1.790185264075216e+00,-2.467463754998199e+00
7.868702691851252e+00,2.748637879533575e-01,7.248469186706834e-01
6.054250458800570e+00,5.227545258041211e-01,2.024919146478233e+00
2.440800104624858e+00,-4.105517515751542e+00,5.154950068575728e-01
1.894949688398527e+00,1.611351469183497e+00,2.909099010462865e+00
8.663414358503905e+00,1.344814959190118e+00,1.857086281141339e+00
7.251394025958332e+00,2.694672746344640e+00,1.261612093275197e+00
2.132042827609490e+00,-4.093415063408290e+00,-2.762984928934070e+00
6.150933658744016e+00,-2.027414530963122e+00,-2.464628202228253e+00
4.475464814142239e+00,1.501105997281012e+00,1.789687628028809e+00
1.586551699630939e+00,-3.632691740843915e+00,-1.896027032278442e+00
5.318571093571643e+00,1.775982107884423e+00,-2.960415898920343e+00
2.815190924664173e+00,-4.409732891795770e+00,2.580885505452341e+00
9.624412415757155e-01,-1.650684470403723e+00,2.455502582006422e+00
4.669582985454108e+00,3.467111223325190e+00,-1.768818280472520e+00
5.901085520935618e+00,2.742912903811602e+00,1.760587843703759e+00
4.690641038115051e-01,1.447607152270879e+00,-2.840127551221268e+00
4.020927494109968e+00,3.704584166251012e+00,-1.350520392273524e+00
2.576619198366853e+00,2.092695441722005e+00,7.770221009423510e-01
3.065059070723242e-01,1.937510521080297e-01,1.653602401820640e+00
1.256625496115058e+00,4.797175003857866e+00,-3.076252623389254e+00
1.390341588183776e+00,1.948560797893196e+00,-1.091963487592777e+00
1.828742481179711e+00,1.013671768130031e+00,-1.794819779938537e+00
8.033775714379212e+00,-9.112943904643531e-01,3.133929716909453e+00
4.394918664781392e+00,4.024124985790504e+00,1.074313050311674e+00
1.470859922703869e+00,-2.042909043950072e+00,-5.926837413135910e-01
1.002969669278893e+00,-4.907804057890973e+00,-2.666253336374848e+00
2.979404587290391e+00,-3.032594775676400e+00,6.199635122233813e-01
7.980155187044523e+00,-3.904825080576408e+00,8.903366001912136e-01
3.644598479396435e+00,-1.810062258269279e+00,1.988037074792228e+00
1.598973602939381e+00,3.258786774584550e+00,-1.328410811334724e+00
4.041161815461599e+00,1.515296853650074e+00,3.024901841736213e+00
5.553115572870575e+00,-3.310194107662875e+00,-3.803479773235714e-01
2.958418363801385e-01,2.888217210923385e+00,-1.282123202561702e+00
6.276418014401731e+00,4.219866099402747e-02,-9.522209178953212e-01
3.951007530147893e+00,1.271462411829694e-01,1.230628002286736e-01
9.725875131194384e-02,-1.378878190191267e+00,2.743876853733521e+00
6.738893989463809e+00,3.646163648220234e+00,1.477546303941191e+00
7.123876355626482e+00,-1.816726961442074e+00,4.844942165526054e-01
6.288397885586829e+00,-4.058602393303113e+00,-2.118624815978517e+00
3.419302175984222e+00,-1.972710060280549e+00,-2.203178125021643e+00
5.296048540659611e+00,2.153535462678857e+00,1.380361659452545e-02
3.871577061334354e+00,1.575818868033289e+00,1.437019172377158e+00
7.006217301596944e+00,-3.119828464464222e+00,1.577155995778132e+00
5.835801862336886e+00,-3.882157008950580e+00,-1.722130716137958e+00
8.179911382744975e-01,1.608657584017463e+00,-2.512648865212097e+00
6.430935582189974e+00,1.763768356549122e+00,-7.259530147266542e-01
6.872384143378016e+00,-1.338503627894293e+00,2.627455579577088e+00
3.707021806146994e+00,3.428013835290798e+00,2.850508553993665e-01
8.757857809597043e+00,4.782052037999168e+00,-1.130346501800777e+00
8.430143548449626e+00,-2.943547765506046e+00,-1.108117211031564e+00
1.751665238997379e+00,7.706871570602836e-01,-2.311665271780995e+00
9.042663084858685e+00,-4.946536709960609e+00,-1.682402278789517e-01
4.408723714950775e+00,2.130543960262874e+00,1.830685700704922e+00
7.237496526342934e+00,-8.571788643668219e-01,2.944041086155883e+00
8.140970069672360e+00,-3.067307730968352e+00,1.002168030090322e-02
5.051124210696899e+00,2.522219217643762e+00,-2.090950351225742e+00
3.991019393708157e+00,3.106487975560807e+00,1.149511263983990e+00
9.154513686150983e+00,-3.888334988240627e+00,1.613467591748157e+00
2.308535529354232e+00,-4.590042381619660e+00,-2.691089841486099e+00
2.569700777191445e+00,-1.659215583308828e+00,2.199989034767586e+00
3.616203140134371e+00,1.259904657610356e+00,2.069193602147236e+00
8.594657779705656e+00,2.934195271886331e+00,-1.725296458120522e-01
9.387882642130759e+00,4.606249663045769e-01,3.796458811900090e-01
2.200677147548618e+00,8.074877630698065e-01,1.340882410342092e+00
8.638701476312454e+00,2.998582217528911e+00,1.110541222466497e+00
2.582029594685693e+00,2.884337421875935e-01,-3.037694038366380e+00
9.706412467498881e+00,1.111544902263005e+00,-2.372308951368919e+00
5.974078919815823e+00,1.621733997655923e-01,-2.120006062418907e+00
7.086467447382394e-02,3.804582333677040e+00,1.606458989617889e+00
3.412990407117789e-01,-2.644833814149111e+00,-3.764660772931476e-01
1.474845308047085e+00,-2.360064154594906e+00,2.859014335517815e-01
1.875731578187567e+00,-3.720385383981743e+00,1.713345696954167e+00
7.676191228265966e+00,3.194667514944218e+00,-9.991378705975413e-01
2.227658764169499e+00,-8.822270943764270e-01,1.563823419389903e+00
9.691416200498598e+00,-1.521060591187562e+00,-3.625443498611554e-01
6.361120572029383e+00,4.813487170871563e+00,-7.716996396076610e-01
6.925175092535177e+00,4.268033664397855e+00,-1.049057809337762e+00
2.178165192852075e+00,4.719876821247613e+00,2.921334433351063e+00
8.927063140950848e+00,-3.577010032413072e+00,1.708859338110175e+00
6.678145728199314e+00,3.912518131481663e+00,-3.014697815256884e+00
8.644056243418639e+00,-1.712904006125485e+00,2.874026264167568e+00
9.564810972312269e+00,-4.873432297881375e+00,1.730638234513620e+00
1.256409771095964e+00,-1.087016640169312e+00,-2.204300279528104e+00
9.658723026894567e-01,9.196353138059621e-02,-2.661946065627773e+00
8.034078265896357e+00,-3.917795764325946e+00,-1.205152052549186e+00
8.661260590941703e+00,3.767761687425626e-01,7.802555606102657e-01
5.837614208779857e+00,3.194635841767315e+00,7.322844448643604e-01
3.660005477505206e+00,-1.223490491608060e+00,-1.408375200268561e+00
6.526296360752237e+00,-1.473551934656978e+00,-3.413341759119302e-01
3.056640725924573e+00,-1.611895797693226e+00,-1.810247540473256e+00
2.383856921534682e+00,4.230944458836920e+00,-2.823797402093686e+00
4.881452095272655e+00,-4.512419012098009e+00,1.066285915925338e-01
2.161538276063797e+00,-5.492385800704467e-01,-9.613830571358082e-01
4.837036083151729e+00,-2.354005458502831e+00,2.694382685504770e-01
9.566065054635720e+00,3.938070253874942e+00,2.805488248094440e+00
8.397840356173905e+00,-4.039477364161961e+00,-2.240770417659994e+00
9.416309195000224e+00,-8.855723331958920e-01,-3.129264928965982e+00
8.063289748473586e+00,-9.318384796891435e-01,-2.658552593453326e+00
3.547509359462767e+00,3.883944175470226e+00,-2.343106860139366e-01
8.120452385515591e+00,-2.845065549590306e+00,1.300192289238807e+00
9.229157435532141e+00,1.448954103016112e+00,5.074526857174426e-01
9.470357878370544e+00,-3.655938731122109e+00,-3.207812793665576e-02
6.831978506849970e+00,4.539757140805428e+00,-9.175767090266658e-01
2.113666438151132e+00,9.301495927228585e-01,-1.193967493417901e+00
3.972915336469085e-01,1.262567303206703e+00,-7.773168868753775e-01
1.472002281601558e+00,-6.622659833952778e-01,7.014231027974658e-01
9.655469178939454e+00,-1.577172873336777e+00,-2.087563462874203e+00
4.620968241927694e+00,-2.873235705051237e+00,1.705018253174471e+00
8.549860148320574e+00,1.039877538322589e+00,4.728300524706883e-01
4.650441535582911e+00,4.545617453482381e+00,-1.450433256447990e+00
6.608175834598394e+00,-1.402090459075970e+00,7.244278995582665e-03
2.414077712233365e-01,3.831568886620541e+00,2.907724250939288e+00
2.498649427193667e+00,-3.512236871527503e+00,-3.012840578743068e+00
4.362692800425893e+00,4.361260208818008e+00,-1.887954927829521e+00
6.306310471541632e+00,-1.495137161019234e+00,-3.243365181998588e-01
1.715211880531785e+00,-1.202727884066543e+00,8.698424258170459e-01
7.645514642704900e+00,-3.715774296567176e-01,-1.808123129096636e+00
3.644047061362373e+00,2.182442699476502e+00,2.710590949896577e+00
8.174352692338845e+00,2.196534336890352e+00,8.958063736815367e-01
9.796909039506729e-01,-2.041141528033474e-01,2.371474876143200e+00
6.797565876823719e+00,2.315289931393592e-01,-1.072427072850200e+00
2.933283332065102e+00,-4.699895122258589e+00,2.066878526774333e+00
7.953831741226179e+00,-1.957032984416744e+00,-7.651712270742235e-01
4.021704270424106e+00,-1.539829257693905e+00,-1.553506430497952e+00
6.653496322635664e+00,5.872726872575935e-01,2.586506778655973e+00
9.343052686364734e+00,5.829976737130451e-01,-2.562166882153916e+00
2.062663201376436e-01,2.098997977278731e+00,2.782752376096055e+00
1.111678233437363e-01,2.170272962180809e+00,-2.606566489640310e-01
7.702792521767135e+00,-2.647892757879170e+00,3.095257136948753e+00
6.463930515080781e+00,2.701871511048247e+00,2.487805465907962e-01
2.929797205044327e+00,-4.803964319537180e+00,1.617845899600056e+00
4.943967027742624e+00,2.161618846067205e+00,-3.097164147628019e+00
4.193566559886874e-01,-3.979388964805769e+00,-2.094298785247473e-02
1.924456053612408e+00,2.296482084212190e+00,1.491964164009727e+00
4.244963745271675e+00,2.711809056840426e-01,1.777054576276314e+00
8.340444162214823e+00,-6.274549931690787e-01,-2.148544121566873e+00
4.796671828600848e+00,1.906663897614290e+00,-5.091205340096510e-01
5.863625045259787e+00,-4.636291662527673e+00,-5.084858836833850e-01
8.737537919937804e+00,-2.765296743244217e+00,-2.490398248404312e+00
3.088189135888453e+00,1.164401424676540e+00,-3.578556292508495e-01
7.006993211020559e+00,3.472154066308180e+00,1.929521966017049e+00
8.616672586782533e+00,-1.188923630548830e+00,-1.255501453483844e+00
2.026157006961768e+00,-2.412385273664429e+00,-4.236467733659124e-01
3.564781651478325e+00,1.873643578899431e-01,2.896288837199277e+00
9.798101738893552e+00,1.223152523868414e+00,-2.942364937028994e+00
9.832185647962110e+00,-7.989696859425353e-01,5.750482273271995e-01
2.232299302939379e+00,3.767106826597551e+00,1.529554075094421e+00
6.644583889262812e-01,2.343870886001342e-01,1.639172676405948e+00
2.709216113100529e+00,-4.641764124294150e+00,1.356778625212807e+00
3.977319573036873e+00,-2.769460452938096e+00,1.422836382390488e+00
4.410056009311637e+00,-4.935296908218545e-01,-2.770805139695385e+00
6.188063073304236e+00,1.977255190169334e+00,2.144867037941918e-01
8.995027601315464e+00,-2.802477562074111e+00,1.777947113423119e+00
3.303480119071625e+00,4.762574397174211e+00,-2.550564519559317e+00
8.499845354992084e+00,-1.814417418119165e+00,-3.065880758295970e+00
9.347892092662691e-01,3.248020686058837e-01,1.976450278506471e+00
4.187469897321472e-01,-4.810336152689588e+00,1.333884976754454e+00
5.040451831234613e+00,3.848907214308044e+00,-5.516233513078244e-01
5.966222333060489e-01,2.888346535251834e+00,2.767092394484343e+00
3.924898012342302e+00,-3.045419957044073e+00,1.675085231236197e+00
8.967781168692344e+00,4.332366912398429e+00,2.939656994105654e+00
2.414830362074734e+00,-1.841602362025954e+00,2.697467330936637e+00
7.059757751249032e+00,1.921862883801171e+00,-1.175357589106856e-01
3.023653923900669e+00,3.189763180165999e+00,1.600383712219973e+00
4.492005524213560e-01,2.409144612371809e+00,1.063060848257466e+00
5.566905814103094e+00,4.175827840298412e+00,1.956867968044602e+00
8.348534905367517e+00,3.642747603407084e+00,1.807599542069403e+00
4.094684483426194e+00,4.946115140916101e+00,-2.178807790886840e+00
6.172938264580870e+00,-3.173885874238545e+00,-1.672988994364528e+00
9.000235976577258e+00,-1.952381987732999e+00,-1.471951912214044e+00
7.896945127369878e+00,1.362258674316300e+00,2.001185467630188e+00
1.938763993928193e+00,2.330471858915837e+00,1.952447708455828e+00
7.333839593650058e+00,3.460505455570919e-01,-2.930887957318751e-02
5.018930251601520e+00,-4.260716351133851e+00,5.078840636778024e-01
7.459668078860847e+00,3.415952268003821e+00,2.054112468122567e+00
4.945155505222182e+00,4.608743560212719e+00,-1.177509134693034e+00
1.279581641083029e+00,-9.448315617360521e-01,-2.826310099736657e+00
5.699094466892392e+00,-2.751875183011539e+00,-1.093498032969298e-01
4.921339923973399e+00,-4.806862450379125e+00,2.599461479558277e+00
5.179217336414418e+00,-2.627009639064148e+00,1.825065909466336e+00
8.789024536458703e+00,1.999187748384222e+00,-8.380682013407506e-01
8.948370467062514e+00,4.115893876727304e+00,-2.734622193078001e+00
4.535371067657183e+00,-4.064869335682342e+00,8.602906244856827e-01
4.557320412800884e+00,5.325918716192994e-01,2.101667654000458e+00
5.151869588726160e+00,1.955312485118323e+00,1.036402409188121e+00
5.195892783342569e+00,-2.236191788937314e+00,-4.707697654964997e-01
9.503871441791127e+00,6.989703917030194e-01,-2.366539043675538e+00
6.494004673774935e+00,2.152484260057729e+00,2.580970695331628e+00
2.774569948879440e+00,3.377192431353768e+00,-1.407695355822259e+00
5.315367969539899e+00,-4.750014918001906e-01,-1.732355641306379e+00
6.272235829079829e+00,2.478572189189606e+00,1.985339942770175e+00
6.397717210139645e+00,-1.982170282601503e+00,3.023594048511599e+00
5.852542262381827e+00,-2.869532532278414e+00,1.006316584539159e+00
1.777361546215374e+00,-3.126862539093326e+00,7.842074308209552e-01
3.359318907950748e-01,-1.411272681742738e+00,-1.134549309440409e+00
3.378430523668544e+00,-4.641203182111510e+00,-3.013331160176153e+00
4.275221545602536e+00,-2.170081623347503e+00,-1.936491121104142e+00
6.180423957608661e-01,1.522228244432283e+00,5.304920784510108e-01
8.149673380198461e+00,1.479190471601367e+00,-2.190843283972815e+00
3.440774375102738e+00,-4.264461935085087e+00,2.411711502480335e+00
9.136327461785047e+00,-2.125843829193799e+00,-1.959444715248655e+00
1.544101078422652e+00,6.955766467792168e-01,1.388863743876216e-01
5.693495693731343e-01,-1.814478624968971e+00,7.548144930602962e-02
4.823161043863218e+00,-8.201197581112654e-01,6.531096559761438e-01
1.891293368257067e+00,2.128107571157640e+00,-1.084263717667394e+00
9.373992755778612e+00,-4.907331705433700e+00,2.346984603862655e+00
1.030339845373895e-01,-2.236064559115695e+00,-3.499637707939134e-01
4.126196750590349e+00,-3.576277562149833e+00,1.257602025097055e+00
9.267477713451683e+00,-3.723908172355083e+00,8.539531247121168e-01
3.844182067297683e+00,4.590402164472470e+00,-2.405479273485363e+00
9.310928060046075e-01,-1.234396684375823e+00,7.705657789830629e-01
3.028949428617871e+00,2.708858490963983e-01,3.185743213254799e-01
4.980103938344334e+00,2.338218870696326e+00,2.504503193631590e+00
1.851516873433331e+00,-4.525525251399499e+00,2.393118486209925e+00
4.665617051432619e+00,-2.589773614423017e+00,-2.193115751276519e+00
8.363431957858374e+00,3.321477873437125e+00,-2.628349747025195e+00
8.726179701966130e+00,3.619906131778810e+00,-1.290615150234635e+00
4.926073471073211e-01,-1.270490793591979e+00,3.057478751403535e+00
1.609033580525735e+00,-1.251384003482317e+00,-3.006040618653246e+00
2.752901357668041e+00,2.568968771088818e+00,1.086313979409673e+00
5.948658508876018e+00,-2.049297732501309e+00,6.818118980968242e-01
3.609947587924671e+00,-3.829059188600019e+00,9.209784981242031e-01
8.440409134460754e+00,-2.424645497594166e+00,-1.770061958217648e+00
7.166718682829377e+00,-1.126552683642251e+00,-1.717085557577423e+00
1.004560231135082e+00,-4.477952904049017e+00,-4.357886502219945e-01
6.245575025120912e+00,-2.131974579982518e-01,-2.539300288648238e+00
1.130126253469784e+00,2.400075127727784e+00,-2.672784034960469e+00
2.550356696364600e+00,1.374514448046158e-01,-2.586413833695529e+00
1.778706335342281e+00,-4.281046594854931e+00,4.585416568816210e-01
1.730619492007049e+00,-5.985036865404147e-01,-6.425068622786214e-01
6.163955247768592e+00,2.089046080428327e+00,-1.296744011422640e+00
5.636049225541615e+00,-4.419033460098101e+00,-1.157240967642138e+00
1.760281527877269e+00,-4.401528102731115e+00,-1.839193231855281e+00
9.901728054184318e+00,-1.293985968190174e+00,-5.560283768690031e-01
4.218367323682938e+00,-3.050360358762909e+00,-1.865741176688302e+00
9.706932815493663e-01,4.347807913084203e+00,1.244359983120233e+00
1.205690169551151e+00,8.134360373974312e-01,-2.362901711000734e+00
5.838937137265948e+00,-2.126746005941038e+00,2.816388079897924e+00
9.790694033834729e+00,2.047767291149508e+00,-2.577243608675611e+00
5.719511016191978e+00,-1.250709486406711e+00,2.786345844274681e+00
9.490414766166372e+00,-3.678843556209900e+00,2.094154068013858e+00
4.441328507580268e+00,-2.627677701564196e+00,1.135447741067257e+00
4.358411036520121e+00,1.427472844593757e+00,2.590567704374865e+00
5.000073593158822e+00,-4.481238940030083e+00,-2.266855175678142e+00
6.974254581555552e+00,-2.273109599519363e+00,-2.033774254979880e+00
3.676159664513326e+00,-2.916885223578254e+00,-1.557271191998594e+00
8.638860326789571e+00,-2.988648893234680e+00,-1.603396465586145e+00
2.928138476814623e-01,1.827624119759711e+00,-1.188475364938081e+00
4.397641950284424e+00,3.258169167543645e+00,4.752029487982941e-01
5.109918499799178e+00,2.158666080642587e+00,-2.964578916172678e+00
6.070322382630962e+00,1.457278158005122e+00,-7.397031010972053e-01
2.760719123658633e+00,4.164517718178640e+00,-1.593509238107468e+00
4.274799709858353e+00,-4.416076195757031e+00,6.699750945916549e-01
4.845377502140567e+00,-3.325169140237593e+00,3.048408812357157e+00
6.869099786832132e+00,-8.559314432946783e-01,1.109271998745207e-01
7.735441847358140e+00,-1.275483564961323e+00,-4.669334136776211e-01
7.378273273437872e+00,-8.194839703697756e-01,-8.278502212702765e-01
3.415830522895853e+00,-2.935450949572940e+00,1.790388745358221e+00
9.994505229919636e+00,-3.504966844197717e+00,-2.689323121444847e+00
8.486653117871795e+00,9.193247457928067e-02,2.888823341130235e+00
2.600233731449690e+00,4.280525240687936e+00,-5.157371327421516e-01
1.951058056728275e+00,-1.080305376500830e+00,-1.170552862233871e+00
3.140212505833905e+00,-4.566467858804719e+00,2.978657823564904e+00
4.523448529996449e+00,2.061673428895245e+00,2.738707669239814e+00
8.507993783196138e+00,-2.088950944728251e+00,8.917985015631524e-01
7.783622637945344e+00,-2.549049926951079e+00,-3.025307387855286e+00
8.512461235058760e+00,-1.757419993020379e+00,1.561591310821361e+00
2.719571149103285e+00,2.238155239078763e+00,-1.033223327930508e+00
5.934612224518362e+00,3.188193868703040e+00,-7.019560120180017e-01
2.832490622773745e+00,8.805606733896365e-01,-2.144186441168658e+00
1.090231607194931e+00,-1.775212462804484e+00,1.473914878745219e-01
6.841977434746807e+00,-1.895217668827218e+00,1.536569279300126e+00
1.429975511954388e+00,-3.756916500945370e+00,-1.426213207690755e+00
6.676977617064715e+00,4.333010482351945e+00,2.756640161594308e+00
6.479643049054092e+00,1.381393989688195e+00,-1.918024901185684e+00
8.102484444240170e+00,-4.730253801441360e+00,-2.725254088747520e+00
1.395546045635644e+00,1.623670951866806e+00,9.070649679196325e-01
7.834801485088109e+00,-5.284657580649208e-01,2.194834323671316e+00
9.992765259462370e+00,4.725579630469195e+00,2.847117723801236e+00
8.510424485859021e+00,3.190688248064070e+00,1.678684967781714e+00
7.518120763276662e+00,-3.286842461672018e+00,-1.887154634716604e+00
6.621653546947076e+00,2.201111188748665e+00,3.001233738168791e+00
4.217814846854294e+00,-1.443399616473666e-01,2.635393333568423e+00
7.305001678916022e+00,-3.129548363300718e+00,-2.116381500278424e+00
7.241780351404532e+00,1.987399073299491e+00,3.693622439447686e-01
6.314982826872883e+00,4.738757869424539e-01,3.488262749019575e-01
7.962783782978285e+00,-4.696261212284295e+00,-3.610646377307236e-01
4.487638884268347e+00,1.465879505288258e+00,3.042829338829061e+00
1.212527121323906e+00,1.349870898624407e+00,-2.766975088957851e+00
5.590677276092374e+00,-3.559148389485374e+00,7.992771444750844e-01
2.650435287113426e+00,-1.510122730033071e+00,-1.851631948063552e+00
3.844330974291502e+00,8.589897075103989e-01,1.717270239930828e-01
1.741490394122602e-01,-3.612169858932701e+00,1.757663107114416e+00
3.827905879178833e+00,3.527233778347565e+00,-1.591362429033793e+00
8.088011061354546e+00,-4.725139537122962e+00,-6.700417306880486e-01
5.427223669382548e+00,-3.971625850306451e+00,2.832259341264240e+00
9.800526933971043e-02,-3.838930801451159e+00,1.642931929354728e+00
4.698438202398473e+00,2.810712597505516e-01,4.569332444160752e-01
2.914516476454074e+00,1.201140121686253e+00,-1.746741928290382e+00
4.775506553971711e+00,-9.625920349851347e-01,-4.693197777670570e-01
4.046927214478771e+00,-2.113331723318338e+00,1.721978053120731e+00
9.319792195573815e+00,3.093173756255574e+00,2.014031558698721e+00
4.117729896301581e-01,-4.317140162735798e+00,-1.604686583376414e+00
6.835880112819322e+00,-2.197081388672083e+00,1.018254332970647e+00
8.510265963017416e+00,-4.608844211960292e+00,-2.544671249341949e+00
9.592385846504754e+00,-4.861098650337320e+00,-2.995745424471300e+00
1.776362265442959e+00,-1.466201130677987e+00,3.058272805571431e-01
5.313048019661939e+00,-3.051763375550680e+00,-1.731772449947907e+00
4.358957731721191e-01,-2.316341451617538e+00,-2.645773738329527e+00
4.991835244550885e+00,3.209471574549681e+00,1.444053878757182e+00
1.254580895409819e+00,-3.370199037507786e+00,-1.272603662825311e-02
8.378966746987134e+00,2.802333671518009e+00,1.861563362109221e+00
1.138700026053648e+00,1.750506231463635e+00,1.030092037957604e+00
5.132883603864952e+00,-1.735544748591673e+00,1.443907021994295e+00
5.210960689927537e+00,4.655614517628779e-01,-1.210389165185219e+00
9.716504979316055e+00,-5.556439022546122e-01,-1.487381853921308e+00
6.549806940388882e+00,-3.716046845023346e+00,6.338156398762718e-01
2.878402930768019e+00,4.071853217341756e+00,-1.884439488811506e+00
2.407993099381385e+00,6.961796758576009e-01,1.981792770645543e+00
1.282482056450649e+00,3.802400457954549e+00,1.440116689370092e-01
7.565147240490595e+00,3.238265118132903e+00,-1.715372845784653e+00
6.907566561823386e+00,-4.202240746905767e+00,7.864551983009220e-01
6.098771273081059e+00,-2.927293339815475e+00,2.796241991847253e+00
4.084044294998834e-01,-3.547388856251692e+00,-2.625776273677716e+00
7.628288663942945e+00,3.307795327869187e+00,-2.454556453587085e+00
6.418875771484792e+00,3.624466264552023e+00,2.160405075604902e+00
9.638888681104884e+00,2.797150980836598e-01,-2.452994659472861e+00
5.872021298768121e+00,-3.958219274919931e+00,-2.894189911406331e+00
3.039519066617081e+00,-3.643833814569838e+00,-9.554803388401383e-01
3.815205521893202e+00,3.135488124382674e+00,-2.091930946761642e-01
1.758407053782325e+00,4.291901365293302e+00,4.363322642803049e-01
7.229141822013851e+00,-3.005243148893433e+00,4.586871398668846e-02
7.077216600217254e+00,-4.888624235278270e+00,2.596115173246881e+00
2.006500154776762e+00,-1.690470948492221e+00,1.688091460888586e+00
1.584893231822786e+00,-4.695006103521187e+00,3.039869491093097e+00
7.700493320219459e-01,3.279749160780380e+00,-1.479349388544167e-01
9.119757436817586e+00,-8.487742773748419e-02,-2.611734088088077e+00
2.330698336948511e+00,1.418607787630198e+00,2.862183442708740e+00
3.441635267518039e+00,-8.851512386345783e-01,-3.115748897127121e+00
2.805045083774906e+00,-1.544924529875181e+00,1.734762417524361e+00
4.136246026107910e+00,-2.777995869239152e+00,-2.945041857466437e+00
7.140487993824833e+00,2.705325470381457e+00,1.641257164729182e+00
8.705956337262844e+00,1.955475844155293e+00,2.751651512295099e+00
1.825987495285402e+00,-1.392710155039139e+00,-6.957980727310025e-01
6.864123437411651e+00,-1.788838657008171e+00,-1.627565840859348e+00
3.525621422424852e+00,-4.987571213513210e+00,-1.719838807206409e+00
9.805271682972927e+00,-4.364478699545275e+00,-5.203957658427516e-02
2.989191592840768e+00,1.232555248926348e+00,-2.067877741335248e+00
7.192956007859963e-02,1.460731023546167e-01,1.086511215425253e+00
5.156399740198452e+00,-6.519679551497752e-01,-8.271665331538736e-01
1.507310842759377e+00,3.275022408016584e+00,-1.111435838311382e+00
4.449442681839910e-01,3.898204402846606e-02,-2.432498984413534e-01
6.982692319477085e+00,-1.155064185926800e+00,2.675851695989238e-01
7.322592825084565e+00,-3.387436524750150e+00,-2.249818515121182e+00
4.606990131165025e+00,3.206880082146192e+00,1.305415714778533e+00
6.768855167565773e+00,7.624825012118777e-01,2.406127591552178e+00
5.382394482471339e+00,-4.075400340772427e+00,-1.394949346126365e+00
6.298011077219316e+00,1.488983979970758e+00,-2.008163189665899e+00
5.967039731879612e+00,-7.492925451159005e-01,1.636803850752213e+00
6.658227640555924e+00,3.113862235879958e+00,-1.988365991571050e+00
1.996306486731713e+00,4.189145969959963e+00,-2.882378836151926e+00
2.687066200367002e+00,1.004658131762461e+00,7.492272502898536e-01
4.399631495076920e+00,2.316128193133665e+00,-1.635190077284520e+00
4.461280094191864e+00,-4.434091523978343e+00,-2.062076016589351e+00
7.744117115869043e+00,6.025545500115728e-01,3.025999270637991e+00
3.673936592295321e+00,2.553399783554741e+00,-1.307750878212411e+00
1.625051560591824e+00,-3.237850521896313e-02,2.534908953362444e+00
2.514659704910759e+00,9.355008950433721e-01,-2.021811122294836e+00
2.147335023842284e+00,3.989481855810443e+00,2.004192429500975e+00
7.316600192560220e+00,-3.019004279688006e+00,1.268495347528331e-02
4.703396146259821e+00,-4.017534924480881e+00,-2.647767155059000e+00
7.086306979709835e+00,1.906436131395010e+00,1.467785348700667e+00
4.162196807576270e+00,3.228489055224440e+00,2.463469648620330e+00
8.897356025039052e+00,3.504901885825635e+00,-2.117326695093007e+00
9.835203077227346e+00,1.416444970912202e+00,1.417425296089739e+00
6.698425087026116e+00,3.332134181708033e+00,-3.452452048262789e-01
8.638125572362188e+00,2.006642057232902e+00,1.595115101829634e+00
5.079332671720627e+00,-4.126230840932092e+00,1.344148940832989e+00
9.346208403539078e+00,2.620435078849881e+00,-2.974458476377047e+00
8.315864856728281e+00,-3.206403104496704e+00,-2.018655266317049e+00
9.917785717660392e+00,-2.633906574090272e+00,-1.820412015164172e-01
6.230937353277806e+00,-1.053493730013352e+00,2.724352530236683e+00
7.792067402682285e+00,-1.854329336736631e+00,-9.922817361318930e-01
5.428681399782135e+00,-1.783482616970880e+00,8.097358949496840e-01
2.591201042714228e+00,-3.307404757959542e+00,-3.065668241317837e+00
3.547551711297578e+00,-2.061289528904556e+00,1.326549571413817e+00
8.940054147313161e+00,-4.803374100241182e+00,6.475969941649464e-01
5.594794659862057e-01,-2.708905331167397e-01,1.353365107179850e+00
5.914798860744082e+00,2.685909587698068e+00,2.542557618152618e+00
3.724840325041087e+00,3.622473692248397e+00,-2.221112709506484e+00
3.866925380055557e+00,3.204285589594384e+00,-1.497976747440862e+00
8.845712064137674e+00,-8.354228100488683e-01,3.115083217251256e+00
8.538223745462265e+00,2.304264811638562e+00,-2.159631581734241e+00
5.988423755724686e+00,-2.121092259047876e+00,1.386240365771343e+00
2.729188474043339e+00,-4.444375272823820e+00,1.414193653922165e+00
4.754563461620240e+00,1.759715253912666e+00,1.149783617653079e+00
4.082933937892160e+00,1.487961647364060e+00,-1.712541284552172e+00
3.536180292024953e+00,3.016293954628756e+00,-1.789865468530556e+00
1.027855785572964e+00,1.161062067028799e+00,1.045151754656739e+00
5.431138867153203e+00,-3.431083750260836e+00,-1.971348231136159e+00
3.018312978744836e+00,3.531623920501982e+00,1.015132352171126e+00
6.608079429275284e+00,1.272527880187008e+00,-4.694618859791122e-02
3.192039358255307e+00,3.076096990350040e+00,-7.123318330437023e-01
4.311634931348017e+00,2.741071203760407e+00,-1.255177167238276e+00
5.236037419440753e-01,-2.021355127749116e+00,2.812208811288304e+00
9.925380699054777e+00,-4.254470251479477e+00,5.085395141082305e-02
5.076103832751758e+00,-3.234955909104151e+00,3.848574308847912e-01
2.423759416417282e-01,-4.071376656867493e+00,2.822759230465039e+00
5.412306587611440e+00,-2.565875679198636e+00,9.668397041761096e-01
8.703539993056497e+00,-4.046772697400698e-01,2.876774788530855e+00
7.725521342662026e+00,4.068106049812828e+00,-2.473270712364990e+00
7.009066841294541e+00,3.720187559206346e+00,2.178001041238510e+00
1.394646545990349e+00,2.185998150957280e+00,-1.034120390982002e+00
6.577370789874724e+00,-4.758876404521740e+00,1.950850655584521e+00
7.662983780122604e+00,-1.586107986794465e+00,2.234530811836837e+00
5.724190639654966e+00,1.823484264845198e+00,-1.435783956301642e+00
8.927490045203516e+00,-3.709711031609316e+00,-5.728341307745639e-01
2.769897817848854e+00,3.010878500159087e+00,1.420090070243086e+00
2.421446997392506e+00,4.145736799875937e+00,-2.519207768944543e+00
8.695697449426461e+00,-1.458955533621745e+00,1.605564548452612e+00
6.253982429914524e+00,2.058430618638334e+00,-2.447470787761489e+00
1.447220520999326e-02,-3.517958673312866e+00,2.604102167463019e+00
3.531314085110525e+00,1.908164491130270e+00,-1.405301666153755e+00
8.578559858146745e+00,-4.785445877129567e+00,4.750047054693431e-01
2.731951164174329e-01,-3.492284931888991e+00,-2.405495503225894e+00
3.247928261508881e-02,2.098814466086701e+00,-1.448317223829031e+00
2.812592905251297e+00,2.118502228763061e+00,-6.034682595905214e-01
9.140000370092778e+00,1.411627058451771e+00,-8.137430773675547e-02
9.014775814700164e+00,-2.263597561579678e-01,-3.141168553368567e+00
5.187619458015079e+00,1.749080911719450e+00,2.441996175739639e+00
5.532368711396226e+00,2.738007982887883e+00,-3.093370402934055e+00
3.320080113171888e+00,4.664816590367437e+00,1.719610825008437e+00
2.437366620278099e+00,3.886410315486049e+00,-1.848581456036928e-01
8.152218542121183e+00,2.945342025661246e+00,1.500426215954112e-01
1.062948604996414e+00,1.947575167143729e+00,-1.833022053842292e+00
4.873543708786357e+00,7.415554543236720e-01,6.746152413482385e-01
6.343972594970845e+00,-3.793911766480837e+00,2.339349846517469e-01
1.036802903710292e+00,-3.344431579016071e+00,-2.109664876609181e+00
5.196070954723462e+00,3.202795606708994e+00,-1.645446842952103e+00
5.775212879124432e+00,3.033129122072205e+00,-2.721224754781729e+00
7.424960605073649e+00,1.144589259733629e+00,-2.725120687329965e+00
2.348360491475328e+00,-6.115986728384657e-01,-3.055036837698656e+00
2.933275032907583e+00,-4.739673501763944e+00,-1.756311611104151e+00
5.695211466330335e+00,-1.728230574714561e+00,1.128844784251031e+00
9.831264099816142e+00,-7.936034243468217e-01,-1.154752772909650e+00
2.174931828201144e+00,-1.418371382657941e-01,-9.881297248921688e-01
9.859038271234640e+00,4.293245985612092e+00,-2.312806624749438e+00
7.143425330544813e+00,-3.912906001998572e+00,4.741961901418517e-01
8.260820696300232e+00,1.886691977977044e-01,-9.918407520784145e-01
8.964126823633922e-01,-1.320777030417203e+00,1.107831148721597e+00
3.004201874306323e+00,4.900981192160517e+00,1.517134586910919e+00
5.773627965098105e-01,3.618640162829053e+00,5.321410293834279e-01
3.715469950031753e+00,-6.121414576107913e-01,-1.406996596132533e+00
9.812896599200519e+00,4.996956093547604e+00,5.408439832298662e-02
1.052730622063385e+00,1.406324647149635e-01,-1.558664723184015e+00
5.623727823711995e+00,-3.328822034085993e+00,2.531576007169805e+00
6.070622813812321e-02,5.587469182671452e-01,1.673751030960737e+00
7.126828160440627e+00,-2.737942341963534e+00,-4.394518862285901e-02
1.971926923720411e+00,1.363128400762520e+00,2.924553483138715e+00
1.295845371247629e+00,4.374401748839256e+00,2.937731359257345e-01
3.370178121607876e+00,2.861985768350283e+00,-1.077343371886659e+00
7.710442979389816e+00,-2.268363095809448e+00,-2.541753911924542e+00
1.066130863112108e+00,-2.031413750339929e+00,2.748619927447371e-01
2.298389957986954e+00,-4.307117969096880e+00,2.264564358351362e+00
8.464421617309537e-02,-2.141321643537226e+00,2.304161724620183e+00
9.684148626956180e+00,-4.073752003221828e+00,6.570142569959128e-01
5.921455999888638e+00,-5.512806743571907e-03,-6.695465104358025e-01
7.198996363846994e+00,2.083470794982576e+00,9.443395547186961e-01
6.513831711560146e+00,2.511811614991585e+00,1.647076424184204e+00
1.443645588696744e+00,-4.404707677518209e+00,-5.552778562136544e-01
5.949399389939941e+00,-1.600441017617980e+00,-1.491994550955535e-01
1.314155951412621e+00,-2.118282334525663e+00,1.134845728754123e+00
4.012364539631279e+00,-3.956996770126654e+00,2.366578120575676e+00
5.689631359252930e+00,-1.375286890679943e+00,1.828472132180317e+00
5.588811141021559e+00,-2.006798908607639e+00,-3.000903530868547e+00
1.190734259827410e+00,1.344992293392767e+00,-2.360138170502982e+00
3.443596964652218e-01,3.833026637337129e+00,2.216570679063541e+00
7.982343138738138e+00,-4.515827912678416e-01,2.097470688373693e+00
7.259224369960053e+00,2.466651727668186e+00,-6.986475863780641e-01
8.181890456473806e-01,-3.539896328893257e+00,5.295338034773067e-01
1.274155188015534e+00,3.949663786438647e+00,2.549999230588228e+00
8.925837763896203e+00,-3.474052617849077e+00,2.585899457545998e+00
7.691289016217800e+00,-3.078988194006107e+00,1.778724809052486e+00
9.961602962166742e+00,-3.935361964123235e+00,-1.824706515540890e+00
2.539874492050217e+00,-1.903204984794635e+00,1.446909551662374e+00
4.878029888688149e+00,5.241044671552606e-01,-2.506372468887878e+00
2.364595760623557e+00,4.879941114063268e+00,2.475188340377909e+00
6.228001384773098e+00,2.933680346575439e+00,-2.204463082360600e+00
1.154142390913180e+00,-1.195641971080180e+00,1.020066590188855e+00
1.272431727430331e+00,7.584605790357042e-01,6.926789209977269e-01
7.188789140512264e-01,1.233080309392077e+00,1.739811849385680e+00
6.935860822641669e+00,3.227272212473471e+00,3.240710049996678e-01
4.940725774332067e+00,2.364517854198005e+00,-2.767324822389988e+00
6.177312163546301e+00,6.929112697114039e-01,1.293370158948155e+00
8.793010465893589e+00,1.691830270396567e+00,-7.341615591371613e-01
7.403284847553586e+00,2.459176109628997e+00,-1.129182639819886e+00
4.617229181666910e+00,-3.668559408665957e+00,3.089276022359197e+00
9.843559883942264e+00,-2.995445386946201e+00,5.679984812506347e-01
4.562561011419732e+00,1.885842889075168e+00,1.323986985108863e+00
1.124506732335332e+00,3.504255619876322e+00,1.654119967888636e-01
9.926547472527160e+00,-9.073771730023221e-01,1.696288162383821e+00
2.282073001484730e-01,4.798903224712060e+00,1.583819708034010e+00
5.498835594877521e+00,-2.839282673266271e+00,9.873781651219282e-01
3.090954886997093e+00,-8.330071795656115e-01,3.127411890414124e+00
5.035521510169848e+00,-1.214769565367468e+00,-2.526246759024460e-01
5.587129525945215e+00,4.302959407264291e+00,1.295544733279823e+00
2.400958962784876e+00,-2.146214824274605e+00,1.870994120697731e+00
5.568587557372618e+00,-2.920922195778441e-01,-7.788968912758096e-01
7.560611120055375e+00,-3.127661603846705e+00,-2.690772376554742e-01
2.665098372439983e+00,2.126623856244381e-01,2.947864874794937e+00
3.834261333139071e+00,3.574041694635911e+00,-2.938702209226005e+00
2.682426931640579e+00,-1.959605381094358e+00,-1.034867927061406e+00
8.205597309882025e+00,3.107920721628282e+00,-8.662651246320063e-02
7.249822592095967e+00,4.113115821756260e+00,-3.132387830662337e+00
8.711964372184074e+00,-4.270421102854364e+00,2.507789536741925e+00
1.700498929016593e+00,2.564245363192510e+00,-1.343066043914324e+00
7.357963815975155e-01,-2.446565638495092e+00,-1.522385438890551e+00
1.193835038586734e+00,-3.246723374633709e+00,2.012668844151369e+00
1.610183328242364e+00,1.011223920250361e+00,-1.394972516620694e+00
5.330826606748023e+00,2.056026162286997e+00,9.903719660847212e-01
9.709120703627649e+00,-1.052390142647862e+00,2.020063829976834e+00
3.572354166167821e+00,-4.608262929178094e+00,1.837686232224013e+00
9.585082693602052e+00,4.087045241967932e+00,1.771548730743046e+00
3.820079498917972e-01,2.307469168474951e+00,-2.584666376948445e+00
9.268722028146584e+00,-2.283331933169853e+00,-2.639899360116269e+00
1.811526073049712e+00,-3.136144255260120e-02,-1.214099672361683e+00
9.124749857193489e+00,-4.722072100329219e+00,-2.915725454634737e+00
5.622743011546116e-01,-1.607172181940582e+00,2.700114183800562e-03
9.482194474950326e+00,2.253523558511823e-01,-6.611037752627600e-01
2.007982643188608e+00,1.722361511625010e-01,3.583043758196229e-01
3.027140600731607e+00,-2.918151219914589e+00,-1.264248897466734e+00
4.909423441029581e+00,2.767473661838907e+00,-8.951023909667333e-02
3.807208812354752e+00,-2.011378414733565e+00,-1.038329259088916e+00
6.675279692631499e+00,8.041002317797261e-01,-1.915064036689743e+00
9.748077672500774e+00,-2.284777744620252e+00,9.384985363072973e-01
6.064264908049407e+00,-7.483212701322985e-01,1.089729908037127e+00
7.214854094365492e+00,-2.924853747497698e+00,2.068623734543094e+00
8.800525030570150e-01,1.330077925320383e+00,2.354634897750834e+00
6.278124290700053e+00,-7.441563985864930e-01,1.284672033402444e+00
4.538497770464131e+00,-4.838826955122357e+00,1.178085223462092e+00
8.857823579196284e+00,-4.718350059832339e+00,-2.785488945873042e+00
3.882110996431019e+00,-2.886568152857780e-01,-2.451829336626490e+00
6.794541440499192e+00,-3.167741330946456e+00,1.963889429500163e+00
2.281537282590791e+00,8.504204814474239e-01,-1.677916709267244e+00
2.593725335241960e+00,-9.180821822797869e-01,-9.075114914873925e-01
3.761224309222736e+00,1.544198355397227e+00,-2.228662455801448e+00
3.040635375065027e+00,4.523951740639516e+00,-1.915416671972690e+00
2.538788393900748e+00,2.873613479525359e-01,1.730497526622102e+00
4.966870590080930e-01,2.873786035900996e+00,-1.496280139706126e+00
8.367463317524590e+00,2.530409963159372e+00,-3.202227511487523e-01
6.430153089128432e-01,4.217911043238653e+00,-2.188613310864227e+00
8.873655156029676e+00,-2.859821327619938e+00,1.117966573073151e+00
1.254653890680603e+00,3.273269707849408e+00,1.434261039581248e+00
6.526173706265903e-01,4.055203785046867e+00,-8.690127960488665e-01
5.630047639806971e+00,-1.072370190524223e+00,1.789115943187132e+00
5.024417925747217e+00,-1.861838054010319e+00,-1.634214703138041e+00
4.912345688318851e+00,4.520359096782878e+00,1.205767526738718e+00
5.745043275013978e+00,1.276328221388679e+00,1.444910079152700e+00
2.870566061191557e+00,-1.193235147585316e+00,2.944661150223752e+00
6.629492734296112e+00,2.918277209316303e+00,-1.681872580349122e+00
5.024022197071832e+00,-1.955260983842849e+00,-2.552792342256423e+00
3.347434669573253e+00,-3.235924139301379e+00,-1.488892352990828e+00
8.265006669807281e+00,4.396963579770556e-01,-2.369626705217213e+00
7.277210963267101e+00,6.621204491060340e-01,-2.075371867746346e+00
3.936103419446220e+00,3.257464822673381e+00,-1.042289261780855e+00
8.476177852288728e+00,-4.297264497956998e-01,-5.404120764778120e-01
9.202582501117742e+00,3.145865395053416e+00,2.536674123393523e+00
5.368662670843625e+00,-1.886773206516615e+00,-1.912502512248262e+00
2.149524501569208e+00,7.536820217779194e-01,2.964149066038273e+00
9.157921565469868e+00,-2.915272210992842e+00,1.948750091394212e+00
1.894796200955172e+00,-1.145540490834036e+00,2.396855432087843e+00
4.842322641726915e-01,3.575396978328511e+00,2.698276166592478e+00
3.274870088731308e+00,-2.840118065642450e+00,1.591161369049659e+00
7.269663444610398e+00,3.102394628992677e+00,1.814457195026113e+00
9.232740863535495e+00,-2.171283421525938e+00,-3.906991651429701e-01
6.372856468144398e+00,-4.655102803205463e+00,6.566076097435447e-02
9.518385469666601e+00,-3.900654299431538e+00,2.717386079029409e+00
9.237083927589662e-01,2.458795453207881e+00,-7.649406677683648e-01
6.075372958802006e-01,-2.379290734978517e+00,-2.878031420433578e+00
6.041919507436640e+00,1.541455922412722e+00,1.650934494212095e+00
9.661163224927549e+00,1.991989027572330e+00,4.596622027333299e-01
5.027213089547240e+00,-1.548815355653152e+00,1.978424020179528e+00
5.151522593930513e-01,-2.508101278885979e-01,-2.666890045280988e+00
2.212186560774562e+00,-9.623290954418939e-01,7.617230613176180e-01
2.447929064157707e+00,4.473489963545340e+00,-1.585210657664390e+00
3.378571291369500e+00,-1.800511376484126e+00,2.533811307774704e+00
4.360338358621263e-01,-3.166769577750392e+00,-2.451008135091463e+00
9.048927004979163e+00,-1.344071571244218e+00,2.155567813730903e+00
5.155639447214952e+00,1.695157076020122e+00,-2.585189878711607e+00
6.709307929541090e+00,1.973626903614653e+00,-2.983901318281992e+00
6.717283689500897e-01,4.240573153600069e+00,-1.664670696436379e+00
5.411546780364940e-01,3.817544848758093e+00,-1.049012087402883e+00
5.864677720405473e+00,-2.116794795827245e+00,7.950037199838276e-01
8.872960105042081e+00,-4.483675103240357e-01,-2.313942598856673e+00
5.284820009595470e+00,2.472689881834340e+00,-3.937676404605268e-01
8.778191725700715e+00,4.165372806020251e+00,-1.858166590065440e+00
8.109912730552393e+00,-1.628349871431082e+00,2.232436609536612e+00
7.585378579492075e-01,-5.555856582300409e-01,-2.859059751514980e+00
2.019574743856899e+00,3.994782704536089e+00,-9.051699589895743e-01
6.577106691553425e+00,-1.415161268415773e+00,8.254476890061411e-01
4.435013825500416e+00,-1.948701380826421e-01,2.595509570905528e+00
2.906998136469205e+00,4.045041412180788e+00,2.312170866609010e+00
4.186338560479791e+00,3.022432179898482e+00,2.483064564881164e+00
4.451996462706344e+00,-2.565690749901972e+00,-2.746673762213037e+00
9.105522508215966e+00,-1.752049345880666e+00,2.142084027302953e+00
1.034582837049530e+00,-1.470412725406609e+00,1.758742600803161e+00
2.797307468076150e+00,4.127384734310597e+00,2.528552625872617e+00
5.375648165827140e+00,4.989337371045391e+00,-1.183901229088459e+00
6.982869266305917e+00,2.740043021554399e+00,2.587196465746058e+00
6.306372889592437e+00,-1.567369750649341e-01,-6.117241037077785e-01
9.416427377373944e+00,-4.898261819325210e+00,8.425731737931095e-01
7.956089248194732e+00,1.974880565979574e+00,-4.763974484237226e-01
5.570768419744303e+00,-1.106388355022153e+00,-4.545983183354436e-01
2.146826916735075e+00,1.329864702286054e+00,2.930290312627837e-01
4.508742314022398e+00,1.066939634624288e+00,-9.052391812674658e-01
6.933822441944773e+00,-1.916794342561268e-01,1.839320781260376e+00
8.379621748360849e+00,4.443873977263230e+00,8.396769388310892e-01
9.597362244223874e+00,-4.768536546446583e+00,1.192270612854177e+00
6.054527661379177e+00,2.121324844725883e+00,-1.689958191389237e+00
5.269193673044325e+00,-9.016013170045403e-01,2.950428553200901e+00
1.769192312114831e-01,2.137904504916113e+00,1.006416104088457e+00
7.209906915017994e-01,1.752196475396319e+00,-1.902574494935860e+00
1.561049976374003e+00,-4.897619974240046e+00,1.573876617369037e+00
5.475993118962807e-01,-2.146615048253287e+00,-2.050114752665780e+00
4.008632388049264e+00,-3.109084794962196e+00,-2.743333604463620e+00
3.368785451388722e+00,-3.330136470575077e+00,1.731230938264048e-01
6.373541578683929e+00,2.284766841211328e+00,3.363009223750137e-01
5.356651079334027e+00,-2.604486509068754e+00,-1.954286930873467e+00
5.959707593878597e+00,-2.526238501269917e-01,-9.526631894825641e-01
4.719772029376541e+00,-2.530110047143205e+00,2.800851089000181e+00
2.777371485542571e+00,8.023382343532992e-01,-1.350864533238983e+00
9.528253149464771e+00,2.205737680599680e+00,-2.164129699922408e+00
8.640915976013896e-01,-1.689252613018235e+00,3.094858061562380e+00
9.388909994653073e+00,1.030208482871220e+00,-1.242150949125000e+00
3.112380468647347e+00,3.248547744137390e+00,1.132567230676593e+00
5.126614453672974e+00,-4.057757148355083e+00,-1.686657123842755e+00
1.088423228275461e+00,2.106705990412712e+00,3.149207684831357e-01
7.093106837100926e-01,-1.768550555646198e+00,-7.145113508961152e-01
4.295454487186029e+00,-3.773500434750558e+00,2.900188031814222e+00
7.416973763796781e+00,4.565420761434877e-01,-4.221931417531577e-01
2.693647775485490e+00,-2.737376807322682e+00,5.288819972944379e-01
5.623478889353200e+00,3.213617926691576e+00,2.794548867032933e+00
2.786503405228183e+00,-4.571040904689239e+00,3.073949765138450e+00
3.886130608930408e+00,-4.013471037291025e+00,-2.502854314521685e+00
9.064463184738248e+00,2.099612598581686e-01,2.100598985790556e+00
8.558396254949196e+00,8.894178407695676e-01,-7.406839116814976e-01
5.160175434176298e+00,2.298866645227468e+00,5.958263335299558e-01
2.381056274720788e+00,-2.407392717478062e+00,-7.850960744122650e-01
1.931839127330228e+00,3.417604082132918e+00,-6.213052037479767e-01
9.540873530357143e+00,4.531423397737832e+00,-2.143461317553388e+00
2.027165965106875e+00,-9.606964051363853e-03,4.572051424494612e-01
8.081683109125391e+00,2.605313649698012e+00,2.935249451708901e-01
3.689702095355373e+00,2.484835454379279e-01,-1.951835145215914e+00
9.856598475582384e+00,-4.305329705877893e+00,2.622000204533168e-01
3.681557403627878e+00,-1.738884871573789e+00,2.972586797746641e+00
3.515166249107261e+00,-4.125133103729850e+00,1.347168939201537e+00
6.374636288776231e+00,4.888791192550135e+00,-1.194901022060466e-01
9.615168066268193e+00,-2.709740879266228e+00,2.614332784757620e+00
9.762096057964328e+00,1.359004194157187e+00,4.732140582138227e-01
7.072061464669853e+00,-2.156548980550626e+00,-2.293061052219251e+00
7.546063656363536e+00,1.532462153559258e+00,2.985119210845024e-01
5.634021759730277e+00,-2.895983091295176e+00,-2.004505034128456e+00
7.557757391323319e+00,2.852700659100745e+00,1.680782472418832e+00
8.597796549704967e+00,-3.891883971633645e+00,2.935342159149679e+00
4.860953031950233e+00,3.951504000902803e+00,-8.745026246298049e-01
6.198622628301030e+00,3.404216925407944e+00,-4.089230193574784e-01
5.373166952330477e+00,1.788073436383856e+00,-4.932522461212048e-01
5.624706135286772e+00,-4.325853728571522e+00,-1.349000037536700e+00
8.900479098739408e+00,-2.914309716710717e+00,1.848387232992022e+00
3.556168302055702e+00,3.593615956910760e+00,7.397089305546740e-01
2.081840256006242e+00,-3.780255656974049e+00,-2.739144852646680e+00
4.562801102736291e+00,-3.440679036919799e+00,2.128782986196730e+00
2.080851904812651e+00,4.400332375552072e-01,-1.966082628461743e+00
4.984004256620191e+00,-2.258225603256563e+00,3.010595539168779e+00
9.035081053570586e+00,-2.779243000560705e+00,-7.749483528527299e-01
6.174335204824778e+00,7.581343184818055e-01,7.316747120011615e-01
8.554328533030777e+00,-1.274233235419709e+00,-2.652612434790711e+00
1.661909196155118e+00,-3.594401032303312e+00,-9.760094301435087e-01
9.008735925371768e+00,3.485376754546445e-01,1.899745942456865e+00
6.017871644071158e+00,-1.129875967213772e+00,-1.432032684877518e-01
3.175978874047980e-01,2.345167742737694e+00,2.542198663037482e+00
6.331189552850368e+00,-3.972445576794108e+00,4.721087488148110e-01
9.513969562609180e+00,1.206132439459738e+00,2.692798521176261e+00
7.916700047536207e-01,-6.350667305675231e-01,3.032327476840599e+00
5.824561304695721e+00,-9.393812494759590e-01,-2.896890262158114e-01
9.154786028697147e+00,-2.677123119916588e+00,4.093908194870637e-01
9.695168334374560e-02,-4.695739717972889e+00,2.104368464747514e+00
6.309129264658232e+00,3.476891943646455e+00,-1.749659728151839e+00
4.749022918309627e+00,-1.735899139655741e+00,2.272185624623084e+00
3.469893186486106e+00,1.810910397298471e+00,5.775512754523455e-01
6.275364899453760e+00,4.475873997767074e+00,1.416859137415058e+00
5.270209458741693e-01,6.499029808213166e-01,-2.639855031671648e+00
7.530630462874002e+00,-1.028530974801337e+00,1.672506541626596e+00
4.479476919707626e-02,-2.317264336512963e+00,-1.188860941108758e+00
3.069357437923522e+00,4.340437926474934e+00,1.917830957179899e+00
5.039586376846784e+00,1.820768180511428e+00,5.750709418696642e-02
3.770222505665517e+00,1.652813932565596e+00,-1.416139899935311e+00
3.074759352055825e+00,-7.384167485472304e-01,2.844773076009538e+00
8.308351454680961e+00,3.450487128674308e+00,1.665436162786683e+00
9.348325742719089e+00,2.136721870094870e+00,3.051655603264638e+00
8.737126849058887e+00,-2.168167282189839e+00,-8.515607429769978e-01
5.224313130499997e+00,9.957866002504803e-01,9.375746090115467e-01
8.841641751934830e+00,-6.980604539873436e-01,7.011323412009638e-01
9.208615651815437e+00,-4.934098371702870e+00,1.178453759745989e+00
4.092383970474620e+00,3.076234315017974e+00,-2.900842568817327e+00
2.834458595054454e+00,-3.771696510802992e+00,-1.308666083983113e+00
9.826520581332032e-01,9.954506002614139e-02,2.571943829318940e+00
4.790919210492291e+00,-1.637738069151844e+00,-4.786527119285715e-01
9.462969204384414e+00,-1.579109587993225e+00,2.894309596250326e+00
5.609075280703710e+00,-2.263511658619199e-01,-1.800112656190655e+00
6.675621017861716e+00,4.970231040197451e+00,3.125407001615269e+00
1.128838184918476e+00,-9.162031936852424e-01,1.241437464153721e+00
1.435196641422563e+00,-3.176707701834276e+00,1.736631101095613e+00
4.644732619596725e+00,1.136063380493689e+00,-6.480403674167525e-01
9.512647989837257e+00,-2.637122919604788e+00,2.557307447407500e+00
3.607846415915289e+00,-3.944508632870496e+00,2.856518313249747e-01
8.774840413175335e+00,-4.498258279340709e+00,1.136869372132300e+00
1.202885934257115e+00,-4.771187259803161e+00,-2.545894716130546e+00
6.170172069337100e+00,-6.883535168893626e-01,8.273742450893375e-01
6.006129769105182e+00,-7.327422012660634e-01,2.381823529309285e+00
8.598747500702684e+00,-3.144545999220471e+00,-2.021406093546552e+00
3.316704404901505e-02,2.840190537712093e+00,1.493676099633199e+00
1.899316671975722e+00,-3.707293720801212e+00,-2.981994977883370e+00
2.196876254294817e+00,4.153171926393025e+00,2.677912531541237e+00
9.499660880907374e+00,8.757597764327238e-01,3.034257728032689e+00
1.536936562698950e+00,-4.723836238950704e+00,-9.162136617881216e-01
3.696235022056038e-01,4.629726257427166e+00,-2.468827814275246e+00
5.344614947418080e+00,-1.920587404541464e+00,9.963647065085732e-01
5.285584624336817e+00,-5.002504042214664e-01,-2.954136872651511e+00
8.440469653678642e+00,-2.157313070054478e+00,-1.100419400275925e-01
9.488596501778021e+00,2.284212980337776e+00,-1.433953733566037e+00
5.385454421401310e+00,-1.431977928046138e-01,-1.675156644787914e-01
9.299941824196555e+00,-3.676270405974974e+00,-3.026764207904605e+00
7.251591512998297e+00,-3.957960476405462e+00,-2.817303743248467e+00
2.645591279955850e+00,2.253754133245748e+00,-3.041213560531038e+00
9.284207109439263e+00,-2.629185950687285e+00,7.485276154968545e-01
6.674431761818748e+00,-3.622066253615275e+00,3.775749374024229e-01
4.140959327426338e+00,-5.724030021571735e-03,-1.676617742933201e+00
6.802420845169307e+00,3.027652875363041e+00,9.213859529285884e-01
4.013128277437509e+00,-2.212172541268695e+00,2.414045391434280e+00
1.141837679879593e+00,-2.235683882991922e+00,-1.399126503066343e+00
7.189787471768998e+00,3.338812602603769e+00,2.085978615739856e+00
8.240876121707437e+00,-3.521662054312173e+00,1.021075015611356e+00
7.288061990193877e+00,1.167275917865473e+00,-2.929092541963003e+00
2.291146677566766e+00,4.550134829825854e+00,-7.844563401243381e-01
9.566350134776130e+00,3.413031495773076e+00,4.874002470999672e-02
2.525456169115592e-01,-4.381847662202708e+00,1.455808946008918e+00
3.326852973756406e+00,-1.800891234383746e+00,-1.337498148729652e+00
2.600924345348955e+00,-3.576255344073837e+00,3.033082702176621e+00
4.812622761485097e-01,4.492406376871397e+00,1.159497386132289e+00
4.057296929886684e+00,4.859415662220812e+00,-7.991352349150893e-01
6.231148401627745e+00,-2.650069794599621e+00,-2.531966353631958e+00
8.825528634851013e+00,1.696990448287526e+00,-2.002025407060171e+00
9.896897161914701e+00,3.416317320471183e+00,-7.786273994448401e-02
8.080895864043981e+00,-2.663197155855235e+00,-3.333006778539360e-02
4.686805187128248e+00,-3.123193656790225e+00,1.682126609581795e+00
7.237044259670307e+00,-4.887889767527197e+00,1.421109650623036e+00
8.436237885896407e+00,-8.803754305847411e-01,-1.876956855243253e+00
4.653071964186814e+00,3.994374623947165e+00,5.966300431111180e-01
7.850544340254999e+00,4.029796490563488e+00,-3.012022058154492e+00
4.826524183128767e+00,-3.722568724909837e+00,-6.374454895635151e-01
3.864959908767227e+00,-2.956475194716051e+00,1.659422167108644e+00
5.260908377837612e+00,-9.195266906546635e-01,-6.314061301558835e-01
6.758547376271449e+00,2.806245451637020e+00,2.108613363065025e+00
7.268820563185974e+00,1.118514835317286e+00,2.991771922851003e+00
3.567362688921079e+00,1.384974352021642e-01,6.736366500251370e-01
5.713202515560348e+00,9.193188422260317e-01,-2.230505171638121e+00
9.098708740804470e+00,-4.038003061977033e+00,-7.560103994075473e-01
9.763129001106398e+00,-2.233635774509306e-01,-3.082006976361411e+00
2.272480911839545e+00,4.920632895391284e+00,6.454460153426660e-01
1.928311657133415e+00,-4.115538530609122e+00,2.020474480570333e+00
6.766856334286485e+00,1.924667763488639e-01,8.164375947030194e-01
4.146838858234439e+00,-2.043507383426254e+00,1.797532791791864e+00
2.422233841813703e-01,3.991329686195897e-01,1.884351949425306e+00
3.468618706472841e+00,7.381876003374668e-01,2.205477061524823e+00
8.067447434722521e+00,7.747289811947589e-01,-1.466094690302635e+00
7.974269303831826e+00,3.522087853108866e+00,2.332748927603544e+00
4.946851488165819e+00,-1.102525853263391e+00,9.682011470703600e-01
4.725779348875353e+00,1.635416266649594e-01,-1.321193293280885e+00
5.795074424343775e+00,-4.890716010322515e+00,3.061762993530771e+00
2.193967105635760e+00,2.895506015797667e+00,2.828579401845758e+00
5.260436248909555e+00,-2.405122926241471e+00,4.677264919344508e-01
1.104636005664839e-01,3.165550240405164e+00,2.156441840461070e+00
4.755595547831337e+00,-2.343613336196828e+00,-1.498574324156657e+00
3.360510462505926e+00,-4.892115037375078e+00,-5.275551092411259e-01
6.748696059036597e+00,-3.451686818065532e+00,-1.985663989548179e+00
6.383535841526276e+00,4.856829025721680e+00,1.263086288035731e-01
3.808358801828090e+00,-1.801987540520114e+00,-2.512375582344273e-02
7.272981478591567e-02,-3.911760979872528e+00,-1.804447719054590e+00
2.522736293949604e+00,-3.812411963742495e+00,1.085745063012731e+00
6.333478501891623e+00,-1.896572859427762e+00,-2.401494399416180e+00
7.237334301750453e-01,-4.623549588832370e+00,-2.753973834649996e+00
1.076424218334638e+00,1.148858812195375e-01,-7.231634098298696e-01
6.470350245670872e+00,-2.862590845106798e+00,-5.665876312947962e-01
7.557674009492922e+00,1.931064139687226e-01,-1.132603172553886e+00
3.215497080127121e+00,-3.592357813007798e+00,-1.520866130321752e+00
4.896730655165618e+00,-7.014277098250767e-01,-1.012998100205910e+00
9.457113649836586e+00,9.791685840124451e-01,-2.115073647781908e+00
9.455435621759694e+00,-4.380000616618920e+00,-6.066260273887725e-01
3.075027744634301e+00,-1.012506907489414e+00,2.542197971720096e+00
8.099878750170902e+00,-1.974761790103122e+00,-1.731476971042282e+00
5.939440528068588e+00,-2.596401835113660e+00,1.158940468747170e+00
9.754844933503801e+00,1.045346260844965e+00,-2.250734301072438e+00
4.776135697110965e+00,8.854198576540728e-01,-9.179317534951812e-01
7.747068680155616e+00,1.306998066776935e+00,-1.123591991431211e+00
7.681371296148710e+00,-3.411173295674787e+00,2.745936669751997e+00
4.974328676330762e+00,-2.142907551376723e+00,-4.525020888393536e-01
7.956301142973078e+00,-2.903212220049213e+00,1.196732819485285e+00
2.610403333069965e+00,4.050360499784187e-01,6.437928158610049e-01
1.222530362902289e+00,-3.893431079038372e-01,-2.255474556690150e+00
4.251637446553163e+00,-1.697062624072499e+00,2.761714103826669e+00
9.436306566335848e+00,2.860148088684332e+00,-9.684318007970538e-01
5.007446082025288e+00,-4.060262555916172e+00,-2.860367610156449e+00
6.352591386469269e+00,4.748966887556422e+00,-1.253849169111823e+00
6.241624559078753e+00,-3.834559221846813e+00,-1.032743758532021e+00
1.325728672695304e+00,2.730708125683694e+00,-2.558856575294214e+00
3.902968823772103e+00,-1.317698108391681e+00,7.538402769599708e-01
7.069389729218748e+00,3.652622291318057e+00,-9.628088922753530e-01
9.719900985807262e+00,-4.258300512158380e+00,8.113766611471762e-01
1.680177382970262e+00,-1.252782898076622e+00,-3.099240443484857e+00
4.104418903391163e+00,-1.645565934997637e+00,3.028799417888139e+00
9.509379980272936e-01,4.931570382255353e+00,-2.070206774948083e+00
2.423764596492560e+00,4.855489948896256e+00,1.001106114642883e+00
3.767593433261502e+00,-3.101960413336120e+00,1.355812763885836e+00
5.406432479523504e+00,1.299469606983389e+00,-2.063345591867116e+00
2.305668822390810e+00,3.551941991094019e-01,-2.439683684052376e+00
2.275626611786858e+00,-3.456265087592612e+00,-2.182921883579771e+00
7.778299791402038e+00,-3.322202938955769e+00,-1.590787814921146e+00
9.626416629468812e+00,4.892517284795547e+00,-2.084559081621046e+00
3.236129677514562e+00,-4.727000637906729e-01,1.093270642908120e+00
6.879920186356801e+00,-3.741987079999265e+00,-4.974196511648539e-01
2.580804613579208e+00,-2.852099612607457e+00,2.374515913938180e-01
9.279522549656321e+00,-2.316519327514504e+00,-2.844166837655027e+00
6.729023601653983e+00,1.091726331861933e-01,2.269794177188325e+00
8.026768546375699e+00,-1.644518704936907e+00,-2.069859976661845e+00
4.935404319916481e-01,-4.498821411007903e-01,-8.786888162447108e-01
5.985059682406247e+00,-3.335004488986373e+00,-2.689821326661849e+00
5.276123313583822e+00,-1.732713094124938e+00,-2.282096039844370e+00
2.929969069115320e+00,-4.296834072822460e+00,1.041748416698121e+00
2.624299850573180e+00,3.897102734758487e+00,1.210059822926707e+00
5.800248023169697e+00,-3.012475228314218e+00,1.111906932875927e+00
7.064856350072252e+00,2.569001354287388e+00,3.275850993576648e-01
3.317275703518896e-01,-1.504482117966540e+00,2.843277470500069e+00
5.674015819237043e+00,-2.560268106020667e-01,4.509543108838532e-02
1.704595289466286e+00,-2.087389605387732e+00,-3.178535942445984e-01
1.403627313861006e+00,1.964412711073699e+00,-1.586217992218379e+00
6.231194880946846e+00,3.445464192747075e+00,-2.520502743680194e+00
3.108701172174730e+00,-2.137298152604119e+00,3.025663484317564e-01
4.408802331348641e+00,-2.577823563364076e+00,-1.163079259186379e+00
3.599988094397729e+00,1.814402654638969e+00,1.509559346620044e-01
6.483363201525237e+00,-3.048469394322791e+00,-1.846508289534148e+00
4.701197660664689e+00,1.398397656097723e+00,2.124801565306407e+00
9.634586620379475e+00,-4.055719203063645e+00,3.139690165768500e+00
3.523827591064653e+00,1.201371599606872e+00,-1.115871655816603e+00
7.402843402628352e+00,1.340673401043313e-01,2.150907792180048e+00
2.572925675830446e+00,-3.860942844236916e+00,2.343541011962455e+00
5.087530926261469e+00,1.491036348645998e+00,3.116923540795392e+00
5.525697519019570e+00,-5.344284296592416e-01,-9.882185696941121e-01
3.291092810627322e+00,-2.828849491829143e+00,1.608755523014253e+00
4.717805289126291e+00,-1.466158442978227e+00,-1.703943283756070e+00
2.792786378984922e+00,-7.897894361070357e-02,7.841164017135593e-01
6.000781673981992e-02,-4.084457727356180e+00,1.287063822796647e+00
2.156483016378787e+00,4.576094831283543e+00,1.515005992593484e+00
7.000641724932006e+00,1.655621562121212e+00,-1.839891527883371e+00
7.709630244853770e+00,-3.974650187123040e+00,2.191107380779510e+00
2.802028671389199e+00,3.228621843284595e+00,-4.965484456353182e-01
4.080429988180719e+00,-1.774450690538546e+00,-1.782102878838504e+00
3.736566013861109e-01,9.679953671318389e-01,2.672307095566886e-01
2.370629010976806e+00,-2.228571584204268e+00,2.283040178005288e+00
7.792192833722992e+00,2.334059449146072e+00,2.934799891879068e+00
6.059862702650572e+00,2.230089750001023e+00,1.559535738607631e+00
2.057705219543714e+00,5.204345687241796e-01,-3.106263017185627e+00
2.574419951224321e+00,-2.590744075284219e+00,-2.295242814564181e+00
8.168020229895602e+00,-2.462961924878545e+00,-2.662349062677097e+00
2.090842029449008e+00,-1.171372033050571e+00,-2.505647950725966e+00
3.341577258471312e+00,-3.549878326037147e+00,-7.349130457901634e-01
6.643586916546443e+00,-1.623442868090764e+00,-1.014776431280045e+00
5.611123857080786e+00,1.843546012483125e+00,-2.427288849637761e+00
4.608702052338143e+00,3.308452800594212e+00,2.401655545147272e+00
8.997410909797443e+00,-1.674177095066386e+00,7.252528516548358e-01
2.197104627150517e+00,-2.664097417456360e+00,1.862733906953002e+00
7.414198908629999e+00,3.326425783351343e+00,-8.070789926417952e-01
1.590638406181833e+00,3.907040273859213e+00,-5.640037435758609e-01
6.157338334821452e+00,-8.997847668793568e-01,-1.145919730296830e+00
8.706235634113131e+00,-4.730958461503661e+00,-3.868770061760300e-01
4.579017854781378e+00,1.949616208941519e+00,6.935207930759795e-01
7.242945071913289e+00,2.840332361831295e+00,-4.408277885348211e-02
8.203933529989882e+00,-4.819757468355598e+00,2.123195168329384e+00
1.360264248776027e+00,9.503085334151322e-01,2.514148545036303e+00
7.058268952821100e+00,8.836875824417501e-01,-1.904819670910025e-01
9.198410239886762e+00,-1.212920912520859e+00,-1.635211666037179e+00
5.763706098555442e+00,2.497673258508377e+00,2.797226468814461e+00
1.861222445287560e+00,-7.182096188563936e-01,1.476791348636985e+00
1.269425315889430e+00,1.767759517913641e+00,8.804444482316276e-01
2.597353304667479e+00,1.711730463515195e-01,1.541979965286250e+00
1.035132690166826e+00,-2.515353952971561e+00,-2.664185034820131e+00
5.133940715850475e+00,1.065008630101318e+00,-2.716683905398257e+00
6.970468270673458e-01,2.369084948458417e+00,-2.179507219067183e+00
2.234046246362265e+00,4.739056734370036e+00,-2.215130901438024e+00
4.399104439122143e+00,-1.198910531975865e+00,-4.984421068517553e-01
4.739147504020215e+00,-4.355274553336489e+00,-2.152593636484307e+00
5.653984851469644e+00,4.879712212213519e+00,2.227550319074256e+00
7.056149627507265e+00,1.238066594255363e+00,4.906974889427911e-01
4.722863966546753e-01,4.464504581607692e+00,-8.277349172478017e-01
8.062095217578324e-01,-3.961729139888806e+00,-2.704141344364246e+00
6.085915180478074e-01,-1.579661601295423e+00,5.719445101153164e-01
4.231503154649103e+00,-3.660633011272757e+00,-2.409395347441150e+00
4.184794488293431e-01,3.355101545820595e+00,1.528197903738195e+00
7.460812668313262e+00,3.803427414293161e+00,1.902285225090435e+00
2.230001810384779e+00,1.311699875020444e-02,2.763109778780133e-01
9.392124932899588e+00,-3.133937823379696e+00,-2.201610167123900e+00
4.864037550971114e+00,-3.728810309602915e+00,1.802411650983609e+00
4.463257524422017e+00,8.816411008020673e-01,-1.207453610973972e+00
7.805386926395003e+00,6.376324585300530e-02,-1.742621698443895e+00
7.131539838929911e+00,1.947891023676675e+00,-1.849980805470444e-01
6.073090409481429e+00,-1.947927373800088e+00,2.655564653991826e+00
9.351467062503700e+00,-9.763200497563771e-01,-1.273141154079522e+00
4.222592609870770e+00,-4.786389261488426e+00,2.548324878219089e+00
8.085316757722865e+00,1.101430450755290e+00,-2.804478972434136e+00
3.800929457458185e+00,-7.685647865352223e-01,-2.616797737419828e+00
8.383456742961048e+00,4.197646338134479e+00,1.247595715708300e+00
2.594746289659686e+00,1.417862977048049e+00,-1.944063643522363e+00
2.892670728360325e+00,-1.013055085503062e+00,-1.152206228979594e+00
6.778695340174540e+00,-2.364108191266496e+00,-2.284735943196338e+00
2.127132949517963e+00,4.052849426076389e+00,-1.054015210640316e+00
2.291541870254288e+00,-4.837349258825567e+00,-1.379410540712991e+00
3.052624290174148e+00,-1.730875327476078e+00,1.484953180829096e+00
6.789287696603759e+00,4.435055837880350e+00,1.269350384376039e+00
8.893880924232318e+00,1.540330069815741e+00,2.858391750771401e+00
6.745676511269867e+00,3.271907128329907e-01,1.410083034891733e+00
8.278142443441252e+00,-2.964652820795726e+00,1.224076043361707e+00
5.435605896944697e+00,3.333747742543871e+00,1.220219022355588e+00
6.892322134514528e-01,-2.958009374072239e+00,2.406255490456570e+00
1.004662115085007e+00,-2.517464684787500e+00,-1.280282366139253e+00
5.543919783669154e+00,-3.081488571281448e+00,-1.256058322302750e+00
3.278009686421096e+00,-3.418505394304781e+00,1.515591065026872e+00
2.205680736369426e+00,4.533124959788029e+00,-1.704595896171620e+00
4.662569273026208e+00,1.020315961413084e+00,2.588798036326597e+00
6.664967409043015e+00,1.378371320100939e+00,2.185400240242821e-01
3.849919477358585e+00,4.543254656787836e+00,-1.255852115078583e+00
8.025422571573417e+00,-2.694249448744373e+00,1.734787021541415e+00
7.385232465713937e+00,-4.940824614023080e+00,-1.179224260828259e+00
7.349148821595668e+00,9.888364957029117e-01,2.910863514960870e+00
9.851896896773885e+00,7.844853224158577e-02,3.034710706070304e+00
2.952299773716348e+00,-2.234962260170592e-01,1.048011696814775e+00
6.447255863408952e+00,-4.381197887538009e+00,-2.427609867113488e+00
8.554783401603135e+00,-4.556513342521553e-01,-1.487802674969293e+00
5.795244339139110e+00,-2.124404349093011e+00,9.686763047726199e-02
7.895021761153926e+00,-2.254353227756869e+00,2.208209454701369e+00
4.144521858399123e+00,-2.776184198209072e+00,-1.979916532507735e+00
5.904913456548046e+00,-1.674716402454293e+00,-2.485606373894727e+00
5.566639280432828e-01,-1.468669248565876e+00,-2.673636825500730e+00
9.857676058248133e+00,-1.912242236380025e+00,4.377848544750451e-02
8.000184814484172e+00,4.787527157195090e+00,2.417147479815196e+00
8.688090716314495e+00,4.327310855094872e+00,-2.875441682586434e+00
6.942942781429461e+00,7.451009952486221e-01,-1.807537110803785e+00
1.860500328086995e+00,4.810548384103098e+00,1.214269642432130e+00
3.102844241803226e-01,4.911980103191901e+00,2.047460347842061e+00
8.646566077360136e+00,-1.440602899826975e+00,1.931448205926463e+00
3.963306537361231e+00,-5.481245426025545e-01,1.791135429301332e+00
2.638648760399199e+00,4.590617769846656e+00,-2.326036452244578e+00
5.616729588389444e+00,1.086261992986866e+00,-6.456753137585363e-01
4.208985224757193e+00,-2.870709171627275e+00,3.045740543238153e+00
6.516659956875570e+00,1.893806683365003e+00,3.071771206664984e+00
4.837932330545136e+00,-2.942538179539125e+00,6.435702841792783e-01
6.972331404402706e+00,-1.606422563281542e+00,1.314864625978373e+00
8.534232695091429e+00,-2.724398369046485e+00,2.835499718188080e+00
1.955570109557890e+00,-2.550197840661578e+00,-3.146125265482840e-01
3.294328805654868e+00,-4.953444184332177e+00,-2.281632823094507e+00
4.368155865706389e+00,3.807088321994518e+00,1.061537092307136e+00
9.620584480276381e+00,-2.040095047242062e+00,2.890908041950431e+00
3.653336135474853e+00,-4.136256204772055e+00,1.239082431466979e+00
3.810998495926295e+00,-4.130125943189115e+00,1.905822848672702e+00
6.534725229595612e+00,5.601827646095217e-01,-4.853835798538810e-01
4.191997098899493e+00,4.929205505339372e+00,-2.535496780782665e+00
9.512237456396052e+00,-3.549775327298084e+00,-2.080475208722111e+00
8.944687604754439e+00,-4.003782190503405e+00,3.032609732748259e+00
5.134087777756729e+00,-6.169611959790933e-01,-4.282419931988590e-02
6.447752339478498e+00,6.333125384079539e-01,-3.066065058004469e+00
5.803056188362055e-01,-2.056196411220595e+00,2.861157007660434e+00
6.957305280323981e+00,-1.974779074861336e+00,-1.394922448412528e-02
7.072008729490323e+00,-7.552349815105055e-01,2.112836659416088e+00
3.591992956432080e+00,-1.858543848493940e+00,3.044714860594304e-01
2.196828836252727e+00,4.153315835685166e+00,-2.502578359097924e+00
9.150784018170167e+00,-4.580454287093710e+00,7.261451004083317e-01
4.267049008051277e+00,-2.654298401297254e+00,3.125258107958435e+00
6.537061048017106e+00,3.085527962274213e+00,-2.923328728064805e+00
3.332879497625596e-01,3.339581246649567e+00,2.147556279905762e+00
4.140671665768362e+00,-3.884449210357989e+00,-1.662023178233948e+00
8.172588110138800e+00,4.737634500127166e+00,-6.668581900502657e-01
3.875760004007151e+00,1.933548498991088e+00,-7.997897253722601e-01
6.031611601368768e+00,-2.274069440164044e+00,2.505716671576176e+00
2.098558004845394e+00,-4.396213518554548e-01,2.818755575343879e-02
4.165256488395595e+00,-2.028613804320329e+00,-3.319137448032081e-01
9.276377180531867e+00,-3.499777501455807e+00,1.998210691157422e+00
5.664517497010372e+00,-2.088219352510849e+00,-2.834300065908687e+00
9.019314590929316e+00,8.009193748961838e-01,-2.598371604870594e+00
9.020192994895433e+00,3.259696948354687e+00,-3.005317546735171e+00
9.441478004244795e+00,-1.364709251104228e+00,1.181131420461193e+00
8.953916600801053e+00,-1.520984594521583e+00,1.609509361226094e-01
3.281129010300643e-02,-3.199929891867734e-01,2.362616696430027e+00
9.340148915815970e+00,1.445555999643463e+00,-9.218042486730749e-03
1.374594390853764e+00,2.516162624323092e+00,-1.747859173166778e+00
3.992625111115056e-01,-1.732004952005262e+00,1.917297491214114e+00
5.538853457805282e-01,8.635246782513892e-01,-1.292301337122911e+00
3.489161951764336e+00,-1.106391587191176e+00,2.737519637707035e+00
6.208040852687936e+00,2.163998503633859e+00,-1.568132960869807e+00
4.023111965189975e+00,-3.353250794829792e+00,-2.087772711764639e+00
2.555428464937948e-01,-2.430751349487039e+00,-4.194659845065241e-02
4.764826341747147e+00,-7.393958015725026e-01,-2.824196806568717e+00
4.421307422703801e+00,3.894147899213676e+00,-2.912811016178797e+00
7.568492655016469e+00,7.332578935069023e-01,-2.504135069333557e-02
2.796128984254383e+00,4.653961189814117e+00,-1.790036260706753e+00
2.175311737943671e+00,-3.967223147189162e+00,-3.082828293441827e+00
2.559389576766262e+00,-3.982458634906516e-01,-1.281412217594288e+00
3.037398226298480e+00,-8.092146995461578e-01,-1.422051097736885e-01
5.991648733671665e+00,1.002061764059684e+00,-6.642036777867442e-01
4.715254854520799e+00,3.119646087075783e+00,-2.290412894239160e+00
3.368945651790579e+00,3.414480255830602e+00,5.006117075859446e-01
3.743141582836784e+00,1.701946087055083e+00,1.321561159593967e+00
3.709236601589762e+00,1.415363642455536e+00,1.102945084539032e+00
9.724066947103173e+00,4.490295420448074e+00,-6.675135352559307e-01
2.329969880529525e+00,-1.163125983615754e+00,-2.277050538226988e+00
8.180615602722586e+00,3.327833141884883e+00,-3.224697262346421e-03
7.082108375881870e+00,4.215037270922942e+00,2.453155066077019e+00
5.570005603550587e-02,-8.460755734803094e-02,-1.965201359828823e-01
9.931762181254879e+00,2.291025786033003e+00,-1.912092356959972e+00
7.564393706335736e+00,-1.229801433290939e+00,-2.556921506806737e+00
6.824495863507913e+00,-3.411209858045959e+00,2.789273329968510e+00
4.053247076766374e+00,8.650388147242527e-01,1.526873147361829e+00
5.552030889142896e+00,-3.035283491504681e+00,-1.175163169085648e+00
2.532708956674702e+00,-4.240086919613093e-01,-1.285838754481304e+00
3.548340514569748e-01,3.728793133283332e+00,2.483230988901175e+00
8.360216584459728e+00,-4.139818124363195e+00,-2.025898529611978e+00
8.964844936811717e+00,-4.695714643353504e+00,2.201457835733960e-01
1.624706366142399e+00,1.064778473818876e+00,1.341486924826613e+00
7.870560958457330e+00,-1.689386734051049e+00,-6.509986182112275e-01
7.411526732856587e+00,-8.206229307408472e-01,-2.890878841201012e+00
1.783750019360905e+00,-9.428941134166848e-01,-1.710541821646643e+00
4.218288025747938e+00,-4.133797709904364e+00,2.524634985483119e+00
4.227579208341034e+00,-4.964335673204054e+00,1.452607527634604e-01
7.599642583052485e+00,3.984232428642644e+00,1.981975805211626e+00
8.376609057760554e+00,-2.822014390962536e+00,3.498825842843267e-01
9.477512139137101e-01,-7.392100813571165e-01,2.787234170013617e+00
5.629692349042029e+00,4.719257966710785e+00,2.570665212205272e+00
7.617484969288853e+00,3.267625819836523e+00,-1.075176030173171e-01
7.861905940651584e+00,-3.920691447372978e+00,-1.141817973311221e+00
1.479935244304089e+00,8.519031612585692e-02,6.388038308487043e-01
5.255051431507941e+00,2.300790264950160e+00,1.098851711872337e+00
8.575587063627029e+00,1.983927849992124e+00,-1.033525988833839e-02
3.185185765852841e+00,2.608418524044702e+00,2.024965199535208e+00
4.251168989117971e+00,-4.254534511196475e-01,-1.989705579124065e+00
8.043585113363324e+00,-3.240770706697179e+00,-1.040421152865845e+00
8.931952118376230e-01,-3.512755608062736e-01,1.171037190210549e+00
8.594932898889782e+00,1.478872491732920e+00,-1.591632215068426e+00
3.111567167308090e+00,1.085920866051680e+00,-3.779666163534281e-01
1.450316591127154e-02,-4.294779462113926e+00,2.913723806621168e+00
2.341591450563583e+00,-4.350475659178082e+00,7.909020621112215e-01
8.950064089550647e-01,4.652578311552119e+00,2.821509818779817e+00
9.238490699624413e-01,-3.481945449602289e+00,1.397640556599861e+00
6.928357341425915e+00,-2.055375359882781e+00,1.411622946184282e+00
2.139763356390648e+00,2.676344821561655e+00,5.771556440893431e-01
9.347423629769825e+00,-9.032292417682513e-01,-2.248069700095247e+00
5.164445465913040e+00,-3.185351467399673e+00,1.238685428381876e-01
4.600982579549186e+00,-3.276761769021856e-01,-1.554044094965493e+00
4.342835182201517e+00,6.894997076336580e-01,3.133252066593678e+00
6.925876396716318e+00,-4.723339072192436e-01,-1.464221313969647e+00
4.522627625236084e+00,4.189460754721090e+00,-1.692150751378490e+00
1.286003562251918e+00,-2.153007049004957e+00,7.783808200824462e-01
8.801721806407565e+00,1.613321606996710e+00,6.879342235263364e-02
4.283953489256587e+00,-3.877052785901023e+00,-3.007428342763550e+00
7.400457569950247e-01,-1.077145423359735e+00,-2.327711686552043e+00
5.293659874977611e+00,2.409932515849737e+00,1.954340441992541e+00
6.473468584557034e+00,-2.751830594105345e+00,-1.024664678056730e-01
2.755824641577585e+00,8.977104565441261e-01,-2.224152001189158e+00
8.003404076738423e+00,-3.465629707909397e+00,-2.183874185057362e-01
6.697758460373637e+00,-3.972983086386289e+00,-1.551010054240450e+00
6.503411692644335e+00,2.323274892504266e-01,-1.736726070317899e+00
4.208249528677942e+00,1.750109960860287e+00,2.875972731684595e+00
9.619153014112879e+00,-3.866329337655166e+00,-8.669254655985932e-01
2.741891679492476e+00,4.177762523729150e+00,-2.849857418916435e+00
5.777055010154526e+00,-2.742277373025331e+00,2.955149639089364e+00
3.090551574726176e+00,-3.800246918407000e+00,1.852531684183499e+00
7.448047529715540e+00,-2.973010916497895e+00,-1.543066703834897e+00
4.779148387012144e-01,-3.304275434681581e+00,-5.724494855431739e-01
4.589386787504923e-01,-4.093253493870510e+00,2.276332532040453e+00
8.108609695187914e+00,2.978392347787074e+00,-8.958972803904492e-01
4.342681610636711e+00,-4.462225255888974e-02,4.235120863803776e-01
3.411800546003557e+00,-1.114805596213172e+00,2.190121713309683e-01
6.075268621753384e+00,4.506279269841331e+00,-6.201846417940553e-01
7.018993438689735e+00,-1.289916129352092e+00,8.765162997995501e-01
2.012013468444066e+00,-3.330272739528106e+00,-1.678192469503879e-01
1.854312414047316e+00,-2.259571080734037e+00,-3.008197540239689e+00
9.581507477598816e+00,-2.610334664114036e+00,1.975327322798980e+00
5.896643063845693e+00,-1.258720436695171e-02,-2.430613901969219e+00
3.901164772942681e+00,-2.084948760454260e+00,-2.256296186031888e-01
8.014416946695064e+00,1.606117218636181e-01,5.020314755876778e-01
5.251589587779172e+00,1.692934249467889e+00,1.291232620243736e+00
2.416628103745814e+00,2.772987857132579e+00,-5.604818988282685e-01
2.067353056415739e+00,2.101577812672309e+00,1.479994792838617e+00
3.968592661698217e+00,-2.944092835436391e+00,-2.316295731189279e+00
8.598958602598795e+00,-3.841002807572462e+00,9.641268143470745e-01
6.144791604425892e-01,4.245015910125094e-01,2.050447954967232e+00
2.185260007547631e+00,-3.010882087918548e+00,2.446948648102233e+00
8.931518188525914e+00,-4.150662782284868e+00,4.999310383212405e-01
1.217345689692505e+00,2.709434297941717e-01,-1.175614142357672e+00
6.296257182641684e+00,-1.732058148922046e+00,-2.115193419358626e+00
2.135113681210251e+00,2.561490119385038e+00,-9.703829747429298e-01
6.058668475118884e+00,-1.858083694515820e+00,2.511663940676900e-01
3.831041668442321e+00,4.787171370558138e+00,-1.908013474850743e+00
1.016768964309919e+00,2.585231912607081e+00,2.843235006730597e+00
5.824750675541064e+00,-4.423067785111378e+00,2.495275491654728e+00
6.830427470845860e+00,8.872740356276143e-02,-2.934516491045461e+00
6.802726189658028e+00,6.262050121411029e-01,3.893174602476051e-01
6.370344090727096e+00,1.953027106815977e+00,1.817780740115420e+00
5.002247809355458e+00,-2.203202966241768e-02,-1.599749496432439e+00
5.194726168593257e+00,-1.655640158542679e-01,1.501444562670371e-01
6.356401098079596e+00,-1.320613883223873e+00,-5.906704232010007e-01
6.902593617466410e+00,-2.285386161008263e+00,-1.906656054073739e+00
6.548767388313851e+00,4.462002119767345e+00,7.209162445527930e-01
5.869455649134517e+00,-1.824033303656281e+00,3.101959422785727e+00
1.558389848041184e+00,-4.365786754196693e+00,-8.464251068989586e-01
2.106165384928618e+00,-3.327152607065877e+00,3.291070151319371e-01
2.602240210353484e+00,3.572766360412897e+00,-1.081620935135540e+00
9.196616570875022e+00,8.663345912338389e-01,2.368438010655117e+00
7.593950917969665e+00,2.787805493770657e+00,2.290866330260149e+00
5.528668195368782e+00,3.087815461396943e+00,-2.018326329120391e+00
2.520569285440468e+00,3.232364392110732e+00,2.512952890235599e+00
1.108915232441712e+00,5.061370774460876e-01,-2.189635346372595e+00
8.987592259799747e+00,-3.228794043008951e+00,-2.541925701554080e+00
8.926660158229170e+00,-3.517672477638583e+00,9.609165303350213e-01
1.106955956956915e+00,7.398442037511241e-01,-7.168856456077934e-01
7.972166660964961e+00,-1.334856463143236e+00,1.931488451736070e-01
4.466450693099127e+00,5.804824124576733e-01,9.586304953743712e-01
3.239669328305401e+00,-1.522155762135213e-02,-2.809606497416957e+00
7.391045362087072e+00,1.021980796975485e+00,-1.300913593299196e+00
6.143295410607306e+00,-4.678882092634346e+00,-2.456328874973139e-01
7.800301075933374e+00,-4.671633193698766e+00,-1.466574557218099e+00
7.432886063293709e-01,2.215951708485088e+00,-2.833896371374763e+00
3.185870199574564e+00,-3.068727561772802e+00,-2.596987682187763e+00
3.193168504167358e+00,1.521984621920564e+00,1.895937775426212e+00
3.297530922877655e+00,4.657591079145451e-01,2.584819241054883e+00
5.024798726438054e+00,4.817944714046234e+00,-2.185082604495371e+00
2.830138030809474e+00,3.354058788830622e+00,-1.575433585897105e+00
4.443836100875197e+00,-8.686547866865055e-01,9.566112228330947e-01
3.677775931154158e+00,1.164128200931650e+00,2.854273749010439e+00
7.352960480205113e+00,-3.827105427745280e+00,-1.259214994981418e+00
6.035007956750501e+00,-1.136139570376190e+00,2.231873037276023e+00
6.536294323173154e+00,2.338877410898743e+00,3.785395749158615e-02
2.105838940826445e+00,1.226715841286536e+00,2.868642532938267e+00
3.255021653268893e+00,-1.552867562264213e-01,-2.285454227845038e+00
2.116544761207428e-01,-3.234708959473309e+00,2.976171452836939e+00
1.083747072931699e+00,3.031459261575446e+00,-3.708422184312132e-01
2.650542319888873e+00,-2.268333955884231e+00,2.845895839783859e+00
6.546372130202105e-01,3.204790816619095e+00,-2.595570212646723e-01
6.026324003547025e+00,1.116090627949935e+00,1.890116231150221e-01
9.981301159238253e+00,-1.272685720512126e+00,1.914957863428378e+00
1.008152140653885e+00,-4.593947780400085e+00,1.398816124805180e+00
8.212302126692650e+00,-2.675811556556231e+00,7.514898255357805e-01
1.188162472651472e+00,3.890709254881639e+00,-5.216298959844976e-01
6.699140187964360e+00,3.179743438957175e+00,1.837444453300789e+00
6.431576030590172e+00,7.485331293409789e-01,2.816301677985053e+00
9.027169348111993e+00,-3.367753603787307e-01,-3.079948970067114e+00
1.139456136805124e+00,1.471426793301092e+00,5.519470193391340e-01
3.154444660818978e+00,-3.375187215669850e-01,2.299525995664695e+00
9.077976035468571e-01,1.443048407191403e+00,9.620344449945915e-01
4.073833258044338e+00,-1.925959003398421e+00,1.890165972788162e+00
9.115931735574449e+00,3.384972179114751e+00,2.482242123142094e+00
7.815231510618561e+00,2.019178934652667e+00,1.576771735629725e+00
7.229001004453192e+00,-1.700243715723082e+00,1.363560547657394e+00
5.330275048627020e+00,3.306661148234411e+00,2.920084556189852e+00
8.834857423355229e+00,-1.265746914682104e-01,2.285098098910963e+00
4.494417982413283e+00,-3.253611352625385e+00,1.981577596372084e+00
1.496856671006382e+00,-4.222875379964734e+00,-2.598704328581960e+00
8.375852231207793e+00,1.996057476372204e+00,-1.639723603871349e+00
2.796383280517269e+00,3.651208042080107e+00,3.566086181333299e-01
5.363354102444806e-01,3.074419885945437e+00,1.316704972548761e+00
1.260380306687914e+00,1.556510302221518e+00,-1.236437291086211e+00
6.090589161941482e+00,-3.586249443952320e+00,-2.555194824482242e+00
6.070819639211726e+00,-4.059559240233464e+00,-1.186898813916711e+00
2.601831710820345e+00,-1.549703769882746e+00,1.702926565240441e+00
7.271801479459791e+00,3.549108903987687e+00,2.371280602472168e+00
7.736401553995344e+00,4.617362703066641e+00,2.594350136558021e+00
9.205026261336183e+00,-2.586391451529288e+00,-7.611031018113614e-01
5.849374986782370e+00,2.620956705817200e+00,-8.008637536705843e-01
7.794233641475729e+00,7.386921690720571e-01,-5.861742476596676e-01
7.530996797716337e+00,-4.681926329220572e+00,-7.803121170219964e-01
2.578090484671929e+00,4.291634993293982e-01,1.044244082392392e+00
3.102259279376594e+00,3.059404029893551e+00,-8.901811977413971e-01
4.784823957528714e+00,-2.238772166559735e+00,-3.013767929964971e+00
1.903896752924850e-01,3.973616239704610e+00,-3.831197330573723e-01
2.973977731577235e+00,-2.637395931253631e+00,-1.733203684802544e+00
4.738828733442380e+00,-4.235268673559457e+00,-2.960592068719571e+00
1.080692952811437e+00,-3.400606905604360e+00,-1.831991385219913e-01
1.262758877751254e+00,3.370028687209183e+00,-1.847541993288430e+00
4.632367357373411e+00,-8.269408096047171e-01,-2.969319346429553e-01
7.309650315859312e+00,2.969455636216577e+00,-1.396438018650714e+00
8.337489309206831e+00,3.123306098959509e-01,6.516220499702112e-01
5.463138975047485e+00,-1.944087520556863e-01,3.084273584833172e+00
4.747489875467311e+00,3.069131514924653e+00,2.967669102454042e-01
3.842805684597552e+00,-7.651238828762406e-01,9.229742667053262e-01
1.929489924376062e+00,3.020327310663683e+00,2.634387280758935e+00
1.465620028143647e+00,-3.993378350365544e+00,-7.916787240604699e-01
7.918964516618081e+00,1.363108155392565e+00,-2.095137880963481e+00
4.650066322123362e+00,2.025870565519847e+00,-1.364724920570232e+00
7.903202454797547e+00,3.990973961417426e+00,-6.107574002858649e-01
7.040830359006297e+00,-2.756760812838051e+00,9.111729641479354e-01
1.938959143833788e+00,1.042198800928515e+00,-3.112765214488062e+00
5.103072642112258e+00,-6.674343631077697e-01,2.220372222827804e+00
4.440166304226807e+00,-1.172283444559710e+00,-2.663480120158179e+00
4.238735060906968e+00,-3.932864447880426e+00,2.517390544930885e+00
5.425710492038139e+00,-3.657666694050578e+00,2.823880380173913e+00
9.820819010754379e+00,3.369884614476463e+00,3.079406674973022e+00
8.129005976707454e+00,2.497534323255620e+00,1.944709843087738e+00
9.037124316303917e+00,-1.176588697088995e+00,-2.250288097260394e+00
2.963958317603754e-01,3.284865813896308e+00,1.295385736817149e+00
1.403363667925059e+00,-4.192338151764216e+00,-1.864087307803708e+00
8.476366022456350e-01,1.247739170331687e+00,2.495227781590825e+00
2.632310050652766e+00,3.681760527142883e+00,-1.152298953346139e+00
4.418924919666505e+00,3.388642310312495e+00,-1.088272971986497e+00
6.420532476558895e+00,-1.272172400581402e+00,2.624193052387418e+00
5.008312662866020e+00,2.452338530569891e+00,-3.058459384043367e+00
9.031839149131397e+00,-7.253185448012243e-01,-1.922867380498058e+00
9.398559588938637e+00,3.401381643899494e+00,-4.905140356933115e-01
1.635209511974589e+00,3.076195015502305e-01,1.261170802557463e+00
8.529129202647850e+00,2.648570491050411e+00,9.271855663291042e-01
4.817222040133010e+00,-4.214284177083282e+00,1.064446204911973e+00
4.533294713173843e+00,9.002597160886285e-01,2.387748825314469e+00
7.849393484845681e+00,5.028417746933869e-01,-2.381136145346916e+00
9.314050904487658e-01,1.099767217351602e+00,1.392460440639556e-01
8.824931274191465e+00,1.956416079155901e+00,1.416718103265563e+00
6.708633545476147e+00,4.181089700341419e+00,8.552574006172735e-01
8.752616076579979e+00,2.856820817760310e+00,-3.247519621862409e-01
9.944775777076227e+00,-2.803620085650953e+00,-3.034058539099349e+00
5.180044523572533e+00,3.258962692920960e+00,-2.761759866285287e+00
9.326219790892898e-01,-3.779203223849044e+00,-2.394262256285322e+00
1.665238629308865e+00,1.221985856750695e+00,-9.850290799583701e-01
3.236182425543099e+00,3.827538082459432e+00,-2.402354208452627e+00
1.035529421347096e+00,-3.988779457850961e+00,-4.644385245057197e-01
8.153418261377698e+00,3.496926533102606e+00,-2.019151923097167e+00
2.968678510327685e+00,2.986207342302456e+00,1.754052950557853e+00
9.758861880198653e+00,3.775433839070708e-02,2.334125535125355e+00
7.025914319318557e+00,-1.911023977045959e+00,-6.933651565450099e-01
1.734303702555576e+00,-9.456177192845612e-01,7.119958133562854e-02
4.760426469439403e+00,4.686581357002117e+00,2.849400921836873e+00
4.668842216333211e+00,-2.983024438481536e+00,2.231018066973789e-01
4.925116583336338e+00,7.960428782989526e-01,3.110636755765555e+00
5.356911706429356e+00,-4.167592521213161e+00,-2.248557282329041e+00
3.117308231773086e-01,-2.821069358108278e+00,2.275935723765429e+00
6.863011257436234e+00,2.633163880745206e+00,-1.757405250944455e-02
4.871917752884433e+00,-1.974009596394728e+00,-2.998875683520235e+00
7.909653988686990e+00,4.857660705627346e+00,2.967064247364840e+00
8.153495732604306e+00,8.170430938400308e-03,2.921982130802192e+00
2.305351219917174e+00,1.653932530774282e-01,-7.334309418823013e-01
4.842294642677780e-01,-4.636852606642647e+00,2.853458788419065e+00
7.032338561123225e+00,4.565267495772661e+00,-2.255602941305913e+00
9.777627884638743e+00,-3.257665591155821e+00,1.131665392363512e+00
4.466579865809011e+00,3.834059881044265e-01,-1.935667263154287e+00
2.596128095935958e+00,-1.043253900412684e+00,-1.591862362194353e+00
1.566718945834810e+00,-8.441529925539424e-01,1.755128881176611e+00
2.874455973905850e+00,1.433001660361084e+00,-7.705818811037002e-01
3.279195513714498e+00,1.620886770924774e+00,-3.096809232540120e+00
4.238747434344646e+00,-3.457113851419031e+00,-5.388558730148088e-01
6.554071232145865e+00,-4.133468781077454e-03,-1.708590849170352e+00
2.731630560802270e+00,2.904774491418570e+00,1.151895819235959e+00
5.097676346867597e-01,-5.671351644777047e-01,-1.919835459336477e+00
3.732786115727196e+00,-3.341955291734199e+00,2.150442341202435e+00
8.556296161590758e+00,-1.867830568433093e+00,-1.463397764261436e+00
4.983515108518838e+00,-2.876204358949298e+00,-6.721232758395779e-01
9.647837577454098e+00,-3.741825320851629e+00,-1.268971828831539e+00
5.036215310887318e+00,-1.224188725646462e+00,9.042970643159043e-01
2.758988169218478e+00,4.093624319807514e-01,-2.505963377733841e+00
1.933139972452146e+00,-4.272484747233682e+00,-1.376056996804089e-01
6.945244967855764e+00,1.038233722281834e+00,-1.040151072715076e+00
5.363812857774364e+00,4.930244401696076e+00,2.413610006863030e+00
6.039989289954415e+00,4.641249320200837e+00,-2.680330865873878e+00
7.551267893341311e+00,3.291734819991589e+00,2.071535187835733e+00
7.259034642648929e+00,-2.336588871975970e+00,-2.088025147156197e+00
4.336330016822698e-01,-4.775924035206327e+00,-2.585042802173549e+00
8.025719052950283e+00,3.335417028828511e+00,-1.870360644124729e+00
5.327033070517114e+00,-4.442797680212868e+00,-2.496604945275016e+00
3.917085308147726e+00,-2.943719185292296e+00,1.318460350302129e-01
5.375194262680703e+00,4.445321544678436e-01,3.067545018905811e+00
6.124514484573250e+00,-3.216219608563564e+00,-2.925907540344907e+00
1.495063098737970e+00,3.337883312986419e+00,-2.442377844217778e-01
4.174153953264450e+00,2.771596962598291e+00,-7.158412342012888e-01
3.355862101881838e+00,2.557695057372498e+00,-1.007782621372866e+00
3.504089448180384e+00,3.161276158975765e+00,-1.056432092527330e+00
9.133493840730822e-01,-2.802982197353879e+00,2.481938348583893e+00
1.598434880002304e+00,2.288923761497493e+00,-3.022361985413516e+00
1.618320675862214e+00,-1.447184974082353e+00,1.727350605889777e+00
3.732247432216478e+00,1.668447595683995e+00,-1.552366620818073e+00
8.944915448747915e+00,-3.779782713688252e+00,-7.332759317129125e-01
2.060273719209427e+00,2.055865800645149e+00,-5.017128943668259e-01
4.161925076748045e+00,4.721077279007796e+00,-1.226906573762585e+00
3.116094152991379e+00,-4.563996346812838e+00,-2.553744987549176e+00
7.873833125513380e+00,-4.061710988329152e+00,-2.423230744067318e+00
5.012643232081615e-01,-3.763632326619861e+00,-1.268379555140788e+00
1.965433955358904e+00,-6.943609505869874e-01,2.021985912818551e+00
2.106415423547944e+00,-2.092198150669463e+00,-2.295702163655852e+00
9.929628003132313e+00,3.069201535406936e+00,1.524551034559019e+00
5.707750179663035e+00,-2.621276079903847e-01,-1.326570613950750e+00
1.389582643835182e+00,-1.546265731144754e-01,2.409381246114875e+00
2.721991392765655e+00,2.170381013253538e+00,-4.503254703058532e-01
1.678220941229243e+00,-1.380310174642543e+00,-2.062623254579526e+00
1.246045696194480e+00,-1.467927525795365e+00,3.052650710509104e+00
7.971820284078925e+00,2.569263876274804e+00,-2.031765237623683e+00
4.957526286603549e+00,2.800417458367647e+00,4.248678672407054e-01
6.312101368487814e+00,-4.856012274671805e+00,4.353397811598505e-01
3.312512469919961e+00,-3.562095241592670e+00,-7.991366548306527e-01
5.536950860673294e+00,-2.869018188515202e+00,2.836786491063891e+00
2.575690325236971e+00,-1.483995312421237e+00,2.160627598058202e+00
3.080362749282348e+00,-2.085519165680469e+00,2.072317418679266e+00
6.522379443667329e+00,1.685200483882765e+00,2.979184474061260e+00
1.503501259192302e+00,3.281352338029581e+00,-2.694899760601106e-01
6.172218591674619e+00,-3.079130176439758e+00,-2.530956416147173e+00
8.522348164231273e+00,6.298006060194838e-01,1.667908770489904e+00
1.204232261807691e+00,-1.321837489189640e+00,-7.488766495882437e-01
8.974612805699790e+00,5.777875046061887e-02,-1.945618792485059e+00
7.944568029889498e-01,1.207578417833939e+00,-1.052600469347262e-01
3.489092269558730e+00,3.935998186820111e+00,2.674870989846386e+00
6.105093152379945e+00,-3.077073321727193e+00,-2.064924749434987e+00
5.594147601185369e+00,-4.129934129439397e+00,2.190939272482444e+00
9.639107249443346e-01,1.272119190453525e+00,-5.139335090437913e-01
7.989131677858531e+00,-1.058691512273735e+00,-2.282040458442746e+00
9.731532931452527e+00,-3.370973067070114e+00,2.188950573702899e+00
1.812282891837701e+00,-3.829128326451553e+00,2.950711627726649e+00
8.951309698154628e+00,5.890978687402981e-01,-1.311484771443568e+00
5.568094421117506e+00,-1.995294054718044e+00,-1.234418399713126e+00
9.359337712453273e+00,4.974263795859779e+00,-6.877198711752772e-01
1.760859584167611e+00,-9.409918066928604e-01,1.973739290519112e+00
7.920213931794246e+00,-2.877133912348173e+00,-3.076139476094169e+00
5.978157544533114e-01,1.288490451172778e+00,-1.734432138265912e+00
8.831964468027264e+00,-2.557451103094931e+00,1.293706667894321e+00
6.741594221996337e+00,-5.913956768838879e-02,-5.928848182867346e-01
3.702547839224301e+00,-1.742381627899263e-01,-1.066284048330726e+00
1.904668234978502e+00,-4.644237028426277e-01,2.339122377663526e+00
8.165330985672048e+00,2.960856962695749e+00,2.622186355250510e+00
6.032413213948116e+00,-2.833869985338161e+00,2.814780430083973e+00
3.604158529480014e+00,4.043073050704701e+00,-1.429107151352347e+00
4.438358248025162e+00,2.913405032135343e+00,2.591893167282427e+00
8.265426560723766e+00,-1.668776357566762e+00,1.488898491770161e+00
3.389271933568677e+00,-3.193974937198615e+00,-2.172632811735948e+00
8.963267810992870e-01,-2.204649754932587e+00,6.928470216884239e-01
9.112821722034727e+00,-1.673637530909216e+00,-2.976126103852877e+00
3.873437396580346e+00,5.693316880704664e-01,1.309278566676679e+00
3.483875111152135e+00,-4.536318311863498e+00,1.467548026554711e+00
2.043996188759394e+00,4.143591298520532e+00,1.817967466005341e+00
8.974225712283456e+00,-4.013251433388890e+00,-2.057585768407347e+00
2.175053336878339e+00,-2.207266058999652e+00,8.058181446081760e-01
6.366728680013837e+00,-3.907125620470334e+00,-2.017802959389825e+00
8.807650116081030e+00,-2.433271734743399e+00,2.806385241401406e+00
3.491361460321740e-01,3.376738186088083e+00,1.099624612851541e+00
8.287917053001957e+00,1.151758113832423e+00,-2.542642686016276e+00
4.105994216897745e+00,-2.726767749105194e+00,-1.966434494048174e+00
6.579745752652118e+00,3.717585297993377e+00,1.027050086878964e+00
3.724045632255539e+00,3.007120592184847e+00,-1.465835957537367e-01
6.955162563474939e+00,2.536492823215806e+00,1.484702024457017e+00
2.542949145576991e+00,3.476326983857129e+00,-1.377344597759489e+00
2.193054243539627e-01,1.196496815183151e+00,9.922251472635439e-01
9.477875147879535e+00,1.437360211232352e-02,-2.029719125864908e+00
1.636776404008278e-01,-1.260649738286106e+00,2.746396845229935e-01
8.240992896335070e+00,-2.762359795923016e+00,2.876439667259689e+00
1.691375933224738e+00,5.741165764689482e-01,8.056440459844936e-01
3.922202286020279e+00,3.894923457140884e+00,-2.827473490630146e+00
8.224923765060558e+00,9.398178899232503e-01,3.070983082532459e+00
2.059321503123454e+00,4.196068617206368e+00,-2.155972435948851e+00
8.657076055250357e+00,-1.430826304068364e+00,1.370168582016287e+00
4.977589391019014e+00,1.951379725274976e+00,2.043922634901341e-01
3.661534627172766e+00,1.486654724626412e+00,-1.292069904966514e+00
6.624377467363361e+00,1.704338440627419e+00,-2.027518016741531e+00
3.413897219809575e+00,1.450420122407926e+00,-2.025055769315259e+00
3.472883589963570e+00,-2.783453250628832e+00,2.251891611064962e+00
7.335263909383032e+00,-3.564091017168511e+00,2.343078429855021e+00
3.098322245391079e+00,4.786282562320586e+00,-2.189971464170180e-01
2.007726483544251e+00,-4.547048711574988e+00,-2.490519800231143e+00
8.076461279965720e+00,-3.226351297172965e-01,2.413780536021270e+00
8.053710337272317e+00,-7.491968285813808e-01,-8.157782330024332e-02
4.975857037068693e+00,-1.399810417849237e+00,-3.847670448898843e-01
5.266556161629551e+00,2.819838535767095e+00,-5.820929828669419e-01
6.960766257676386e+00,2.453502883125159e+00,-8.481409594853373e-01
5.092742917624334e+00,4.052249235299403e+00,1.633967698607939e-01
4.170399589692325e+00,-1.045124738130778e+00,6.568518990411913e-01
9.948941932967458e+00,6.417952792945965e-01,-2.109126853047991e-01
1.476404278525589e+00,3.923070473421205e+00,2.492213912740502e+00
5.927279792398607e+00,4.938480628553844e+00,-1.145668289832639e+00
8.858630260756602e+00,4.692943623653550e+00,4.920479079406563e-01
6.872150411811147e+00,2.178438712687342e+00,-1.256926589396027e+00
8.809232990882384e+00,-3.567724421898204e+00,1.591845147066850e+00
3.363347203546726e+00,-4.768139882069734e+00,-2.499946862737596e+00
2.719929762602392e+00,3.252183564029419e+00,-1.955961889445832e+00
8.512723869021046e+00,3.409420244918254e+00,1.892504273354793e+00
3.941145761854605e+00,2.463609082634695e+00,-1.990528214995754e+00
7.096823230573113e+00,-2.200765140007799e+00,7.900875948423089e-01
1.477485784141143e+00,1.398178595985266e+00,2.954626747801861e+00
7.558381253766747e+00,-1.837515581847258e+00,1.438259680866389e-01
5.489826490248694e+00,-4.935175389907531e-01,-1.964146055328202e+00
2.686116399104609e+00,-1.175649150194895e+00,-1.126631387149756e+00
4.945039639589051e+00,4.136400867900555e+00,2.032347033465840e+00
6.969436258397035e+00,-2.658426692561244e+00,-9.320419711650172e-01
1.188640884738368e-01,7.761090457375017e-01,1.404363287043866e+00
6.374670588141295e+00,-1.390184709661408e+00,1.742641840058147e+00
5.415907782732744e+00,1.630711119142258e+00,7.432048431453175e-03
2.202861677467326e+00,6.456314117747493e-01,1.779482175447500e+00
7.529810739761968e+00,4.239776813659406e+00,-1.150432352365369e+00
3.034609846332011e+00,-3.983878482987868e+00,1.015340548177339e-01
2.768609315465648e+00,-2.793591602432366e+00,1.172180143122683e+00
4.712183489993227e+00,2.663479638310559e+00,-2.085557923915480e+00
6.761496784223647e+00,-1.312131601051566e+00,-1.422375128412447e+00
9.288459758762544e+00,-3.342162137712761e+00,9.552741525964850e-01
1.413572431321040e+00,3.321259245387687e-02,9.761564222347099e-01
3.964681207517336e+00,1.521420616113862e+00,-4.208071340362984e-02
6.698959251262993e-01,-4.551732858465014e+00,1.857217570750856e+00
7.585507474717424e+00,-2.083781106325553e+00,-1.127523760582352e-01
4.477328896813607e+00,3.094225376960429e+00,2.395918455348004e+00
7.069291351881851e+00,2.024456661019425e-01,1.482224970767863e+00
3.221944239762873e+00,-4.646207848266800e+00,-1.164306512237351e+00
8.443172414063234e+00,-2.180489947252991e+00,-6.581384748757984e-01
5.348280782401147e+00,1.391406559794214e+00,1.053606520238735e+00
9.436078218236551e+00,-3.006405304219752e+00,2.478418898970270e+00
7.881463914403419e-01,3.273914062194143e+00,-2.018732570002423e+00
5.142768245420744e+00,1.765759070836642e+00,9.213373117486823e-02
7.664552459976987e+00,-2.862093905220684e-01,-2.395248122802640e+00
6.001526480736147e+00,4.156237810667848e+00,-1.385724127666756e+00
2.319414042684276e-01,-1.081992290753383e+00,1.168555344120588e+00
9.723386783438809e+00,-2.649265894359147e+00,-2.653171535539579e+00
2.982636930758984e+00,1.614029925267008e+00,1.020129056218520e+00
2.492778663663820e+00,7.329518747014854e-01,2.518370546077670e+00
4.856598756065795e+00,-1.647520990687749e+00,2.949140516153833e+00
5.421581075233489e+00,-1.563354386760229e+00,-1.780452391044300e+00
7.662881375898253e+00,-1.017896913658982e+00,1.563871983945628e+00
3.932736576589892e+00,-2.088614325206307e+00,2.678964538722152e+00
4.399603764622122e+00,2.102414063609225e+00,-2.567502342133492e+00
5.349599159338309e+00,1.513584050512053e+00,-5.402055999049451e-01
3.943870997416407e+00,-5.922234745360733e-01,2.635229284898809e+00
9.145480791011559e+00,-1.021453242207628e+00,-1.867441224075339e+00
8.512519666342522e+00,-1.349487306402949e+00,2.725398755207938e+00
4.549736950778783e+00,-2.165316786077465e+00,1.708528215305125e-01
1.948623373171365e-03,-4.143033368429406e+00,-2.513945905100945e+00
9.009344955292807e+00,-2.317953144774995e+00,-3.149301069181645e-01
1.243365734394652e+00,-1.787986513069350e+00,-1.091633103928276e+00
2.445124151940462e+00,4.768400626534328e-01,-1.368451618385722e+00
1.523612843653982e+00,2.737885090780497e+00,2.605987274283774e-01
1.798155699810238e+00,-1.042978551659683e+00,-1.030901643982016e-01
8.028775378898347e+00,4.447569058520918e+00,-1.133036777217531e-01
5.795014416659242e+00,3.273499634411625e+00,-2.587781823773325e+00
9.560951631253484e+00,4.848018478837451e+00,1.899521153122963e+00
2.314535123237165e+00,3.762030410414818e+00,-1.166202210476612e-01
4.856349081312340e+00,1.167259493093792e+00,2.016310787887905e+00
9.774283690824699e+00,9.847928781671893e-01,2.039488282582155e+00
8.264435142747697e+00,-3.704738732457829e+00,-1.148972640116943e+00
7.286156791204911e+00,2.223992488915677e+00,-3.114284021365264e+00
1.889752013707919e+00,1.002068575926714e+00,2.583932798245965e+00
7.694054009097161e+00,6.932103395984690e-02,1.637993065259156e+00
3.475651225959178e+00,1.932868725572886e+00,-2.467708734310300e+00
5.305368970467576e+00,-5.595215716200634e-01,1.267488336109203e+00
6.091612130395402e+00,2.385966240828621e-01,-3.015782746087773e+00
6.093637115242540e+00,-1.016476951967436e+00,-2.967177277721319e+00
7.265234719135164e+00,2.173708933706898e+00,1.622521996249420e-01
6.617020926422056e+00,3.766109705478883e+00,-2.538171689272681e+00
6.837087931058983e-01,3.408449391326027e+00,2.917512415664106e+00
4.573470259491073e+00,2.860252720494688e+00,2.474514576797443e+00
6.640216067199792e+00,-4.862122954554491e+00,9.412967535754388e-01
2.959929821657287e+00,4.118804638774593e+00,-2.741297384082970e+00
3.130566872163897e+00,-2.251242792766060e+00,-1.100592534482549e+00
1.245675477546155e+00,3.879739429633759e+00,-8.059881748057900e-01
4.186149859748554e+00,-3.030318969106235e+00,-1.201355345919759e-01
9.868304343061746e+00,-6.035424857526275e-01,-2.080344597292048e+00
2.853193612880374e+00,2.493987943269137e+00,4.870200151586936e-01
5.314368926860981e+00,1.402789452771725e+00,-4.035649213464327e-01
7.432372527790844e+00,-8.407806197057006e-01,2.810449708336054e+00
1.349727088427066e-01,1.786238567402783e+00,2.740695457843002e+00
9.004395595982990e+00,4.894951004663950e-01,4.113849941950467e-01
3.865501847249385e+00,-2.242636933644677e+00,9.069736269968605e-01
8.691159867109823e+00,1.463294454971398e+00,-2.275791911892569e+00
3.894765889947804e-01,-2.957529136554766e+00,-1.738411360557470e+00
1.456635518636759e+00,1.939882842591655e+00,2.517769140041967e+00
3.225294544775592e+00,-4.968891223767572e+00,1.251396400429345e+00
3.454617730632787e+00,4.877251376176970e-01,-1.951367621284630e+00
8.477942230280165e+00,-9.893237244385897e-01,4.411443635318557e-01
1.120111538823521e-01,-1.968962261980527e+00,2.731685501206329e+00
6.411117764696796e+00,1.570796723463754e-01,-9.728186308903952e-01
1.313124361785503e+00,1.453116325358881e+00,-1.974048800353683e+00
8.232156507110494e+00,4.653122662134649e+00,2.777326725277234e+00
7.785732659579123e+00,3.330644898880976e+00,-2.433769190915775e-01
4.999210274112006e+00,2.171498830838107e+00,-5.199838580536542e-01
2.126872255123752e+00,-2.103308832085364e-01,-1.460418355168800e+00
6.344953909655563e+00,-1.078558803356457e+00,2.460402971719481e+00
1.562583176576456e+00,-4.674703454140028e+00,2.171574191635490e+00
1.900237925926535e+00,-1.409030969409518e+00,-6.095292969143471e-01
6.266899022253577e+00,3.483771386726165e+00,-2.949243743135891e+00
9.912284460886244e+00,-1.159754180237100e+00,-3.351989480028732e-01
8.910608372525463e+00,-3.841500093785353e-01,-2.005228221128360e+00
5.931073576836771e+00,-2.281655759750953e+00,-2.244768041196402e+00
5.385367687674237e+00,-2.258672411866333e+00,-6.717126469823129e-01
9.983848800081086e+00,-4.381282391082516e+00,-2.519073896585679e+00
5.473971476338937e+00,1.138039256198008e+00,2.874334268509191e+00
4.201165219594439e+00,-5.193059695465365e-01,-2.842895165106304e+00
9.095555357753414e+00,1.059608074907946e+00,-6.197129079699657e-01
2.341842958692882e+00,4.688690002885281e-01,-2.119301426745829e+00
9.752599029680897e-01,2.988445872971748e+00,1.186336521258641e+00
6.340900343618303e+00,2.510119123114727e+00,-2.646405713847328e+00
9.584963376874900e-01,2.714538531378794e+00,2.940880961617949e-01
3.731485369529601e+00,-7.609930583244662e-03,1.715947302021591e+00
4.235773855817206e+00,-1.461186486460695e+00,2.827809342931361e+00
5.475380670492331e+00,4.334365905329529e+00,1.247385466719583e+00
9.916595457479623e+00,-4.457302262834460e+00,-2.516467503834706e+00
2.209817233331808e+00,-3.473786921497697e+00,-2.585401636242442e+00
3.757563785069120e+00,-8.040090782336033e-01,1.455173455745840e+00
1.322401244106580e+00,1.139576525680112e+00,-1.788638099868276e+00
6.076135260332347e+00,-4.917996251932784e+00,-3.315052007922081e-01
7.276731823078335e+00,2.193228193111420e+00,2.994698701102611e+00
4.820768232358788e+00,5.872654278991476e-01,2.010033695398093e+00
2.458312682899710e+00,-1.529724132307475e-01,2.177710290154665e+00
6.208882691817477e+00,-7.650496117213184e-01,2.266784164660043e+00
5.391577233688495e+00,1.948703174062452e-01,7.511255245935589e-01
1.711857234037177e+00,-3.382142655182524e+00,1.532682046335388e+00
4.056819005021302e+00,-3.912882607230175e+00,-8.861747089078937e-01
4.351970916351950e+00,-2.103625212481615e+00,3.131830007221643e+00
9.826177537714329e+00,2.095047919853247e+00,-1.384674745654050e+00
8.492858321555218e+00,8.828788383549639e-01,5.655331939740611e-01
7.343707882735938e+00,-1.987698238098732e-01,-1.369346860643656e+00
8.887770255029475e+00,7.152096589596031e-01,-2.437429475350561e+00
7.354844058287150e+00,5.925801303934319e-01,4.246541987995491e-01
9.034018551257333e+00,-1.929580745100746e+00,-9.214374764922284e-01
5.455311487950798e-01,-4.025440527552742e+00,5.228820789771969e-01
4.560662092669165e+00,3.967823686630506e+00,3.686877424291630e-01
7.468983352418336e+00,9.991126262391461e-01,2.655068596842938e-01
5.832957966100135e+00,1.977479996808516e+00,-2.366868855188282e+00
1.751661641507867e+00,-3.600277563304486e-01,-3.758552796886967e-01
3.404920865285343e+00,2.564805799765626e+00,1.960378567812638e+00
3.177743750266913e+00,8.449726397866719e-01,-1.161487672730522e+00
2.613469131843360e+00,-4.461988779028098e+00,-3.529170606752907e-01
3.431355535139661e+00,3.900970353936911e+00,-3.875726106835620e-02
5.148532884611210e+00,-1.944638532121131e+00,2.279108053730416e+00
8.548690247832759e+00,-3.621092225786645e+00,9.776621838014563e-01
7.420326623937563e+00,-4.119589922956842e+00,-2.512001558957831e+00
8.352497040162337e+00,2.204403138421108e+00,2.294436972618395e+00
8.836037445630863e+00,2.039683668043598e+00,2.086432058163324e+00
4.161504560976073e+00,2.001621248132706e+00,1.593704698525897e+00
3.460262840267472e+00,4.157527726815660e+00,-2.132637605956380e-01
5.762338168416181e-01,-1.510569780023485e+00,1.618205369449953e+00
9.304916218764344e+00,6.113305635892319e-01,-1.335675596639718e-01
6.582301793814394e-01,1.194955829943495e+00,1.486749514217334e+00
7.411355153704704e+00,4.794818285664626e+00,2.388302603665048e+00
3.781083044655872e+00,-1.876538562814082e+00,2.453845149535192e+00
9.487807744991862e+00,4.563311999039405e+00,-2.853912352965327e-01
4.196020209341290e+00,-3.512656669176186e+00,2.257816643147216e+00
8.166083513547164e+00,2.640014560278420e+00,-2.504117131078802e+00
2.826548321636766e+00,1.328859000204128e+00,-2.501842385651266e+00
2.990887172438467e+00,3.168960372719875e+00,3.032701713801682e-01
5.955194098784342e+00,-4.713144263601529e+00,9.540678756587191e-01
9.979826337074737e+00,-4.218689570609442e+00,-2.180304408272368e+00
5.175724179791963e+00,-4.303042204308541e+00,-1.747979337213796e-01
9.363086363932906e+00,9.295945549728781e-01,-2.548694525622517e+00
7.862498282487278e+00,1.029360675755379e+00,6.415099874991541e-01
7.958643141772349e+00,4.061048893549762e+00,2.231121634392582e+00
4.359599891287641e+00,-3.239648548155500e-01,1.493129722539074e+00
3.865422501728006e+00,-4.319509449950361e+00,-7.647167295360400e-01
1.919218080908154e+00,-2.904705983774845e+00,3.102597927806787e+00
9.639412669836535e+00,-4.919269051821571e+00,1.023750650157682e+00
9.593936124438201e+00,2.767145251284050e+00,1.980764331400351e+00
7.470677343101828e+00,3.155994368807745e+00,1.066240130498178e+00
2.962524498526695e+00,4.979404162841361e+00,3.075093249252961e+00
2.451795403422822e+00,-8.780555094690570e-01,2.019162967701363e+00
9.886102423869630e+00,-4.807016245984075e+00,1.220396772987797e-01
6.654281510817750e-01,-2.652701185096278e+00,-8.364203748641792e-01
8.435642921413089e+00,8.776886766329586e-01,1.144512546139814e+00
3.554580004824746e+00,4.619429670527364e+00,5.668803434833642e-01
4.188697197272205e+00,-3.964214485292057e+00,8.127337330192685e-01
8.319776487488372e+00,-3.784269798392572e+00,-9.863861634859732e-01
9.060301600535803e-01,2.017589852789429e+00,-4.478125406905749e-01
3.541696785202571e+00,1.672070550215495e+00,3.650315457503894e-01
9.520242771695731e+00,-2.494936446881669e+00,2.131780485925231e+00
6.990659127712564e+00,3.131447910145189e+00,1.651905449214359e+00
7.549391648058904e+00,-3.712212445225368e+00,-2.396055831436057e+00
7.575053009554765e+00,4.257418447767598e+00,-1.598729797752448e+00
6.057008316394452e-01,-2.989680696675786e+00,-2.974097227967760e+00
2.032075932604311e+00,-4.186476272769950e+00,-3.091574929911585e+00
4.912632560812118e+00,-1.604779135261454e+00,-1.731800001716653e+00
3.681502324753751e+00,-3.121587114654551e+00,1.880688982663285e+00
4.109122931328535e+00,2.694122503603289e-01,2.543104538956654e+00
7.814473786256726e+00,1.868465373717260e+00,-6.800394131579655e-01
1.467923506773527e-01,-9.078421521708790e-02,3.970884936334524e-01
6.604919263212388e+00,1.606073318109776e+00,1.294666681112172e+00
1.102318018224580e-03,-1.350794856000156e+00,2.845885213820867e+00
6.305852557624370e-01,-4.720774027613600e+00,2.594529766248017e+00
4.082861198376239e+00,4.740641242251492e+00,-2.782242813300150e+00
8.409485198048214e+00,3.194135045399953e+00,-1.582320673793407e+00
1.449957655644605e+00,-4.265811759153719e+00,-2.832808377082583e+00
5.546214091286116e+00,-5.082360384366558e-01,7.322576272215451e-01
6.785052268267442e+00,1.350190700718747e+00,1.322568513320388e+00
2.295328841721606e+00,-3.094057294273621e+00,-1.204590846624175e+00
5.123302552695829e+00,7.798861136277146e-01,2.223317110100075e+00
9.114072831381923e+00,3.364861811768707e-01,-2.964862333006937e-01
5.122285253655328e+00,-2.917348114652953e+00,3.131423413027450e+00
1.573230617876480e+00,-3.587896907225467e+00,-3.139081310985158e+00
6.278142966875447e+00,2.589622896186374e+00,-2.453648526366941e+00
5.922001800085140e+00,-1.774135538503663e+00,-1.245369783772383e+00
2.695475979813122e-01,-2.559594661577567e+00,-2.981323688905579e+00
9.059440574756661e-01,2.378783528059887e+00,1.773991132498029e+00
1.567813551410108e+00,2.360686920229820e+00,-2.810017731403323e+00
1.362890775618699e+00,-2.235983436637708e+00,1.564385173698737e+00
2.594657705609331e+00,3.725684612518537e+00,-2.811295285702221e+00
4.541053232355679e+00,1.882501650723424e+00,-1.553660417598090e+00
3.717162978989844e+00,-1.542357821784619e+00,2.144305473826710e+00
8.906498914045969e+00,-7.251034981534108e-01,2.834315324892321e+00
6.121094094063371e+00,2.267096859306178e+00,-5.370468279463720e-01
8.761443499618430e+00,-2.884161671045080e+00,2.952713595839814e+00
5.270393249175989e+00,-3.123920752477591e-01,7.972163559210479e-01
8.987047068933995e-01,1.535583422580996e+00,-5.288235221099740e-01
4.632874490664348e+00,3.949854800871320e-01,1.902556955413448e+00
8.220325468423649e+00,1.083283459044933e+00,-1.285988835053791e+00
1.941037671671081e+00,4.621249947677963e-01,-1.471545489508004e+00
9.121427875264976e-01,-3.007725562099799e+00,9.836180634407592e-01
3.294347383382601e+00,-8.979465502737858e-01,-6.880881982325420e-01
3.888978306401396e+00,3.198549547754572e-01,-2.287594503708259e+00
3.062576764059044e+00,2.800627423459461e+00,-2.720843954309721e+00
1.352407856245560e+00,1.539042371695426e+00,1.808568245865152e+00
2.508398597217145e+00,-7.340905481406521e-01,1.105279725435700e+00
6.822824046021103e+00,4.743998321591455e+00,-5.541880992189441e-01
3.859285162931640e+00,-3.922044783202749e+00,2.489571655605297e+00
6.325494446185558e+00,-2.931951314450316e+00,-5.601035432869308e-01
5.363037799187325e+00,-1.586873899683360e+00,1.321325416477702e+00
5.490529398576690e+00,-2.714279230120899e+00,2.570547086125195e+00
2.485495579477960e+00,1.254419968060113e+00,2.140778364085845e+00
5.215430327681815e+00,-4.604492706637448e+00,6.977336753635788e-02
2.359471386320178e-01,-3.225632157265841e+00,1.134971926963236e+00
4.317437423249261e+00,-2.066527623413956e+00,-5.424539231733569e-01
5.726228231899151e+00,1.833457750793165e+00,9.248671102167592e-01
1.819956213541093e+00,3.758648825811280e+00,-1.523342957149725e+00
2.565585062489514e+00,2.984917705530544e+00,-4.100273919407398e-01
2.195310198156194e+00,-3.179190667497451e+00,-1.824977953907809e+00
7.055795526542419e-01,6.540575844106913e-01,-2.901669519958309e+00
3.478573211400900e+00,-4.699773546553128e+00,5.563122882350551e-01
9.789657664519394e+00,-1.894632246471388e+00,2.289777108213207e+00
3.538804064636101e+00,3.059837948283267e+00,-2.980879614294352e+00
4.605366218369756e+00,-4.333428625666045e-01,-1.909901466869257e+00
6.530872509563752e+00,-3.500586777241654e+00,-2.501646505983235e-01
6.484977511691072e+00,-6.144661851168731e-01,1.042360442091109e+00
9.498949800186242e+00,-3.019670745377717e+00,-2.065727899762955e+00
8.575641403991252e+00,-1.068085421360372e+00,-2.785368537208507e+00
7.939506871051522e+00,-1.216652725215663e-01,1.196866233422016e-01
9.516272257783106e+00,-1.504418874889716e+00,2.002512186337104e+00
2.307653854831716e+00,4.369689504338609e+00,-2.920205189095983e+00
6.170541946217925e+00,6.253029755638195e-01,-9.464396563165538e-01
8.871967667221563e+00,3.428926739468967e+00,1.027393429426333e+00
6.241381582781019e+00,2.607285470555802e+00,-2.320116401815588e+00
9.774204746068696e+00,1.611663092677765e+00,-1.659095331740844e+00
1.003527139063790e+00,-3.111251697417750e-02,2.230068579508258e-01
4.393305027932003e+00,-4.978262162184125e+00,2.847738735343734e+00
9.773629079086362e+00,1.134676005520838e+00,-1.336165736514112e+00
3.795680285699258e+00,-1.440425469975023e+00,-7.836752372867251e-02
7.395563750993044e+00,-3.822378331986812e+00,-6.287529308957893e-01
3.040290107864918e-01,-5.537373638792236e-01,2.496916930821463e+00
6.948371146303130e+00,2.355533222833047e+00,-2.689895316174349e+00
9.346267325275784e+00,4.616777946987039e+00,4.156175740176100e-01
3.827062851900027e+00,-1.258951088779180e+00,2.174734208475674e+00
2.129983792692947e-01,4.272329870497673e-01,3.066933188375776e+00
2.790980439548385e-01,3.512443833635849e+00,1.248629126190973e+00
8.920233057110890e+00,-1.660005800499852e+00,-7.543876552055990e-01
7.225161070962618e+00,-3.577427550291846e+00,-5.540239326097707e-01
1.066863842265798e+00,-2.181181687673109e+00,-9.319080977057563e-01
5.459027705119657e-01,3.991228298083879e+00,6.510203063383817e-01
8.048253636154794e+00,-3.406068915381622e+00,1.504230821030919e+00
8.098606328053590e+00,-1.707789389932179e+00,2.007273901662431e+00
1.205218397920490e+00,-3.535968949965937e-01,-5.240609477562339e-01
3.015204038886368e+00,3.471132234909200e+00,1.361619677334890e+00
7.800260645738896e+00,4.377132836529746e+00,2.615203674757694e+00
5.254120709540063e+00,-7.418969036674516e-01,2.644120165389541e+00
9.565848607252994e+00,4.319540483535157e+00,1.281952032095146e+00
4.810626453460049e+00,-3.385409051422454e+00,8.601818464003941e-01
6.769579375655126e+00,-3.431477081036296e+00,1.980841745317563e-01
5.097833657415842e+00,4.492508196347979e+00,-1.990527756558282e+00
9.429654956850458e+00,9.680133528331147e-02,-2.364804636807711e+00
3.986590920676089e+00,-3.140921646460461e+00,-8.978039219535461e-02
2.297964551786000e+00,-1.200962942443820e-01,-2.139775473991438e+00
3.266338602809932e+00,2.832111553790515e+00,4.838048016194922e-01
8.527752041652292e+00,3.269203657235236e+00,9.154772542445642e-01
4.979385635121334e+00,3.639692566492423e+00,1.609475459725456e-01
3.542523035022390e+00,6.957090308741858e-01,-2.912716868741684e+00
5.442600218094828e+00,3.669460143678803e+00,-2.778877191029511e+00
1.332297072768424e+00,1.003020880325467e-01,-2.429448987300756e+00
5.359304625596084e-02,1.070599023910773e+00,-2.176207589177281e+00
2.805846836934908e+00,2.587198022716453e+00,3.078023241078206e+00
6.050057197835423e+00,-7.456470728949149e-01,-9.770666252388382e-01
7.116807696613873e+00,-4.264185128612253e+00,-1.307069842239208e+00
8.266109663519666e+00,-1.498336431423024e+00,-2.813191696328600e+00
9.266635593944697e+00,1.239442167959604e+00,8.502430905175413e-01
4.121123469647681e+00,-3.076676303605232e+00,9.562429050249888e-01
7.405167995574546e+00,-3.516146365003600e+00,-2.039216025065215e+00
7.467293019806254e-01,-2.069194554085624e+00,2.634172290096858e+00
5.752999877208009e-01,-4.678885377221786e+00,1.888056636868789e+00
1.247979919861566e+00,2.434228980869197e+00,-1.694453706265218e+00
4.485690978307623e+00,-2.412843978116612e+00,-8.890876279784976e-02
2.112814384987499e+00,-3.757616033634005e+00,-2.614379609757087e-01
2.869249419378158e+00,1.991294159634353e+00,-9.517741184464223e-01
6.478801735123026e+00,3.429280125432879e+00,1.995757760676100e+00
3.585221788028460e+00,-4.801244041382215e+00,-2.455063642938442e+00
5.573715577180222e+00,-2.664002292587751e+00,-5.320963240413472e-01
4.124037567365923e+00,4.452323248695834e+00,-4.521937431074852e-01
1.689692555198196e+00,-1.147458640672248e+00,-1.965028215791111e-01
7.401999025589412e-01,4.385920633819312e+00,2.270428954820377e+00
2.362314953098879e+00,-2.257874616293226e+00,-1.770809780226364e+00
5.770046949104435e-01,-2.819323644280680e+00,-2.494907282009186e+00
6.186119598898069e+00,-2.858915882720041e+00,7.402124026589982e-01
7.957176014661004e+00,-4.147713395750618e+00,-2.049358434526450e+00
3.397407682374008e+00,3.964322885091256e+00,-2.670780472711727e+00
3.871110553523582e+00,4.798350226329012e+00,-4.608765395781274e-01
8.161910627593066e+00,4.545088072716378e+00,-1.761513426447485e+00
2.226129123735603e+00,3.520281398272740e+00,-8.720017012093901e-01
1.191602651948742e+00,3.468879076509753e+00,-1.509779810978292e+00
5.011181173310865e+00,1.610854671689877e+00,-2.559540592096938e+00
6.461901695332371e+00,3.262137119506136e+00,3.791726587427284e-01
5.996544250464792e+00,-2.916576356569522e+00,-2.971830926340861e+00
7.138730452741808e+00,-1.120873696128715e+00,2.930322734149177e+00
5.675118217302388e-01,1.408362932947479e+00,-9.969497345327110e-01
4.282016127583729e+00,3.747713325615964e+00,1.226210802495281e+00
2.385705239456931e+00,1.604694623687837e+00,1.950067440684188e+00
7.591212595460242e+00,3.390219583342059e+00,-1.387925503092298e+00
8.727304840603496e+00,-2.605048415070250e-01,1.562871402407198e+00
2.813357408064149e+00,2.173037377050443e+00,2.088661834604604e+00
9.521807906940827e-01,4.799808063750866e+00,-1.625351755735442e+00
2.534279619913968e+00,-3.465114428702423e+00,3.094435317737561e+00
1.040084890589197e+00,4.269206923158899e+00,-3.011601825531479e+00
3.224221661134537e+00,2.236394784190274e-01,-1.778138424522927e+00
5.381985783218257e+00,1.432180307300580e+00,1.759422301544918e+00
9.736809543982064e+00,3.778690069105128e+00,-1.921831449291775e+00
3.993702543513585e+00,-9.034582744768302e-01,1.245703460128990e+00
2.200399238546211e+00,-8.130742510994935e-01,2.233863416844188e+00
1.668017403708351e+00,2.718183634710041e-01,2.885328370662744e+00
1.730397661386760e+00,-4.808979155031494e+00,-1.618076328603948e-01
1.925976832614592e+00,-3.333819056649201e-02,2.960065919599501e+00
7.622670225374470e+00,-2.089127350057697e+00,-5.552934869719537e-01
6.102771143241992e-01,4.279541823917814e+00,-1.771053759623807e+00
9.974027069430342e+00,-4.122647012469686e+00,8.747358275065853e-02
5.226863911662612e+00,-4.067953798019817e-01,9.413672073319477e-01
5.442718943008257e+00,4.474681703773609e+00,-2.641242749575450e-01
3.575638786996048e+00,4.010352503184775e+00,4.208002759180531e-01
6.902553594121205e+00,2.013484423745502e+00,-5.252165634877355e-01
4.714563408807977e+00,8.936105199607471e-01,1.555839456833734e-01
3.290612849645498e+00,-2.192690628671599e+00,2.843742476067708e+00
2.651384037080429e+00,-1.330428872475452e+00,-1.060899902872947e-03
9.256512069332596e+00,-4.098651352458727e+00,-1.550818104645526e+00
2.909895150524202e+00,2.861082977582377e+00,1.625752970570141e+00
4.363932594298420e+00,-1.761302320961883e+00,-1.020486948524575e+00
3.503414021164683e+00,1.677818990302073e+00,1.986788249729788e+00
8.617882742803595e-01,-1.424052228013866e+00,-2.784443903575382e+00
1.859343944822671e+00,-3.566955860373735e-01,-1.054456868451827e+00
